[2026-08-18 02:07:49] GUI 已就绪：Breakout V16 + Grid V15 PF · 1m 精度止损 · 共享 Max2，50币，最多同时 2 仓。
[2026-08-18 02:07:49] 组合限制为最多 1 个 Breakout + 1 个 Grid，最后一格保持 Breakout 优先；非农追加仓禁用。
[2026-08-18 02:07:49] DRY-RUN、LIVE 与回测共用同一组合策略类；Breakout 使用 1m 软确认和交易所硬止损。
[2026-08-18 02:07:49] 默认 DRY-RUN 使用 200.00U 模拟本金和 Binance 主网公开行情，不发送真实订单。
[2026-08-18 02:07:51] 已切换到 LIVE：当前尚未启动，不会发送订单；点击“启动实盘”后会直接进入安全预检。
[2026-08-18 02:07:52] 正在执行 Binance 主网只读账户检查；不会发送或修改订单。
[2026-08-18 02:07:54] LIVE 账户只读刷新完成：权益=727.22U，持仓=0/2，累计盈亏=+27.43U（历史=+27.43U，持仓=+0.00U）；时间偏差=-2194ms。
[2026-08-18 02:07:55] 已请求启动 Breakout V16 + Grid V15 PF · 1m 精度止损 · 共享 Max2 · LIVE；交易引擎先以 STOPPED 状态加载。
[2026-08-18 02:07:55] Binance 时间校验完成：本机-服务器=-2192ms，签名请求已预留 2000ms 安全余量。
[2026-08-18 02:07:55] 启动命令："/Users/wangchenyu/Downloads/New project copy 20260604-122748 2/freqtrade_breakout_v9_grid_v7/.runtime/conda/bin/freqtrade" trade --no-color --config "/Users/wangchenyu/Downloads/New project copy 20260604-122748 2/freqtrade_breakout_v9_grid_v7/config.gui.json" --config "/Users/wangchenyu/Downloads/New project copy 20260604-122748 2/freqtrade_breakout_v9_grid_v7/user_data/logs/runtime/breakout_v16_grid_v15_combined_live_9703903a428382f1.json" --userdir "/Users/wangchenyu/Downloads/New project copy 20260604-122748 2/freqtrade_breakout_v9_grid_v7/user_data" --strategy BreakoutV16GridV15PrecisionGuardGlobalLiveParityFreqtrade --db-url "sqlite:////Users/wangchenyu/Downloads/New project copy 20260604-122748 2/freqtrade_breakout_v9_grid_v7/user_data/tradesv3.breakout_v16_grid_v15_combined.live.sqlite" --logfile "/Users/wangchenyu/Downloads/New project copy 20260604-122748 2/freqtrade_breakout_v9_grid_v7/user_data/logs/freqtrade_breakout_v16_grid_v15_combined_live.log"
[2026-08-18 02:07:55] 2026-08-18 02:07:55,757 - freqtrade - INFO - freqtrade 2026.6
[2026-08-18 02:07:58] 2026-08-18 02:07:58,341 - freqtrade.worker - INFO - Starting worker 2026.6
[2026-08-18 02:07:58] 2026-08-18 02:07:58,341 - freqtrade.configuration.load_config - INFO - Using config: /Users/wangchenyu/Downloads/New project copy 20260604-122748 2/freqtrade_breakout_v9_grid_v7/config.gui.json ...
[2026-08-18 02:07:58] 2026-08-18 02:07:58,342 - freqtrade.configuration.load_config - INFO - Using config: /Users/wangchenyu/Downloads/New project copy 20260604-122748
[2026-08-18 02:07:58] 2/freqtrade_breakout_v9_grid_v7/user_data/logs/runtime/breakout_v16_grid_v15_combined_live_9703903a428382f1.json ...
[2026-08-18 02:07:58] 2026-08-18 02:07:58,343 - freqtrade.configuration.environment_vars - INFO - Loading variable 'FREQTRADE__EXCHANGE__KEY'
[2026-08-18 02:07:58] 2026-08-18 02:07:58,343 - freqtrade.configuration.environment_vars - INFO - Key parts: ['EXCHANGE', 'KEY']
[2026-08-18 02:07:58] 2026-08-18 02:07:58,344 - freqtrade.configuration.environment_vars - INFO - Loading variable 'FREQTRADE__EXCHANGE__SECRET'
[2026-08-18 02:07:58] 2026-08-18 02:07:58,344 - freqtrade.configuration.environment_vars - INFO - Key parts: ['EXCHANGE', 'SECRET']
[2026-08-18 02:07:58] 2026-08-18 02:07:58,344 - freqtrade.configuration.configuration - INFO - Parameter --no-color detected ...
[2026-08-18 02:07:58] 2026-08-18 02:07:58,346 - freqtrade.loggers - INFO - Logfile configured
[2026-08-18 02:07:58] 2026-08-18 02:07:58,347 - freqtrade.loggers - INFO - Verbosity set to 0
[2026-08-18 02:07:58] 2026-08-18 02:07:58,347 - freqtrade.configuration.configuration - INFO - Runmode set to live.
[2026-08-18 02:07:58] 2026-08-18 02:07:58,348 - freqtrade.configuration.configuration - INFO - Parameter --db-url detected ...
[2026-08-18 02:07:58] 2026-08-18 02:07:58,348 - freqtrade.configuration.configuration - INFO - Dry run is disabled
[2026-08-18 02:07:58] 2026-08-18 02:07:58,348 - freqtrade.configuration.configuration - INFO - Using DB: "sqlite:////Users/wangchenyu/Downloads/New project copy 20260604-122748
[2026-08-18 02:07:58] 2/freqtrade_breakout_v9_grid_v7/user_data/tradesv3.breakout_v16_grid_v15_combined.live.sqlite"
[2026-08-18 02:07:58] 2026-08-18 02:07:58,349 - freqtrade.configuration.configuration - INFO - Using max_open_trades: 2 ...
[2026-08-18 02:07:58] 2026-08-18 02:07:58,349 - freqtrade.configuration.configuration - INFO - Using user-data directory: /Users/wangchenyu/Downloads/New project copy 20260604-122748
[2026-08-18 02:07:58] 2/freqtrade_breakout_v9_grid_v7/user_data ...
[2026-08-18 02:07:58] 2026-08-18 02:07:58,350 - freqtrade.configuration.configuration - INFO - Using data directory: /Users/wangchenyu/Downloads/New project copy 20260604-122748
[2026-08-18 02:07:58] 2/freqtrade_breakout_v9_grid_v7/user_data/data/binance ...
[2026-08-18 02:07:58] 2026-08-18 02:07:58,350 - freqtrade.exchange.check_exchange - INFO - Checking exchange...
[2026-08-18 02:07:58] 2026-08-18 02:07:58,358 - freqtrade.exchange.check_exchange - INFO - Exchange "binance" is officially supported by the Freqtrade development team.
[2026-08-18 02:07:58] 2026-08-18 02:07:58,359 - freqtrade.configuration.configuration - INFO - Using pairlist from configuration.
[2026-08-18 02:07:58] 2026-08-18 02:07:58,360 - freqtrade.exchange.exchange - INFO - Using CCXT 4.5.69
[2026-08-18 02:07:58] 2026-08-18 02:07:58,360 - freqtrade.exchange.exchange - INFO - Applying additional ccxt config: {'options': {'defaultType': 'future', 'adjustForTimeDifference': False, 'setMarginMode':
[2026-08-18 02:07:58] {'throwMarginModeAlreadySet': False}, 'timeDifference': -192}, 'enableRateLimit': True}
[2026-08-18 02:07:58] 2026-08-18 02:07:58,367 - freqtrade.exchange.exchange - INFO - Applying additional ccxt config: {'options': {'defaultType': 'future', 'adjustForTimeDifference': False, 'setMarginMode':
[2026-08-18 02:07:58] {'throwMarginModeAlreadySet': False}, 'timeDifference': -192}, 'enableRateLimit': True}
[2026-08-18 02:07:58] 2026-08-18 02:07:58,375 - freqtrade.exchange.exchange - INFO - Using Exchange "Binance"
[2026-08-18 02:08:02] 2026-08-18 02:08:02,500 - freqtrade.resolvers.exchange_resolver - INFO - Using resolved exchange 'Binance'...
[2026-08-18 02:08:02] 2026-08-18 02:08:02,572 - freqtrade.resolvers.iresolver - INFO - Using resolved strategy BreakoutV16GridV15PrecisionGuardGlobalLiveParityFreqtrade from '/Users/wangchenyu/Downloads/New project copy
[2026-08-18 02:08:02] 20260604-122748 2/freqtrade_breakout_v9_grid_v7/user_data/strategies/BreakoutV16GridV15PrecisionGuardLiveParityFreqtrade.py'...
[2026-08-18 02:08:02] 2026-08-18 02:08:02,573 - freqtrade.strategy.hyper - INFO - Found no parameter file.
[2026-08-18 02:08:02] 2026-08-18 02:08:02,575 - freqtrade.resolvers.strategy_resolver - INFO - Override strategy 'timeframe' with value from the configuration: 1h.
[2026-08-18 02:08:02] 2026-08-18 02:08:02,575 - freqtrade.resolvers.strategy_resolver - INFO - Override strategy 'stake_currency' with value from the configuration: USDT.
[2026-08-18 02:08:02] 2026-08-18 02:08:02,576 - freqtrade.resolvers.strategy_resolver - INFO - Override strategy 'stake_amount' with value from the configuration: unlimited.
[2026-08-18 02:08:02] 2026-08-18 02:08:02,576 - freqtrade.resolvers.strategy_resolver - INFO - Override strategy 'unfilledtimeout' with value from the configuration: {'entry': 10, 'exit': 10, 'exit_timeout_count': 0,
[2026-08-18 02:08:02] 'unit': 'minutes'}.
[2026-08-18 02:08:02] 2026-08-18 02:08:02,577 - freqtrade.resolvers.strategy_resolver - INFO - Override strategy 'max_open_trades' with value from the configuration: 2.
[2026-08-18 02:08:02] 2026-08-18 02:08:02,577 - freqtrade.resolvers.strategy_resolver - INFO - Strategy using minimal_roi: {'0': 1000.0}
[2026-08-18 02:08:02] 2026-08-18 02:08:02,578 - freqtrade.resolvers.strategy_resolver - INFO - Strategy using timeframe: 1h
[2026-08-18 02:08:02] 2026-08-18 02:08:02,578 - freqtrade.resolvers.strategy_resolver - INFO - Strategy using stoploss: -0.99
[2026-08-18 02:08:02] 2026-08-18 02:08:02,578 - freqtrade.resolvers.strategy_resolver - INFO - Strategy using trailing_stop: False
[2026-08-18 02:08:02] 2026-08-18 02:08:02,579 - freqtrade.resolvers.strategy_resolver - INFO - Strategy using trailing_stop_positive_offset: 0.0
[2026-08-18 02:08:02] 2026-08-18 02:08:02,579 - freqtrade.resolvers.strategy_resolver - INFO - Strategy using trailing_only_offset_is_reached: False
[2026-08-18 02:08:02] 2026-08-18 02:08:02,580 - freqtrade.resolvers.strategy_resolver - INFO - Strategy using use_custom_stoploss: True
[2026-08-18 02:08:02] 2026-08-18 02:08:02,580 - freqtrade.resolvers.strategy_resolver - INFO - Strategy using process_only_new_candles: True
[2026-08-18 02:08:02] 2026-08-18 02:08:02,580 - freqtrade.resolvers.strategy_resolver - INFO - Strategy using order_types: {'entry': 'market', 'exit': 'market', 'stoploss': 'market', 'stoploss_on_exchange': True,
[2026-08-18 02:08:02] 'stoploss_on_exchange_interval': 30, 'stoploss_price_type': 'last'}
[2026-08-18 02:08:02] 2026-08-18 02:08:02,581 - freqtrade.resolvers.strategy_resolver - INFO - Strategy using order_time_in_force: {'entry': 'GTC', 'exit': 'GTC'}
[2026-08-18 02:08:02] 2026-08-18 02:08:02,581 - freqtrade.resolvers.strategy_resolver - INFO - Strategy using stake_currency: USDT
[2026-08-18 02:08:02] 2026-08-18 02:08:02,582 - freqtrade.resolvers.strategy_resolver - INFO - Strategy using stake_amount: unlimited
[2026-08-18 02:08:02] 2026-08-18 02:08:02,582 - freqtrade.resolvers.strategy_resolver - INFO - Strategy using startup_candle_count: 600
[2026-08-18 02:08:02] 2026-08-18 02:08:02,582 - freqtrade.resolvers.strategy_resolver - INFO - Strategy using unfilledtimeout: {'entry': 10, 'exit': 10, 'exit_timeout_count': 0, 'unit': 'minutes'}
[2026-08-18 02:08:02] 2026-08-18 02:08:02,583 - freqtrade.resolvers.strategy_resolver - INFO - Strategy using use_exit_signal: True
[2026-08-18 02:08:02] 2026-08-18 02:08:02,583 - freqtrade.resolvers.strategy_resolver - INFO - Strategy using exit_profit_only: False
[2026-08-18 02:08:02] 2026-08-18 02:08:02,583 - freqtrade.resolvers.strategy_resolver - INFO - Strategy using ignore_roi_if_entry_signal: False
[2026-08-18 02:08:02] 2026-08-18 02:08:02,583 - freqtrade.resolvers.strategy_resolver - INFO - Strategy using exit_profit_offset: 0.0
[2026-08-18 02:08:02] 2026-08-18 02:08:02,584 - freqtrade.resolvers.strategy_resolver - INFO - Strategy using disable_dataframe_checks: False
[2026-08-18 02:08:02] 2026-08-18 02:08:02,584 - freqtrade.resolvers.strategy_resolver - INFO - Strategy using ignore_buying_expired_candle_after: 30
[2026-08-18 02:08:02] 2026-08-18 02:08:02,584 - freqtrade.resolvers.strategy_resolver - INFO - Strategy using position_adjustment_enable: True
[2026-08-18 02:08:02] 2026-08-18 02:08:02,585 - freqtrade.resolvers.strategy_resolver - INFO - Strategy using max_entry_position_adjustment: 2
[2026-08-18 02:08:02] 2026-08-18 02:08:02,585 - freqtrade.resolvers.strategy_resolver - INFO - Strategy using max_open_trades: 2
[2026-08-18 02:08:02] 2026-08-18 02:08:02,586 - freqtrade.configuration.config_validation - INFO - Validating configuration ...
[2026-08-18 02:08:02] 2026-08-18 02:08:02,591 - freqtrade.exchange.exchange - WARNING - Using 2 calls to get OHLCV. This can result in slower operations for the bot. Please check if you really need 600 candles for your
[2026-08-18 02:08:02] strategy.
[2026-08-18 02:08:02] 2026-08-18 02:08:02,751 - freqtrade.wallets - INFO - Wallets synced.
[2026-08-18 02:08:02] 2026-08-18 02:08:02,752 - freqtrade.rpc.rpc_manager - INFO - Enabling rpc.api_server
[2026-08-18 02:08:03] 2026-08-18 02:08:02,964 - freqtrade.rpc.api_server.webserver - INFO - Starting HTTP Server at 127.0.0.1:49900
[2026-08-18 02:08:03] 2026-08-18 02:08:02,964 - freqtrade.rpc.api_server.webserver - INFO - Starting Local Rest Server.
[2026-08-18 02:08:03] 2026-08-18 02:08:02,993 - uvicorn.error - INFO - Started server process [22484]
[2026-08-18 02:08:03] 2026-08-18 02:08:02,993 - uvicorn.error - INFO - Waiting for application startup.
[2026-08-18 02:08:03] 2026-08-18 02:08:02,994 - uvicorn.error - INFO - Application startup complete.
[2026-08-18 02:08:03] 2026-08-18 02:08:02,995 - uvicorn.error - INFO - Uvicorn running on http://127.0.0.1:49900 (Press CTRL+C to quit)
[2026-08-18 02:08:03] 2026-08-18 02:08:03,006 - freqtrade.resolvers.iresolver - INFO - Using resolved pairlist StaticPairList from '/Users/wangchenyu/Downloads/New project copy 20260604-122748
[2026-08-18 02:08:03] 2/freqtrade_breakout_v9_grid_v7/.runtime/conda/lib/python3.12/site-packages/freqtrade/plugins/pairlist/StaticPairList.py'...
[2026-08-18 02:08:03] 2026-08-18 02:08:03,007 - freqtrade.freqtradebot - INFO - Starting initial pairlist refresh
[2026-08-18 02:08:03] 2026-08-18 02:08:03,056 - freqtrade.plugins.pairlistmanager - INFO - Whitelist with 50 pairs: ['BTC/USDT:USDT', 'ETH/USDT:USDT', 'SOL/USDT:USDT', 'ZEC/USDT:USDT', 'HYPE/USDT:USDT', 'XRP/USDT:USDT',
[2026-08-18 02:08:03] 'DOGE/USDT:USDT', 'BNB/USDT:USDT', 'SIREN/USDT:USDT', '1000PEPE/USDT:USDT', 'TAO/USDT:USDT', 'NEAR/USDT:USDT', 'WLD/USDT:USDT', 'SUI/USDT:USDT', 'ADA/USDT:USDT', 'SEI/USDT:USDT', 'AVAX/USDT:USDT',
[2026-08-18 02:08:03] 'ENA/USDT:USDT', 'LINK/USDT:USDT', 'FIL/USDT:USDT', 'XLM/USDT:USDT', 'BCH/USDT:USDT', 'ONDO/USDT:USDT', 'TRUMP/USDT:USDT', 'AAVE/USDT:USDT', 'DOT/USDT:USDT', 'PENGU/USDT:USDT', 'LTC/USDT:USDT',
[2026-08-18 02:08:03] 'TRX/USDT:USDT', 'FET/USDT:USDT', 'UNI/USDT:USDT', 'INJ/USDT:USDT', 'DASH/USDT:USDT', 'B/USDT:USDT', 'ARB/USDT:USDT', '1000SHIB/USDT:USDT', 'APE/USDT:USDT', 'XMR/USDT:USDT', 'APT/USDT:USDT',
[2026-08-18 02:08:03] 'WIF/USDT:USDT', 'ICP/USDT:USDT', 'ETC/USDT:USDT', 'VIRTUAL/USDT:USDT', 'HBAR/USDT:USDT', 'RENDER/USDT:USDT', 'CRV/USDT:USDT', 'JTO/USDT:USDT', 'OP/USDT:USDT', 'CHZ/USDT:USDT', '1000BONK/USDT:USDT']
[2026-08-18 02:08:03] 2026-08-18 02:08:03,057 - freqtrade.freqtradebot - INFO - Initial Pairlist refresh took 0.05s
[2026-08-18 02:08:03] 2026-08-18 02:08:03,059 - BreakoutV11AdaptiveGridV8DualSideFreqtrade - INFO - v11 live high-water restored: 740.51967854 USDT
[2026-08-18 02:08:03] 2026-08-18 02:08:03,060 - freqtrade.plugins.protectionmanager - INFO - No protection Handlers defined.
[2026-08-18 02:08:03] 2026-08-18 02:08:03,060 - freqtrade.rpc.rpc_manager - INFO - Sending rpc message: {'type': status, 'status': 'stopped'}
[2026-08-18 02:08:03] 2026-08-18 02:08:03,061 - freqtrade.worker - INFO - Changing state to: STOPPED
[2026-08-18 02:08:03] Breakout V16 + Grid V15 PF · 1m 精度止损 · 共享 Max2 LIVE 已启动：starting trader ...
[2026-08-18 02:08:03] 交易所 STOP_MARKET 硬止损已启用；1分钟软确认和动态盈利保护仍需进程在线。
[2026-08-18 02:08:08] 2026-08-18 02:08:08,066 - freqtrade.worker - INFO - Bot heartbeat. PID=22484, version='2026.6', state='STOPPED'
[2026-08-18 02:08:08] 2026-08-18 02:08:08,068 - freqtrade.rpc.rpc_manager - INFO - Sending rpc message: {'type': status, 'status': 'running'}
[2026-08-18 02:08:08] 2026-08-18 02:08:08,070 - freqtrade.worker - INFO - Changing state from STOPPED to: RUNNING
[2026-08-18 02:08:08] 2026-08-18 02:08:08,081 - freqtrade.rpc.rpc_manager - INFO - Sending rpc message: {'type': startup, 'status': "*Exchange:* `binance`\n*Stake per trade:* `unlimited USDT`\n*Minimum ROI:* `{'0':
[2026-08-18 02:08:08] 1000.0}`\n*Stoploss:* `-0.99`\n*Position adjustment:* `On`\n*Timeframe:* `1h`\n*Strategy:* `BreakoutV16GridV15PrecisionGuardGlobalLiveParityFreqtrade`"}
[2026-08-18 02:08:08] 2026-08-18 02:08:08,083 - freqtrade.rpc.rpc_manager - INFO - Sending rpc message: {'type': startup, 'status': "Searching for USDT pairs to buy and sell based on [{'StaticPairList':
[2026-08-18 02:08:08] 'StaticPairList'}]"}
[2026-08-18 02:08:08] 2026-08-18 02:08:08,092 - freqtrade.freqtradebot - INFO - Updating 1 open orders.
[2026-08-18 02:08:48] 2026-08-18 02:08:47,956 - BreakoutV10FGridV8DualSideFreqtrade - INFO - LIVE context synchronized: target=2026-08-17 16:00:00+00:00 pairs=50 candidates=none
[2026-08-18 02:08:48] 2026-08-18 02:08:48,050 - freqtrade.worker - INFO - Bot heartbeat. PID=22484, version='2026.6', state='RUNNING'
[2026-08-18 02:09:48] 2026-08-18 02:09:48,086 - freqtrade.worker - INFO - Bot heartbeat. PID=22484, version='2026.6', state='RUNNING'
[2026-08-18 02:10:48] 2026-08-18 02:10:48,130 - freqtrade.worker - INFO - Bot heartbeat. PID=22484, version='2026.6', state='RUNNING'
[2026-08-18 02:11:48] 2026-08-18 02:11:48,173 - freqtrade.worker - INFO - Bot heartbeat. PID=22484, version='2026.6', state='RUNNING'
[2026-08-18 02:12:48] 2026-08-18 02:12:48,223 - freqtrade.worker - INFO - Bot heartbeat. PID=22484, version='2026.6', state='RUNNING'
[2026-08-18 02:13:48] 2026-08-18 02:13:48,283 - freqtrade.worker - INFO - Bot heartbeat. PID=22484, version='2026.6', state='RUNNING'
[2026-08-18 02:14:48] 2026-08-18 02:14:48,365 - freqtrade.worker - INFO - Bot heartbeat. PID=22484, version='2026.6', state='RUNNING'
[2026-08-18 02:15:50] 2026-08-18 02:15:50,022 - freqtrade.worker - INFO - Bot heartbeat. PID=22484, version='2026.6', state='RUNNING'
[2026-08-18 02:16:50] 2026-08-18 02:16:50,103 - freqtrade.worker - INFO - Bot heartbeat. PID=22484, version='2026.6', state='RUNNING'
[2026-08-18 02:17:50] 2026-08-18 02:17:50,177 - freqtrade.worker - INFO - Bot heartbeat. PID=22484, version='2026.6', state='RUNNING'
[2026-08-18 02:18:50] 2026-08-18 02:18:50,266 - freqtrade.worker - INFO - Bot heartbeat. PID=22484, version='2026.6', state='RUNNING'
[2026-08-18 02:19:52] 2026-08-18 02:19:52,391 - freqtrade.worker - INFO - Bot heartbeat. PID=22484, version='2026.6', state='RUNNING'
[2026-08-18 02:20:52] 2026-08-18 02:20:52,491 - freqtrade.worker - INFO - Bot heartbeat. PID=22484, version='2026.6', state='RUNNING'
[2026-08-18 02:21:52] 2026-08-18 02:21:52,575 - freqtrade.worker - INFO - Bot heartbeat. PID=22484, version='2026.6', state='RUNNING'
[2026-08-18 02:22:52] 2026-08-18 02:22:52,678 - freqtrade.worker - INFO - Bot heartbeat. PID=22484, version='2026.6', state='RUNNING'
[2026-08-18 02:23:52] 2026-08-18 02:23:52,753 - freqtrade.worker - INFO - Bot heartbeat. PID=22484, version='2026.6', state='RUNNING'
[2026-08-18 02:24:52] 2026-08-18 02:24:52,835 - freqtrade.worker - INFO - Bot heartbeat. PID=22484, version='2026.6', state='RUNNING'
[2026-08-18 02:25:52] 2026-08-18 02:25:52,920 - freqtrade.worker - INFO - Bot heartbeat. PID=22484, version='2026.6', state='RUNNING'
[2026-08-18 02:26:53] 2026-08-18 02:26:53,021 - freqtrade.worker - INFO - Bot heartbeat. PID=22484, version='2026.6', state='RUNNING'
[2026-08-18 02:27:53] 2026-08-18 02:27:53,070 - freqtrade.worker - INFO - Bot heartbeat. PID=22484, version='2026.6', state='RUNNING'
[2026-08-18 02:28:53] 2026-08-18 02:28:53,158 - freqtrade.worker - INFO - Bot heartbeat. PID=22484, version='2026.6', state='RUNNING'
[2026-08-18 02:29:53] 2026-08-18 02:29:53,247 - freqtrade.worker - INFO - Bot heartbeat. PID=22484, version='2026.6', state='RUNNING'
[2026-08-18 02:30:54] 2026-08-18 02:30:54,920 - freqtrade.worker - INFO - Bot heartbeat. PID=22484, version='2026.6', state='RUNNING'
[2026-08-18 02:31:06] 2026-08-18 02:31:06,307 - freqtrade.wallets - INFO - Wallets synced.
[2026-08-18 02:31:55] 2026-08-18 02:31:55,016 - freqtrade.worker - INFO - Bot heartbeat. PID=22484, version='2026.6', state='RUNNING'
[2026-08-18 02:32:55] 2026-08-18 02:32:55,114 - freqtrade.worker - INFO - Bot heartbeat. PID=22484, version='2026.6', state='RUNNING'
[2026-08-18 02:33:55] 2026-08-18 02:33:55,205 - freqtrade.worker - INFO - Bot heartbeat. PID=22484, version='2026.6', state='RUNNING'
[2026-08-18 02:34:55] 2026-08-18 02:34:55,273 - freqtrade.worker - INFO - Bot heartbeat. PID=22484, version='2026.6', state='RUNNING'
[2026-08-18 02:35:55] 2026-08-18 02:35:55,360 - freqtrade.worker - INFO - Bot heartbeat. PID=22484, version='2026.6', state='RUNNING'
[2026-08-18 02:36:55] 2026-08-18 02:36:55,453 - freqtrade.worker - INFO - Bot heartbeat. PID=22484, version='2026.6', state='RUNNING'
[2026-08-18 02:37:55] 2026-08-18 02:37:55,538 - freqtrade.worker - INFO - Bot heartbeat. PID=22484, version='2026.6', state='RUNNING'
[2026-08-18 02:38:55] 2026-08-18 02:38:55,610 - freqtrade.worker - INFO - Bot heartbeat. PID=22484, version='2026.6', state='RUNNING'
[2026-08-18 02:39:55] 2026-08-18 02:39:55,703 - freqtrade.worker - INFO - Bot heartbeat. PID=22484, version='2026.6', state='RUNNING'
[2026-08-18 02:40:55] 2026-08-18 02:40:55,784 - freqtrade.worker - INFO - Bot heartbeat. PID=22484, version='2026.6', state='RUNNING'
[2026-08-18 02:41:55] 2026-08-18 02:41:55,884 - freqtrade.worker - INFO - Bot heartbeat. PID=22484, version='2026.6', state='RUNNING'
[2026-08-18 02:42:56] 2026-08-18 02:42:55,964 - freqtrade.worker - INFO - Bot heartbeat. PID=22484, version='2026.6', state='RUNNING'
[2026-08-18 02:43:56] 2026-08-18 02:43:56,040 - freqtrade.worker - INFO - Bot heartbeat. PID=22484, version='2026.6', state='RUNNING'
[2026-08-18 02:44:56] 2026-08-18 02:44:56,137 - freqtrade.worker - INFO - Bot heartbeat. PID=22484, version='2026.6', state='RUNNING'
[2026-08-18 02:45:57] 2026-08-18 02:45:57,809 - freqtrade.worker - INFO - Bot heartbeat. PID=22484, version='2026.6', state='RUNNING'
[2026-08-18 02:46:57] 2026-08-18 02:46:57,888 - freqtrade.worker - INFO - Bot heartbeat. PID=22484, version='2026.6', state='RUNNING'
[2026-08-18 02:47:58] 2026-08-18 02:47:57,973 - freqtrade.worker - INFO - Bot heartbeat. PID=22484, version='2026.6', state='RUNNING'
[2026-08-18 02:48:58] 2026-08-18 02:48:58,071 - freqtrade.worker - INFO - Bot heartbeat. PID=22484, version='2026.6', state='RUNNING'
[2026-08-18 02:49:58] 2026-08-18 02:49:58,125 - freqtrade.worker - INFO - Bot heartbeat. PID=22484, version='2026.6', state='RUNNING'
[2026-08-18 02:50:58] 2026-08-18 02:50:58,198 - freqtrade.worker - INFO - Bot heartbeat. PID=22484, version='2026.6', state='RUNNING'
[2026-08-18 02:51:58] 2026-08-18 02:51:58,285 - freqtrade.worker - INFO - Bot heartbeat. PID=22484, version='2026.6', state='RUNNING'
[2026-08-18 02:52:58] 2026-08-18 02:52:58,382 - freqtrade.worker - INFO - Bot heartbeat. PID=22484, version='2026.6', state='RUNNING'
[2026-08-18 02:53:58] 2026-08-18 02:53:58,474 - freqtrade.worker - INFO - Bot heartbeat. PID=22484, version='2026.6', state='RUNNING'
[2026-08-18 02:54:58] 2026-08-18 02:54:58,545 - freqtrade.worker - INFO - Bot heartbeat. PID=22484, version='2026.6', state='RUNNING'
[2026-08-18 02:55:58] 2026-08-18 02:55:58,632 - freqtrade.worker - INFO - Bot heartbeat. PID=22484, version='2026.6', state='RUNNING'
[2026-08-18 02:56:58] 2026-08-18 02:56:58,739 - freqtrade.worker - INFO - Bot heartbeat. PID=22484, version='2026.6', state='RUNNING'
[2026-08-18 02:57:58] 2026-08-18 02:57:58,821 - freqtrade.worker - INFO - Bot heartbeat. PID=22484, version='2026.6', state='RUNNING'
[2026-08-18 02:58:58] 2026-08-18 02:58:58,925 - freqtrade.worker - INFO - Bot heartbeat. PID=22484, version='2026.6', state='RUNNING'
[2026-08-18 02:59:59] 2026-08-18 02:59:59,014 - freqtrade.worker - INFO - Bot heartbeat. PID=22484, version='2026.6', state='RUNNING'
[2026-08-18 03:00:18] 2026-08-18 03:00:18,481 - BreakoutV16GridV15QualityPfCombinedLiveParityFreqtrade - INFO - V16+Grid LIVE full context waiting: target=2026-08-17 17:00:00+00:00 ready=36/50
[2026-08-18 03:00:18] missing_or_stale=1000SHIB/USDT:USDT,ADA/USDT:USDT,B/USDT:USDT,CRV/USDT:USDT,DOGE/USDT:USDT,FIL/USDT:USDT,HBAR/USDT:USDT,JTO/USDT:USDT,SIREN/USDT:USDT,SOL/USDT:USDT,TAO/USDT:USDT,TRUMP/USDT:USDT,XLM/US
[2026-08-18 03:00:18] DT:USDT,XMR/USDT:USDT
[2026-08-18 03:00:33] 2026-08-18 03:00:33,134 - BreakoutV10FGridV8DualSideFreqtrade - INFO - LIVE context synchronized: target=2026-08-17 17:00:00+00:00 pairs=50 candidates=none
[2026-08-18 03:01:03] 2026-08-18 03:01:03,266 - freqtrade.worker - INFO - Bot heartbeat. PID=22484, version='2026.6', state='RUNNING'
[2026-08-18 03:01:04] 2026-08-18 03:01:04,355 - freqtrade.wallets - INFO - Wallets synced.
[2026-08-18 03:02:03] 2026-08-18 03:02:03,344 - freqtrade.worker - INFO - Bot heartbeat. PID=22484, version='2026.6', state='RUNNING'
[2026-08-18 03:03:03] 2026-08-18 03:03:03,437 - freqtrade.worker - INFO - Bot heartbeat. PID=22484, version='2026.6', state='RUNNING'
[2026-08-18 03:04:03] 2026-08-18 03:04:03,521 - freqtrade.worker - INFO - Bot heartbeat. PID=22484, version='2026.6', state='RUNNING'
[2026-08-18 03:05:03] 2026-08-18 03:05:03,547 - freqtrade.worker - INFO - Bot heartbeat. PID=22484, version='2026.6', state='RUNNING'
[2026-08-18 03:06:03] 2026-08-18 03:06:03,643 - freqtrade.worker - INFO - Bot heartbeat. PID=22484, version='2026.6', state='RUNNING'
[2026-08-18 03:07:03] 2026-08-18 03:07:03,721 - freqtrade.worker - INFO - Bot heartbeat. PID=22484, version='2026.6', state='RUNNING'
[2026-08-18 03:08:03] 2026-08-18 03:08:03,826 - freqtrade.worker - INFO - Bot heartbeat. PID=22484, version='2026.6', state='RUNNING'
[2026-08-18 03:08:05] 2026-08-18 03:08:05,809 - freqtrade.plugins.pairlistmanager - INFO - Whitelist with 50 pairs: ['BTC/USDT:USDT', 'ETH/USDT:USDT', 'SOL/USDT:USDT', 'ZEC/USDT:USDT', 'HYPE/USDT:USDT', 'XRP/USDT:USDT',
[2026-08-18 03:08:05] 'DOGE/USDT:USDT', 'BNB/USDT:USDT', 'SIREN/USDT:USDT', '1000PEPE/USDT:USDT', 'TAO/USDT:USDT', 'NEAR/USDT:USDT', 'WLD/USDT:USDT', 'SUI/USDT:USDT', 'ADA/USDT:USDT', 'SEI/USDT:USDT', 'AVAX/USDT:USDT',
[2026-08-18 03:08:05] 'ENA/USDT:USDT', 'LINK/USDT:USDT', 'FIL/USDT:USDT', 'XLM/USDT:USDT', 'BCH/USDT:USDT', 'ONDO/USDT:USDT', 'TRUMP/USDT:USDT', 'AAVE/USDT:USDT', 'DOT/USDT:USDT', 'PENGU/USDT:USDT', 'LTC/USDT:USDT',
[2026-08-18 03:08:05] 'TRX/USDT:USDT', 'FET/USDT:USDT', 'UNI/USDT:USDT', 'INJ/USDT:USDT', 'DASH/USDT:USDT', 'B/USDT:USDT', 'ARB/USDT:USDT', '1000SHIB/USDT:USDT', 'APE/USDT:USDT', 'XMR/USDT:USDT', 'APT/USDT:USDT',
[2026-08-18 03:08:05] 'WIF/USDT:USDT', 'ICP/USDT:USDT', 'ETC/USDT:USDT', 'VIRTUAL/USDT:USDT', 'HBAR/USDT:USDT', 'RENDER/USDT:USDT', 'CRV/USDT:USDT', 'JTO/USDT:USDT', 'OP/USDT:USDT', 'CHZ/USDT:USDT', '1000BONK/USDT:USDT']
[2026-08-18 03:09:03] 2026-08-18 03:09:03,922 - freqtrade.worker - INFO - Bot heartbeat. PID=22484, version='2026.6', state='RUNNING'
[2026-08-18 03:10:04] 2026-08-18 03:10:04,017 - freqtrade.worker - INFO - Bot heartbeat. PID=22484, version='2026.6', state='RUNNING'
[2026-08-18 03:11:04] 2026-08-18 03:11:04,097 - freqtrade.worker - INFO - Bot heartbeat. PID=22484, version='2026.6', state='RUNNING'
[2026-08-18 03:12:04] 2026-08-18 03:12:04,177 - freqtrade.worker - INFO - Bot heartbeat. PID=22484, version='2026.6', state='RUNNING'
[2026-08-18 03:13:04] 2026-08-18 03:13:04,287 - freqtrade.worker - INFO - Bot heartbeat. PID=22484, version='2026.6', state='RUNNING'
[2026-08-18 03:14:04] 2026-08-18 03:14:04,387 - freqtrade.worker - INFO - Bot heartbeat. PID=22484, version='2026.6', state='RUNNING'
[2026-08-18 03:15:04] 2026-08-18 03:15:04,462 - freqtrade.worker - INFO - Bot heartbeat. PID=22484, version='2026.6', state='RUNNING'
[2026-08-18 03:16:06] 2026-08-18 03:16:06,078 - freqtrade.worker - INFO - Bot heartbeat. PID=22484, version='2026.6', state='RUNNING'
[2026-08-18 03:17:06] 2026-08-18 03:17:06,187 - freqtrade.worker - INFO - Bot heartbeat. PID=22484, version='2026.6', state='RUNNING'
[2026-08-18 03:18:06] 2026-08-18 03:18:06,263 - freqtrade.worker - INFO - Bot heartbeat. PID=22484, version='2026.6', state='RUNNING'
[2026-08-18 03:19:06] 2026-08-18 03:19:06,356 - freqtrade.worker - INFO - Bot heartbeat. PID=22484, version='2026.6', state='RUNNING'
[2026-08-18 03:20:06] 2026-08-18 03:20:06,445 - freqtrade.worker - INFO - Bot heartbeat. PID=22484, version='2026.6', state='RUNNING'
[2026-08-18 03:21:06] 2026-08-18 03:21:06,531 - freqtrade.worker - INFO - Bot heartbeat. PID=22484, version='2026.6', state='RUNNING'
[2026-08-18 03:22:06] 2026-08-18 03:22:06,615 - freqtrade.worker - INFO - Bot heartbeat. PID=22484, version='2026.6', state='RUNNING'
[2026-08-18 03:23:06] 2026-08-18 03:23:06,693 - freqtrade.worker - INFO - Bot heartbeat. PID=22484, version='2026.6', state='RUNNING'
[2026-08-18 03:24:06] 2026-08-18 03:24:06,796 - freqtrade.worker - INFO - Bot heartbeat. PID=22484, version='2026.6', state='RUNNING'
[2026-08-18 03:25:06] 2026-08-18 03:25:06,886 - freqtrade.worker - INFO - Bot heartbeat. PID=22484, version='2026.6', state='RUNNING'
[2026-08-18 03:26:07] 2026-08-18 03:26:06,963 - freqtrade.worker - INFO - Bot heartbeat. PID=22484, version='2026.6', state='RUNNING'
[2026-08-18 03:27:07] 2026-08-18 03:27:07,034 - freqtrade.worker - INFO - Bot heartbeat. PID=22484, version='2026.6', state='RUNNING'
[2026-08-18 03:28:07] 2026-08-18 03:28:07,120 - freqtrade.worker - INFO - Bot heartbeat. PID=22484, version='2026.6', state='RUNNING'
[2026-08-18 03:29:07] 2026-08-18 03:29:07,205 - freqtrade.worker - INFO - Bot heartbeat. PID=22484, version='2026.6', state='RUNNING'
[2026-08-18 03:30:08] 2026-08-18 03:30:08,873 - freqtrade.worker - INFO - Bot heartbeat. PID=22484, version='2026.6', state='RUNNING'
[2026-08-18 03:31:05] 2026-08-18 03:31:05,353 - freqtrade.wallets - INFO - Wallets synced.
[2026-08-18 03:31:09] 2026-08-18 03:31:08,965 - freqtrade.worker - INFO - Bot heartbeat. PID=22484, version='2026.6', state='RUNNING'
[2026-08-18 03:32:09] 2026-08-18 03:32:09,064 - freqtrade.worker - INFO - Bot heartbeat. PID=22484, version='2026.6', state='RUNNING'
[2026-08-18 03:33:09] 2026-08-18 03:33:09,165 - freqtrade.worker - INFO - Bot heartbeat. PID=22484, version='2026.6', state='RUNNING'
[2026-08-18 03:34:09] 2026-08-18 03:34:09,257 - freqtrade.worker - INFO - Bot heartbeat. PID=22484, version='2026.6', state='RUNNING'
[2026-08-18 03:35:09] 2026-08-18 03:35:09,347 - freqtrade.worker - INFO - Bot heartbeat. PID=22484, version='2026.6', state='RUNNING'
[2026-08-18 03:36:09] 2026-08-18 03:36:09,437 - freqtrade.worker - INFO - Bot heartbeat. PID=22484, version='2026.6', state='RUNNING'
[2026-08-18 03:37:09] 2026-08-18 03:37:09,519 - freqtrade.worker - INFO - Bot heartbeat. PID=22484, version='2026.6', state='RUNNING'
[2026-08-18 03:38:09] 2026-08-18 03:38:09,614 - freqtrade.worker - INFO - Bot heartbeat. PID=22484, version='2026.6', state='RUNNING'
[2026-08-18 03:39:09] 2026-08-18 03:39:09,694 - freqtrade.worker - INFO - Bot heartbeat. PID=22484, version='2026.6', state='RUNNING'
[2026-08-18 03:40:09] 2026-08-18 03:40:09,770 - freqtrade.worker - INFO - Bot heartbeat. PID=22484, version='2026.6', state='RUNNING'
[2026-08-18 03:41:09] 2026-08-18 03:41:09,870 - freqtrade.worker - INFO - Bot heartbeat. PID=22484, version='2026.6', state='RUNNING'
[2026-08-18 03:42:09] 2026-08-18 03:42:09,885 - freqtrade.worker - INFO - Bot heartbeat. PID=22484, version='2026.6', state='RUNNING'
[2026-08-18 03:43:10] 2026-08-18 03:43:09,982 - freqtrade.worker - INFO - Bot heartbeat. PID=22484, version='2026.6', state='RUNNING'
[2026-08-18 03:44:10] 2026-08-18 03:44:10,053 - freqtrade.worker - INFO - Bot heartbeat. PID=22484, version='2026.6', state='RUNNING'
[2026-08-18 03:45:12] 2026-08-18 03:45:12,136 - freqtrade.worker - INFO - Bot heartbeat. PID=22484, version='2026.6', state='RUNNING'
[2026-08-18 03:46:12] 2026-08-18 03:46:12,241 - freqtrade.worker - INFO - Bot heartbeat. PID=22484, version='2026.6', state='RUNNING'
[2026-08-18 03:47:12] 2026-08-18 03:47:12,316 - freqtrade.worker - INFO - Bot heartbeat. PID=22484, version='2026.6', state='RUNNING'
[2026-08-18 03:48:12] 2026-08-18 03:48:12,402 - freqtrade.worker - INFO - Bot heartbeat. PID=22484, version='2026.6', state='RUNNING'
[2026-08-18 03:49:12] 2026-08-18 03:49:12,486 - freqtrade.worker - INFO - Bot heartbeat. PID=22484, version='2026.6', state='RUNNING'
[2026-08-18 03:50:12] 2026-08-18 03:50:12,581 - freqtrade.worker - INFO - Bot heartbeat. PID=22484, version='2026.6', state='RUNNING'
[2026-08-18 03:51:12] 2026-08-18 03:51:12,681 - freqtrade.worker - INFO - Bot heartbeat. PID=22484, version='2026.6', state='RUNNING'
[2026-08-18 03:52:12] 2026-08-18 03:52:12,771 - freqtrade.worker - INFO - Bot heartbeat. PID=22484, version='2026.6', state='RUNNING'
[2026-08-18 03:53:12] 2026-08-18 03:53:12,845 - freqtrade.worker - INFO - Bot heartbeat. PID=22484, version='2026.6', state='RUNNING'
[2026-08-18 03:54:12] 2026-08-18 03:54:12,955 - freqtrade.worker - INFO - Bot heartbeat. PID=22484, version='2026.6', state='RUNNING'
[2026-08-18 03:55:13] 2026-08-18 03:55:13,026 - freqtrade.worker - INFO - Bot heartbeat. PID=22484, version='2026.6', state='RUNNING'
[2026-08-18 03:56:13] 2026-08-18 03:56:13,101 - freqtrade.worker - INFO - Bot heartbeat. PID=22484, version='2026.6', state='RUNNING'
[2026-08-18 03:57:13] 2026-08-18 03:57:13,167 - freqtrade.worker - INFO - Bot heartbeat. PID=22484, version='2026.6', state='RUNNING'
[2026-08-18 03:58:13] 2026-08-18 03:58:13,245 - freqtrade.worker - INFO - Bot heartbeat. PID=22484, version='2026.6', state='RUNNING'
[2026-08-18 03:59:13] 2026-08-18 03:59:13,335 - freqtrade.worker - INFO - Bot heartbeat. PID=22484, version='2026.6', state='RUNNING'
[2026-08-18 04:00:18] 2026-08-18 04:00:18,049 - BreakoutV16GridV15QualityPfCombinedLiveParityFreqtrade - INFO - V16+Grid LIVE full context waiting: target=2026-08-17 18:00:00+00:00 ready=33/50
[2026-08-18 04:00:18] missing_or_stale=1000SHIB/USDT:USDT,AAVE/USDT:USDT,B/USDT:USDT,BCH/USDT:USDT,BNB/USDT:USDT,CRV/USDT:USDT,FIL/USDT:USDT,HBAR/USDT:USDT,ICP/USDT:USDT,INJ/USDT:USDT,JTO/USDT:USDT,SIREN/USDT:USDT,SOL/USDT
[2026-08-18 04:00:18] :USDT,TAO/USDT:USDT,XLM/USDT:USDT,XMR/USDT:USDT,ZEC/USDT:USDT
[2026-08-18 04:00:18] 2026-08-18 04:00:18,137 - freqtrade.worker - INFO - Bot heartbeat. PID=22484, version='2026.6', state='RUNNING'
[2026-08-18 04:00:34] 2026-08-18 04:00:34,230 - BreakoutV10FGridV8DualSideFreqtrade - INFO - LIVE context synchronized: target=2026-08-17 18:00:00+00:00 pairs=50 candidates=none
[2026-08-18 04:01:05] 2026-08-18 04:01:05,817 - freqtrade.wallets - INFO - Wallets synced.
[2026-08-18 04:01:19] 2026-08-18 04:01:19,382 - freqtrade.worker - INFO - Bot heartbeat. PID=22484, version='2026.6', state='RUNNING'
[2026-08-18 04:02:19] 2026-08-18 04:02:19,468 - freqtrade.worker - INFO - Bot heartbeat. PID=22484, version='2026.6', state='RUNNING'
[2026-08-18 04:03:19] 2026-08-18 04:03:19,568 - freqtrade.worker - INFO - Bot heartbeat. PID=22484, version='2026.6', state='RUNNING'
[2026-08-18 04:04:19] 2026-08-18 04:04:19,641 - freqtrade.worker - INFO - Bot heartbeat. PID=22484, version='2026.6', state='RUNNING'
[2026-08-18 04:05:19] 2026-08-18 04:05:19,733 - freqtrade.worker - INFO - Bot heartbeat. PID=22484, version='2026.6', state='RUNNING'
[2026-08-18 04:06:19] 2026-08-18 04:06:19,839 - freqtrade.worker - INFO - Bot heartbeat. PID=22484, version='2026.6', state='RUNNING'
[2026-08-18 04:07:19] 2026-08-18 04:07:19,909 - freqtrade.worker - INFO - Bot heartbeat. PID=22484, version='2026.6', state='RUNNING'
[2026-08-18 04:08:11] 2026-08-18 04:08:11,818 - freqtrade.plugins.pairlistmanager - INFO - Whitelist with 50 pairs: ['BTC/USDT:USDT', 'ETH/USDT:USDT', 'SOL/USDT:USDT', 'ZEC/USDT:USDT', 'HYPE/USDT:USDT', 'XRP/USDT:USDT',
[2026-08-18 04:08:11] 'DOGE/USDT:USDT', 'BNB/USDT:USDT', 'SIREN/USDT:USDT', '1000PEPE/USDT:USDT', 'TAO/USDT:USDT', 'NEAR/USDT:USDT', 'WLD/USDT:USDT', 'SUI/USDT:USDT', 'ADA/USDT:USDT', 'SEI/USDT:USDT', 'AVAX/USDT:USDT',
[2026-08-18 04:08:11] 'ENA/USDT:USDT', 'LINK/USDT:USDT', 'FIL/USDT:USDT', 'XLM/USDT:USDT', 'BCH/USDT:USDT', 'ONDO/USDT:USDT', 'TRUMP/USDT:USDT', 'AAVE/USDT:USDT', 'DOT/USDT:USDT', 'PENGU/USDT:USDT', 'LTC/USDT:USDT',
[2026-08-18 04:08:11] 'TRX/USDT:USDT', 'FET/USDT:USDT', 'UNI/USDT:USDT', 'INJ/USDT:USDT', 'DASH/USDT:USDT', 'B/USDT:USDT', 'ARB/USDT:USDT', '1000SHIB/USDT:USDT', 'APE/USDT:USDT', 'XMR/USDT:USDT', 'APT/USDT:USDT',
[2026-08-18 04:08:11] 'WIF/USDT:USDT', 'ICP/USDT:USDT', 'ETC/USDT:USDT', 'VIRTUAL/USDT:USDT', 'HBAR/USDT:USDT', 'RENDER/USDT:USDT', 'CRV/USDT:USDT', 'JTO/USDT:USDT', 'OP/USDT:USDT', 'CHZ/USDT:USDT', '1000BONK/USDT:USDT']
[2026-08-18 04:08:20] 2026-08-18 04:08:19,999 - freqtrade.worker - INFO - Bot heartbeat. PID=22484, version='2026.6', state='RUNNING'
[2026-08-18 04:09:20] 2026-08-18 04:09:20,071 - freqtrade.worker - INFO - Bot heartbeat. PID=22484, version='2026.6', state='RUNNING'
[2026-08-18 04:10:20] 2026-08-18 04:10:20,150 - freqtrade.worker - INFO - Bot heartbeat. PID=22484, version='2026.6', state='RUNNING'
[2026-08-18 04:11:20] 2026-08-18 04:11:20,247 - freqtrade.worker - INFO - Bot heartbeat. PID=22484, version='2026.6', state='RUNNING'
[2026-08-18 04:12:20] 2026-08-18 04:12:20,327 - freqtrade.worker - INFO - Bot heartbeat. PID=22484, version='2026.6', state='RUNNING'
[2026-08-18 04:13:20] 2026-08-18 04:13:20,403 - freqtrade.worker - INFO - Bot heartbeat. PID=22484, version='2026.6', state='RUNNING'
[2026-08-18 04:14:20] 2026-08-18 04:14:20,485 - freqtrade.worker - INFO - Bot heartbeat. PID=22484, version='2026.6', state='RUNNING'
[2026-08-18 04:15:22] 2026-08-18 04:15:22,592 - freqtrade.worker - INFO - Bot heartbeat. PID=22484, version='2026.6', state='RUNNING'
[2026-08-18 04:16:22] 2026-08-18 04:16:22,677 - freqtrade.worker - INFO - Bot heartbeat. PID=22484, version='2026.6', state='RUNNING'
[2026-08-18 04:17:22] 2026-08-18 04:17:22,762 - freqtrade.worker - INFO - Bot heartbeat. PID=22484, version='2026.6', state='RUNNING'
[2026-08-18 04:18:22] 2026-08-18 04:18:22,857 - freqtrade.worker - INFO - Bot heartbeat. PID=22484, version='2026.6', state='RUNNING'
[2026-08-18 04:19:22] 2026-08-18 04:19:22,936 - freqtrade.worker - INFO - Bot heartbeat. PID=22484, version='2026.6', state='RUNNING'
[2026-08-18 04:20:23] 2026-08-18 04:20:23,034 - freqtrade.worker - INFO - Bot heartbeat. PID=22484, version='2026.6', state='RUNNING'
[2026-08-18 04:21:23] 2026-08-18 04:21:23,115 - freqtrade.worker - INFO - Bot heartbeat. PID=22484, version='2026.6', state='RUNNING'
[2026-08-18 04:22:23] 2026-08-18 04:22:23,194 - freqtrade.worker - INFO - Bot heartbeat. PID=22484, version='2026.6', state='RUNNING'
[2026-08-18 04:23:23] 2026-08-18 04:23:23,287 - freqtrade.worker - INFO - Bot heartbeat. PID=22484, version='2026.6', state='RUNNING'
[2026-08-18 04:24:23] 2026-08-18 04:24:23,374 - freqtrade.worker - INFO - Bot heartbeat. PID=22484, version='2026.6', state='RUNNING'
[2026-08-18 04:25:23] 2026-08-18 04:25:23,450 - freqtrade.worker - INFO - Bot heartbeat. PID=22484, version='2026.6', state='RUNNING'
[2026-08-18 04:26:23] 2026-08-18 04:26:23,525 - freqtrade.worker - INFO - Bot heartbeat. PID=22484, version='2026.6', state='RUNNING'
[2026-08-18 04:27:23] 2026-08-18 04:27:23,605 - freqtrade.worker - INFO - Bot heartbeat. PID=22484, version='2026.6', state='RUNNING'
[2026-08-18 04:28:23] 2026-08-18 04:28:23,693 - freqtrade.worker - INFO - Bot heartbeat. PID=22484, version='2026.6', state='RUNNING'
[2026-08-18 04:29:23] 2026-08-18 04:29:23,793 - freqtrade.worker - INFO - Bot heartbeat. PID=22484, version='2026.6', state='RUNNING'
[2026-08-18 04:30:25] 2026-08-18 04:30:25,489 - freqtrade.worker - INFO - Bot heartbeat. PID=22484, version='2026.6', state='RUNNING'
[2026-08-18 04:31:06] 2026-08-18 04:31:06,876 - freqtrade.wallets - INFO - Wallets synced.
[2026-08-18 04:31:25] 2026-08-18 04:31:25,570 - freqtrade.worker - INFO - Bot heartbeat. PID=22484, version='2026.6', state='RUNNING'
[2026-08-18 04:32:25] 2026-08-18 04:32:25,663 - freqtrade.worker - INFO - Bot heartbeat. PID=22484, version='2026.6', state='RUNNING'
[2026-08-18 04:33:30] 2026-08-18 04:33:30,652 - freqtrade.worker - INFO - Bot heartbeat. PID=22484, version='2026.6', state='RUNNING'
[2026-08-18 04:34:30] 2026-08-18 04:34:30,753 - freqtrade.worker - INFO - Bot heartbeat. PID=22484, version='2026.6', state='RUNNING'
[2026-08-18 04:35:30] 2026-08-18 04:35:30,840 - freqtrade.worker - INFO - Bot heartbeat. PID=22484, version='2026.6', state='RUNNING'
[2026-08-18 04:36:30] 2026-08-18 04:36:30,936 - freqtrade.worker - INFO - Bot heartbeat. PID=22484, version='2026.6', state='RUNNING'
[2026-08-18 04:37:31] 2026-08-18 04:37:31,016 - freqtrade.worker - INFO - Bot heartbeat. PID=22484, version='2026.6', state='RUNNING'
[2026-08-18 04:38:31] 2026-08-18 04:38:31,096 - freqtrade.worker - INFO - Bot heartbeat. PID=22484, version='2026.6', state='RUNNING'
[2026-08-18 04:39:31] 2026-08-18 04:39:31,160 - freqtrade.worker - INFO - Bot heartbeat. PID=22484, version='2026.6', state='RUNNING'
[2026-08-18 04:40:31] 2026-08-18 04:40:31,241 - freqtrade.worker - INFO - Bot heartbeat. PID=22484, version='2026.6', state='RUNNING'
[2026-08-18 04:41:31] 2026-08-18 04:41:31,325 - freqtrade.worker - INFO - Bot heartbeat. PID=22484, version='2026.6', state='RUNNING'
[2026-08-18 04:42:31] 2026-08-18 04:42:31,415 - freqtrade.worker - INFO - Bot heartbeat. PID=22484, version='2026.6', state='RUNNING'
[2026-08-18 04:43:31] 2026-08-18 04:43:31,515 - freqtrade.worker - INFO - Bot heartbeat. PID=22484, version='2026.6', state='RUNNING'
[2026-08-18 04:44:31] 2026-08-18 04:44:31,595 - freqtrade.worker - INFO - Bot heartbeat. PID=22484, version='2026.6', state='RUNNING'
[2026-08-18 04:45:33] 2026-08-18 04:45:33,295 - freqtrade.worker - INFO - Bot heartbeat. PID=22484, version='2026.6', state='RUNNING'
[2026-08-18 04:46:33] 2026-08-18 04:46:33,382 - freqtrade.worker - INFO - Bot heartbeat. PID=22484, version='2026.6', state='RUNNING'
[2026-08-18 04:47:33] 2026-08-18 04:47:33,464 - freqtrade.worker - INFO - Bot heartbeat. PID=22484, version='2026.6', state='RUNNING'
[2026-08-18 04:48:33] 2026-08-18 04:48:33,548 - freqtrade.worker - INFO - Bot heartbeat. PID=22484, version='2026.6', state='RUNNING'
[2026-08-18 04:49:33] 2026-08-18 04:49:33,655 - freqtrade.worker - INFO - Bot heartbeat. PID=22484, version='2026.6', state='RUNNING'
[2026-08-18 04:50:33] 2026-08-18 04:50:33,743 - freqtrade.worker - INFO - Bot heartbeat. PID=22484, version='2026.6', state='RUNNING'
[2026-08-18 04:51:33] 2026-08-18 04:51:33,828 - freqtrade.worker - INFO - Bot heartbeat. PID=22484, version='2026.6', state='RUNNING'
[2026-08-18 04:52:33] 2026-08-18 04:52:33,913 - freqtrade.worker - INFO - Bot heartbeat. PID=22484, version='2026.6', state='RUNNING'
[2026-08-18 04:53:34] 2026-08-18 04:53:34,002 - freqtrade.worker - INFO - Bot heartbeat. PID=22484, version='2026.6', state='RUNNING'
[2026-08-18 04:54:34] 2026-08-18 04:54:34,078 - freqtrade.worker - INFO - Bot heartbeat. PID=22484, version='2026.6', state='RUNNING'
[2026-08-18 04:55:34] 2026-08-18 04:55:34,162 - freqtrade.worker - INFO - Bot heartbeat. PID=22484, version='2026.6', state='RUNNING'
[2026-08-18 04:56:34] 2026-08-18 04:56:34,242 - freqtrade.worker - INFO - Bot heartbeat. PID=22484, version='2026.6', state='RUNNING'
[2026-08-18 04:57:34] 2026-08-18 04:57:34,330 - freqtrade.worker - INFO - Bot heartbeat. PID=22484, version='2026.6', state='RUNNING'
[2026-08-18 04:58:34] 2026-08-18 04:58:34,418 - freqtrade.worker - INFO - Bot heartbeat. PID=22484, version='2026.6', state='RUNNING'
[2026-08-18 04:59:34] 2026-08-18 04:59:34,507 - freqtrade.worker - INFO - Bot heartbeat. PID=22484, version='2026.6', state='RUNNING'
[2026-08-18 05:00:23] 2026-08-18 05:00:23,786 - BreakoutV16GridV15QualityPfCombinedLiveParityFreqtrade - INFO - V16+Grid LIVE full context waiting: target=2026-08-17 19:00:00+00:00 ready=47/50
[2026-08-18 05:00:23] missing_or_stale=FIL/USDT:USDT,ICP/USDT:USDT,TAO/USDT:USDT
[2026-08-18 05:00:34] 2026-08-18 05:00:34,132 - BreakoutV10FGridV8DualSideFreqtrade - INFO - LIVE context synchronized: target=2026-08-17 19:00:00+00:00 pairs=50 candidates=SIREN/USDT:USDT:SHORT
[2026-08-18 05:00:34] 2026-08-18 05:00:34,231 - freqtrade.wallets - INFO - Wallets synced.
[2026-08-18 05:00:34] 2026-08-18 05:00:34,352 - freqtrade.freqtradebot - INFO - Short signal found: about create a new trade for SIREN/USDT:USDT with stake_amount: 44.61521631845086 and price: 0.02728 ...
[2026-08-18 05:00:34] 2026-08-18 05:00:34,521 - BreakoutV16GridV15QualityPfCombinedLiveParityFreqtrade - INFO - V16+Grid LIVE parity entry decision: pair=SIREN/USDT:USDT component=grid side=short target=2026-08-17
[2026-08-18 05:00:34] 19:00:00+00:00 age=34.353s rank=1 candidates=1 accepted=True
[2026-08-18 05:00:34] 2026-08-18 05:00:34,802 - freqtrade.freqtradebot - INFO - Order 4420108210 was created for SIREN/USDT:USDT and status is closed.
[2026-08-18 05:00:34] 2026-08-18 05:00:34,911 - freqtrade.wallets - INFO - Wallets synced.
[2026-08-18 05:00:34] 2026-08-18 05:00:34,912 - freqtrade.rpc.rpc_manager - INFO - Sending rpc message: {'trade_id': 10, 'type': entry, 'buy_tag': 'grid_v8_short_s3', 'enter_tag': 'grid_v8_short_s3', 'exchange': 'Binance',
[2026-08-18 05:00:34] 'pair': 'SIREN/USDT:USDT', 'leverage': 10.0, 'direction': 'Short', 'limit': 0.02728, 'order_rate': 0.02728, 'open_rate': 0.02728, 'order_type': 'market', 'stake_amount': 44.613712, 'stake_currency':
[2026-08-18 05:00:34] 'USDT', 'base_currency': 'SIREN', 'quote_currency': 'USDT', 'fiat_currency': None, 'amount': 16354.0, 'open_date': datetime.datetime(2026, 8, 17, 20, 0, 34, 804068, tzinfo=datetime.timezone.utc),
[2026-08-18 05:00:34] 'current_rate': 0.02728, 'sub_trade': False}
[2026-08-18 05:00:35] 2026-08-18 05:00:34,913 - freqtrade.freqtradebot - INFO - Found open order for Trade(id=10, pair=SIREN/USDT:USDT, amount=16354, is_short=True, leverage=10, open_rate=0.02728, open_since=2026-08-17
[2026-08-18 05:00:35] 20:00:34)
[2026-08-18 05:00:35] 2026-08-18 05:00:35,178 - freqtrade.persistence.trade_model - INFO - Updating trade (id=10) ...
[2026-08-18 05:00:35] 2026-08-18 05:00:35,180 - freqtrade.persistence.trade_model - INFO - MARKET_SELL has been fulfilled for Trade(id=10, pair=SIREN/USDT:USDT, amount=16354, is_short=True, leverage=10, open_rate=0.02728,
[2026-08-18 05:00:35] open_since=2026-08-17 20:00:34).
[2026-08-18 05:00:35] 2026-08-18 05:00:35,463 - freqtrade.wallets - INFO - Wallets synced.
[2026-08-18 05:00:35] 2026-08-18 05:00:35,471 - freqtrade.rpc.rpc_manager - INFO - Sending rpc message: {'trade_id': 10, 'type': entry_fill, 'buy_tag': 'grid_v8_short_s3', 'enter_tag': 'grid_v8_short_s3', 'exchange':
[2026-08-18 05:00:35] 'Binance', 'pair': 'SIREN/USDT:USDT', 'leverage': 10.0, 'direction': 'Short', 'limit': 0.02728, 'order_rate': 0.02728, 'open_rate': 0.02728, 'order_type': 'market', 'stake_amount': 44.613712,
[2026-08-18 05:00:35] 'stake_currency': 'USDT', 'base_currency': 'SIREN', 'quote_currency': 'USDT', 'fiat_currency': None, 'amount': 16354.0, 'open_date': datetime.datetime(2026, 8, 17, 20, 0, 34, 804068,
[2026-08-18 05:00:35] tzinfo=datetime.timezone.utc), 'current_rate': 0.02728, 'sub_trade': False}
[2026-08-18 05:00:35] 2026-08-18 05:00:35,546 - freqtrade.worker - INFO - Bot heartbeat. PID=22484, version='2026.6', state='RUNNING'
[2026-08-18 05:00:36] 2026-08-18 05:00:36,484 - freqtrade.exchange.exchange - INFO - stoploss market order added for SIREN/USDT:USDT. stop price: 0.02816. limit: None
[2026-08-18 05:01:08] 2026-08-18 05:01:08,239 - freqtrade.wallets - INFO - Wallets synced.
[2026-08-18 05:01:35] 2026-08-18 05:01:35,649 - freqtrade.worker - INFO - Bot heartbeat. PID=22484, version='2026.6', state='RUNNING'
[2026-08-18 05:02:35] 2026-08-18 05:02:35,750 - freqtrade.worker - INFO - Bot heartbeat. PID=22484, version='2026.6', state='RUNNING'
[2026-08-18 05:03:35] 2026-08-18 05:03:35,848 - freqtrade.worker - INFO - Bot heartbeat. PID=22484, version='2026.6', state='RUNNING'
[2026-08-18 05:04:35] 2026-08-18 05:04:35,940 - freqtrade.worker - INFO - Bot heartbeat. PID=22484, version='2026.6', state='RUNNING'
[2026-08-18 05:05:36] 2026-08-18 05:05:36,022 - freqtrade.worker - INFO - Bot heartbeat. PID=22484, version='2026.6', state='RUNNING'
[2026-08-18 05:06:36] 2026-08-18 05:06:36,120 - freqtrade.worker - INFO - Bot heartbeat. PID=22484, version='2026.6', state='RUNNING'
[2026-08-18 05:07:36] 2026-08-18 05:07:36,210 - freqtrade.worker - INFO - Bot heartbeat. PID=22484, version='2026.6', state='RUNNING'
[2026-08-18 05:08:18] 2026-08-18 05:08:18,291 - freqtrade.plugins.pairlistmanager - INFO - Whitelist with 50 pairs: ['BTC/USDT:USDT', 'ETH/USDT:USDT', 'SOL/USDT:USDT', 'ZEC/USDT:USDT', 'HYPE/USDT:USDT', 'XRP/USDT:USDT',
[2026-08-18 05:08:18] 'DOGE/USDT:USDT', 'BNB/USDT:USDT', 'SIREN/USDT:USDT', '1000PEPE/USDT:USDT', 'TAO/USDT:USDT', 'NEAR/USDT:USDT', 'WLD/USDT:USDT', 'SUI/USDT:USDT', 'ADA/USDT:USDT', 'SEI/USDT:USDT', 'AVAX/USDT:USDT',
[2026-08-18 05:08:18] 'ENA/USDT:USDT', 'LINK/USDT:USDT', 'FIL/USDT:USDT', 'XLM/USDT:USDT', 'BCH/USDT:USDT', 'ONDO/USDT:USDT', 'TRUMP/USDT:USDT', 'AAVE/USDT:USDT', 'DOT/USDT:USDT', 'PENGU/USDT:USDT', 'LTC/USDT:USDT',
[2026-08-18 05:08:18] 'TRX/USDT:USDT', 'FET/USDT:USDT', 'UNI/USDT:USDT', 'INJ/USDT:USDT', 'DASH/USDT:USDT', 'B/USDT:USDT', 'ARB/USDT:USDT', '1000SHIB/USDT:USDT', 'APE/USDT:USDT', 'XMR/USDT:USDT', 'APT/USDT:USDT',
[2026-08-18 05:08:18] 'WIF/USDT:USDT', 'ICP/USDT:USDT', 'ETC/USDT:USDT', 'VIRTUAL/USDT:USDT', 'HBAR/USDT:USDT', 'RENDER/USDT:USDT', 'CRV/USDT:USDT', 'JTO/USDT:USDT', 'OP/USDT:USDT', 'CHZ/USDT:USDT', '1000BONK/USDT:USDT']
[2026-08-18 05:08:36] 2026-08-18 05:08:36,290 - freqtrade.worker - INFO - Bot heartbeat. PID=22484, version='2026.6', state='RUNNING'
[2026-08-18 05:09:36] 2026-08-18 05:09:36,370 - freqtrade.worker - INFO - Bot heartbeat. PID=22484, version='2026.6', state='RUNNING'
[2026-08-18 05:10:36] 2026-08-18 05:10:36,417 - freqtrade.worker - INFO - Bot heartbeat. PID=22484, version='2026.6', state='RUNNING'
[2026-08-18 05:11:36] 2026-08-18 05:11:36,508 - freqtrade.worker - INFO - Bot heartbeat. PID=22484, version='2026.6', state='RUNNING'
[2026-08-18 05:12:36] 2026-08-18 05:12:36,599 - freqtrade.worker - INFO - Bot heartbeat. PID=22484, version='2026.6', state='RUNNING'
[2026-08-18 05:13:36] 2026-08-18 05:13:36,690 - freqtrade.worker - INFO - Bot heartbeat. PID=22484, version='2026.6', state='RUNNING'
[2026-08-18 05:14:36] 2026-08-18 05:14:36,765 - freqtrade.worker - INFO - Bot heartbeat. PID=22484, version='2026.6', state='RUNNING'
[2026-08-18 05:15:38] 2026-08-18 05:15:38,684 - freqtrade.worker - INFO - Bot heartbeat. PID=22484, version='2026.6', state='RUNNING'
[2026-08-18 05:16:38] 2026-08-18 05:16:38,770 - freqtrade.worker - INFO - Bot heartbeat. PID=22484, version='2026.6', state='RUNNING'
[2026-08-18 05:17:38] 2026-08-18 05:17:38,861 - freqtrade.worker - INFO - Bot heartbeat. PID=22484, version='2026.6', state='RUNNING'
[2026-08-18 05:18:39] 2026-08-18 05:18:38,935 - freqtrade.worker - INFO - Bot heartbeat. PID=22484, version='2026.6', state='RUNNING'
[2026-08-18 05:19:39] 2026-08-18 05:19:39,022 - freqtrade.worker - INFO - Bot heartbeat. PID=22484, version='2026.6', state='RUNNING'
[2026-08-18 05:20:39] 2026-08-18 05:20:39,113 - freqtrade.worker - INFO - Bot heartbeat. PID=22484, version='2026.6', state='RUNNING'
[2026-08-18 05:21:39] 2026-08-18 05:21:39,198 - freqtrade.worker - INFO - Bot heartbeat. PID=22484, version='2026.6', state='RUNNING'
[2026-08-18 05:22:39] 2026-08-18 05:22:39,281 - freqtrade.worker - INFO - Bot heartbeat. PID=22484, version='2026.6', state='RUNNING'
[2026-08-18 05:23:39] 2026-08-18 05:23:39,367 - freqtrade.worker - INFO - Bot heartbeat. PID=22484, version='2026.6', state='RUNNING'
[2026-08-18 05:24:39] 2026-08-18 05:24:39,465 - freqtrade.worker - INFO - Bot heartbeat. PID=22484, version='2026.6', state='RUNNING'
[2026-08-18 05:25:39] 2026-08-18 05:25:39,557 - freqtrade.worker - INFO - Bot heartbeat. PID=22484, version='2026.6', state='RUNNING'
[2026-08-18 05:26:39] 2026-08-18 05:26:39,649 - freqtrade.worker - INFO - Bot heartbeat. PID=22484, version='2026.6', state='RUNNING'
[2026-08-18 05:27:39] 2026-08-18 05:27:39,741 - freqtrade.worker - INFO - Bot heartbeat. PID=22484, version='2026.6', state='RUNNING'
[2026-08-18 05:28:39] 2026-08-18 05:28:39,829 - freqtrade.worker - INFO - Bot heartbeat. PID=22484, version='2026.6', state='RUNNING'
[2026-08-18 05:29:39] 2026-08-18 05:29:39,921 - freqtrade.worker - INFO - Bot heartbeat. PID=22484, version='2026.6', state='RUNNING'
[2026-08-18 05:30:43] 2026-08-18 05:30:43,002 - freqtrade.worker - INFO - Bot heartbeat. PID=22484, version='2026.6', state='RUNNING'
[2026-08-18 05:31:05] 2026-08-18 05:31:05,702 - freqtrade.wallets - INFO - Wallets synced.
[2026-08-18 05:31:43] 2026-08-18 05:31:43,091 - freqtrade.worker - INFO - Bot heartbeat. PID=22484, version='2026.6', state='RUNNING'
[2026-08-18 05:32:43] 2026-08-18 05:32:43,167 - freqtrade.worker - INFO - Bot heartbeat. PID=22484, version='2026.6', state='RUNNING'
[2026-08-18 05:33:43] 2026-08-18 05:33:43,244 - freqtrade.worker - INFO - Bot heartbeat. PID=22484, version='2026.6', state='RUNNING'
[2026-08-18 05:34:43] 2026-08-18 05:34:43,321 - freqtrade.worker - INFO - Bot heartbeat. PID=22484, version='2026.6', state='RUNNING'
[2026-08-18 05:35:43] 2026-08-18 05:35:43,411 - freqtrade.worker - INFO - Bot heartbeat. PID=22484, version='2026.6', state='RUNNING'
[2026-08-18 05:36:43] 2026-08-18 05:36:43,508 - freqtrade.worker - INFO - Bot heartbeat. PID=22484, version='2026.6', state='RUNNING'
[2026-08-18 05:37:43] 2026-08-18 05:37:43,606 - freqtrade.worker - INFO - Bot heartbeat. PID=22484, version='2026.6', state='RUNNING'
[2026-08-18 05:38:43] 2026-08-18 05:38:43,690 - freqtrade.worker - INFO - Bot heartbeat. PID=22484, version='2026.6', state='RUNNING'
[2026-08-18 05:39:43] 2026-08-18 05:39:43,776 - freqtrade.worker - INFO - Bot heartbeat. PID=22484, version='2026.6', state='RUNNING'
[2026-08-18 05:40:43] 2026-08-18 05:40:43,871 - freqtrade.worker - INFO - Bot heartbeat. PID=22484, version='2026.6', state='RUNNING'
[2026-08-18 05:41:43] 2026-08-18 05:41:43,948 - freqtrade.worker - INFO - Bot heartbeat. PID=22484, version='2026.6', state='RUNNING'
[2026-08-18 05:42:44] 2026-08-18 05:42:44,026 - freqtrade.worker - INFO - Bot heartbeat. PID=22484, version='2026.6', state='RUNNING'
[2026-08-18 05:43:44] 2026-08-18 05:43:44,126 - freqtrade.worker - INFO - Bot heartbeat. PID=22484, version='2026.6', state='RUNNING'
[2026-08-18 05:44:44] 2026-08-18 05:44:44,230 - freqtrade.worker - INFO - Bot heartbeat. PID=22484, version='2026.6', state='RUNNING'
[2026-08-18 05:45:46] 2026-08-18 05:45:46,202 - freqtrade.worker - INFO - Bot heartbeat. PID=22484, version='2026.6', state='RUNNING'
[2026-08-18 05:46:46] 2026-08-18 05:46:46,266 - freqtrade.worker - INFO - Bot heartbeat. PID=22484, version='2026.6', state='RUNNING'
[2026-08-18 05:47:46] 2026-08-18 05:47:46,350 - freqtrade.worker - INFO - Bot heartbeat. PID=22484, version='2026.6', state='RUNNING'
[2026-08-18 05:48:46] 2026-08-18 05:48:46,449 - freqtrade.worker - INFO - Bot heartbeat. PID=22484, version='2026.6', state='RUNNING'
[2026-08-18 05:49:46] 2026-08-18 05:49:46,542 - freqtrade.worker - INFO - Bot heartbeat. PID=22484, version='2026.6', state='RUNNING'
[2026-08-18 05:50:46] 2026-08-18 05:50:46,630 - freqtrade.worker - INFO - Bot heartbeat. PID=22484, version='2026.6', state='RUNNING'
[2026-08-18 05:51:46] 2026-08-18 05:51:46,731 - freqtrade.worker - INFO - Bot heartbeat. PID=22484, version='2026.6', state='RUNNING'
[2026-08-18 05:52:46] 2026-08-18 05:52:46,822 - freqtrade.worker - INFO - Bot heartbeat. PID=22484, version='2026.6', state='RUNNING'
[2026-08-18 05:53:46] 2026-08-18 05:53:46,904 - freqtrade.worker - INFO - Bot heartbeat. PID=22484, version='2026.6', state='RUNNING'
[2026-08-18 05:54:47] 2026-08-18 05:54:46,984 - freqtrade.worker - INFO - Bot heartbeat. PID=22484, version='2026.6', state='RUNNING'
[2026-08-18 05:55:47] 2026-08-18 05:55:47,069 - freqtrade.worker - INFO - Bot heartbeat. PID=22484, version='2026.6', state='RUNNING'
[2026-08-18 05:56:47] 2026-08-18 05:56:47,149 - freqtrade.worker - INFO - Bot heartbeat. PID=22484, version='2026.6', state='RUNNING'
[2026-08-18 05:57:47] 2026-08-18 05:57:47,242 - freqtrade.worker - INFO - Bot heartbeat. PID=22484, version='2026.6', state='RUNNING'
[2026-08-18 05:58:47] 2026-08-18 05:58:47,339 - freqtrade.worker - INFO - Bot heartbeat. PID=22484, version='2026.6', state='RUNNING'
[2026-08-18 05:59:47] 2026-08-18 05:59:47,420 - freqtrade.worker - INFO - Bot heartbeat. PID=22484, version='2026.6', state='RUNNING'
[2026-08-18 06:00:17] 2026-08-18 06:00:17,292 - BreakoutV16GridV15QualityPfCombinedLiveParityFreqtrade - INFO - V16+Grid LIVE full context waiting: target=2026-08-17 20:00:00+00:00 ready=28/50
[2026-08-18 06:00:17] missing_or_stale=1000SHIB/USDT:USDT,AAVE/USDT:USDT,ADA/USDT:USDT,B/USDT:USDT,BCH/USDT:USDT,CRV/USDT:USDT,DASH/USDT:USDT,DOGE/USDT:USDT,DOT/USDT:USDT,ETC/USDT:USDT,FIL/USDT:USDT,HBAR/USDT:USDT,ICP/USDT
[2026-08-18 06:00:17] :USDT,PENGU/USDT:USDT,SIREN/USDT:USDT,SOL/USDT:USDT,TAO/USDT:USDT,TRUMP/USDT:USDT,UNI/USDT:USDT,XLM/USDT:USDT,XMR/USDT:USDT,ZEC/USDT:USDT
[2026-08-18 06:00:34] 2026-08-18 06:00:34,858 - BreakoutV10FGridV8DualSideFreqtrade - INFO - LIVE context synchronized: target=2026-08-17 20:00:00+00:00 pairs=50 candidates=none
[2026-08-18 06:00:50] 2026-08-18 06:00:50,490 - freqtrade.worker - INFO - Bot heartbeat. PID=22484, version='2026.6', state='RUNNING'
[2026-08-18 06:01:08] 2026-08-18 06:01:08,179 - freqtrade.wallets - INFO - Wallets synced.
[2026-08-18 06:01:50] 2026-08-18 06:01:50,590 - freqtrade.worker - INFO - Bot heartbeat. PID=22484, version='2026.6', state='RUNNING'
[2026-08-18 06:02:50] 2026-08-18 06:02:50,693 - freqtrade.worker - INFO - Bot heartbeat. PID=22484, version='2026.6', state='RUNNING'
[2026-08-18 06:03:50] 2026-08-18 06:03:50,792 - freqtrade.worker - INFO - Bot heartbeat. PID=22484, version='2026.6', state='RUNNING'
[2026-08-18 06:04:50] 2026-08-18 06:04:50,866 - freqtrade.worker - INFO - Bot heartbeat. PID=22484, version='2026.6', state='RUNNING'
[2026-08-18 06:05:51] 2026-08-18 06:05:50,936 - freqtrade.worker - INFO - Bot heartbeat. PID=22484, version='2026.6', state='RUNNING'
[2026-08-18 06:06:51] 2026-08-18 06:06:51,018 - freqtrade.worker - INFO - Bot heartbeat. PID=22484, version='2026.6', state='RUNNING'
[2026-08-18 06:07:37] 2026-08-18 06:07:37,142 - freqtrade.freqtradebot - INFO - Position adjust: about to create a new order for SIREN/USDT:USDT with stake_amount: 44.90165533911318 and price: 0.02746 for Trade(id=10,
[2026-08-18 06:07:37] pair=SIREN/USDT:USDT, amount=16354, is_short=True, leverage=10, open_rate=0.02728, open_since=2026-08-17 20:00:34)
[2026-08-18 06:07:37] 2026-08-18 06:07:37,454 - freqtrade.freqtradebot - INFO - Order 4420130799 was created for SIREN/USDT:USDT and status is closed.
[2026-08-18 06:07:39] 2026-08-18 06:07:39,085 - freqtrade.wallets - INFO - Wallets synced.
[2026-08-18 06:07:39] 2026-08-18 06:07:39,087 - freqtrade.rpc.rpc_manager - INFO - Sending rpc message: {'trade_id': 10, 'type': entry, 'buy_tag': 'grid_v8_short_s3', 'enter_tag': 'grid_v8_short_s3', 'exchange': 'Binance',
[2026-08-18 06:07:39] 'pair': 'SIREN/USDT:USDT', 'leverage': 10.0, 'direction': 'Short', 'limit': 0.02746, 'order_rate': 0.02746, 'open_rate': 0.02746, 'order_type': 'market', 'stake_amount': 89.513558, 'stake_currency':
[2026-08-18 06:07:39] 'USDT', 'base_currency': 'SIREN', 'quote_currency': 'USDT', 'fiat_currency': None, 'amount': 16351.0, 'open_date': datetime.datetime(2026, 8, 17, 20, 0, 34, 804068, tzinfo=datetime.timezone.utc),
[2026-08-18 06:07:39] 'current_rate': 0.02746, 'sub_trade': True}
[2026-08-18 06:07:39] 2026-08-18 06:07:39,088 - freqtrade.freqtradebot - INFO - DCA order closed, trade should be up to date: Trade(id=10, pair=SIREN/USDT:USDT, amount=32705, is_short=True, leverage=10, open_rate=0.02737,
[2026-08-18 06:07:39] open_since=2026-08-17 20:00:34)
[2026-08-18 06:07:39] 2026-08-18 06:07:39,089 - freqtrade.freqtradebot - INFO - Cancelling stoploss on exchange for Trade(id=10, pair=SIREN/USDT:USDT, amount=32705, is_short=True, leverage=10, open_rate=0.02737,
[2026-08-18 06:07:39] open_since=2026-08-17 20:00:34) order: 1000002511476514
[2026-08-18 06:07:39] 2026-08-18 06:07:39,187 - freqtrade.freqtradebot - INFO - Found open order for Trade(id=10, pair=SIREN/USDT:USDT, amount=32705, is_short=True, leverage=10, open_rate=0.02737, open_since=2026-08-17
[2026-08-18 06:07:39] 20:00:34)
[2026-08-18 06:07:39] 2026-08-18 06:07:39,190 - freqtrade.persistence.trade_model - INFO - Updating trade (id=10) ...
[2026-08-18 06:07:39] 2026-08-18 06:07:39,191 - freqtrade.persistence.trade_model - INFO - MARKET_SELL has been fulfilled for Trade(id=10, pair=SIREN/USDT:USDT, amount=16351, is_short=True, leverage=10, open_rate=0.02746,
[2026-08-18 06:07:39] open_since=2026-08-17 20:00:34).
[2026-08-18 06:07:39] 2026-08-18 06:07:39,200 - freqtrade.freqtradebot - INFO - Cancelling stoploss on exchange for Trade(id=10, pair=SIREN/USDT:USDT, amount=32705, is_short=True, leverage=10, open_rate=0.02737,
[2026-08-18 06:07:39] open_since=2026-08-17 20:00:34) order: 1000002511476514
[2026-08-18 06:07:39] 2026-08-18 06:07:39,260 - freqtrade.freqtradebot - ERROR - Could not cancel stoploss order 1000002511476514 for pair SIREN/USDT:USDT
[2026-08-18 06:07:39] 2026-08-18 06:07:39,527 - freqtrade.wallets - INFO - Wallets synced.
[2026-08-18 06:07:39] 2026-08-18 06:07:39,539 - freqtrade.rpc.rpc_manager - INFO - Sending rpc message: {'trade_id': 10, 'type': entry_fill, 'buy_tag': 'grid_v8_short_s3', 'enter_tag': 'grid_v8_short_s3', 'exchange':
[2026-08-18 06:07:39] 'Binance', 'pair': 'SIREN/USDT:USDT', 'leverage': 10.0, 'direction': 'Short', 'limit': 0.02746, 'order_rate': 0.02746, 'open_rate': 0.02746, 'order_type': 'market', 'stake_amount': 89.513558,
[2026-08-18 06:07:39] 'stake_currency': 'USDT', 'base_currency': 'SIREN', 'quote_currency': 'USDT', 'fiat_currency': None, 'amount': 16351.0, 'open_date': datetime.datetime(2026, 8, 17, 20, 0, 34, 804068,
[2026-08-18 06:07:39] tzinfo=datetime.timezone.utc), 'current_rate': 0.02746, 'sub_trade': True}
[2026-08-18 06:07:41] 2026-08-18 06:07:41,097 - freqtrade.freqtradebot - INFO - Updating sell-fee on trade Trade(id=10, pair=SIREN/USDT:USDT, amount=32705, is_short=True, leverage=10, open_rate=0.02737,
[2026-08-18 06:07:41] open_since=2026-08-17 20:00:34) for order 4420130799.
[2026-08-18 06:07:41] 2026-08-18 06:07:41,098 - freqtrade.freqtradebot - INFO - Found open order for Trade(id=10, pair=SIREN/USDT:USDT, amount=32705, is_short=True, leverage=10, open_rate=0.02737, open_since=2026-08-17
[2026-08-18 06:07:41] 20:00:34)
[2026-08-18 06:07:41] 2026-08-18 06:07:41,377 - freqtrade.persistence.trade_model - INFO - Updating trade (id=10) ...
[2026-08-18 06:07:41] 2026-08-18 06:07:41,378 - freqtrade.persistence.trade_model - INFO - MARKET_SELL has been fulfilled for Trade(id=10, pair=SIREN/USDT:USDT, amount=16351, is_short=True, leverage=10, open_rate=0.02745,
[2026-08-18 06:07:41] open_since=2026-08-17 20:00:34).
[2026-08-18 06:07:41] 2026-08-18 06:07:41,389 - BreakoutV9GridV7Freqtrade - INFO - Ignoring duplicate filled-order callback: trade_id=10 pair=SIREN/USDT:USDT order=exchange:4420130799 tag=grid_dca_1
[2026-08-18 06:07:41] 2026-08-18 06:07:41,644 - freqtrade.wallets - INFO - Wallets synced.
[2026-08-18 06:07:42] 2026-08-18 06:07:42,657 - freqtrade.exchange.exchange - INFO - stoploss market order added for SIREN/USDT:USDT. stop price: 0.02816. limit: None
[2026-08-18 06:07:51] 2026-08-18 06:07:51,104 - freqtrade.worker - INFO - Bot heartbeat. PID=22484, version='2026.6', state='RUNNING'
[2026-08-18 06:08:22] 2026-08-18 06:08:22,370 - freqtrade.plugins.pairlistmanager - INFO - Whitelist with 50 pairs: ['BTC/USDT:USDT', 'ETH/USDT:USDT', 'SOL/USDT:USDT', 'ZEC/USDT:USDT', 'HYPE/USDT:USDT', 'XRP/USDT:USDT',
[2026-08-18 06:08:22] 'DOGE/USDT:USDT', 'BNB/USDT:USDT', 'SIREN/USDT:USDT', '1000PEPE/USDT:USDT', 'TAO/USDT:USDT', 'NEAR/USDT:USDT', 'WLD/USDT:USDT', 'SUI/USDT:USDT', 'ADA/USDT:USDT', 'SEI/USDT:USDT', 'AVAX/USDT:USDT',
[2026-08-18 06:08:22] 'ENA/USDT:USDT', 'LINK/USDT:USDT', 'FIL/USDT:USDT', 'XLM/USDT:USDT', 'BCH/USDT:USDT', 'ONDO/USDT:USDT', 'TRUMP/USDT:USDT', 'AAVE/USDT:USDT', 'DOT/USDT:USDT', 'PENGU/USDT:USDT', 'LTC/USDT:USDT',
[2026-08-18 06:08:22] 'TRX/USDT:USDT', 'FET/USDT:USDT', 'UNI/USDT:USDT', 'INJ/USDT:USDT', 'DASH/USDT:USDT', 'B/USDT:USDT', 'ARB/USDT:USDT', '1000SHIB/USDT:USDT', 'APE/USDT:USDT', 'XMR/USDT:USDT', 'APT/USDT:USDT',
[2026-08-18 06:08:22] 'WIF/USDT:USDT', 'ICP/USDT:USDT', 'ETC/USDT:USDT', 'VIRTUAL/USDT:USDT', 'HBAR/USDT:USDT', 'RENDER/USDT:USDT', 'CRV/USDT:USDT', 'JTO/USDT:USDT', 'OP/USDT:USDT', 'CHZ/USDT:USDT', '1000BONK/USDT:USDT']
[2026-08-18 06:08:51] 2026-08-18 06:08:51,206 - freqtrade.worker - INFO - Bot heartbeat. PID=22484, version='2026.6', state='RUNNING'
[2026-08-18 06:09:51] 2026-08-18 06:09:51,308 - freqtrade.worker - INFO - Bot heartbeat. PID=22484, version='2026.6', state='RUNNING'
[2026-08-18 06:10:51] 2026-08-18 06:10:51,412 - freqtrade.worker - INFO - Bot heartbeat. PID=22484, version='2026.6', state='RUNNING'
[2026-08-18 06:11:51] 2026-08-18 06:11:51,509 - freqtrade.worker - INFO - Bot heartbeat. PID=22484, version='2026.6', state='RUNNING'
[2026-08-18 06:12:51] 2026-08-18 06:12:51,603 - freqtrade.worker - INFO - Bot heartbeat. PID=22484, version='2026.6', state='RUNNING'
[2026-08-18 06:13:51] 2026-08-18 06:13:51,720 - freqtrade.worker - INFO - Bot heartbeat. PID=22484, version='2026.6', state='RUNNING'
[2026-08-18 06:14:51] 2026-08-18 06:14:51,796 - freqtrade.worker - INFO - Bot heartbeat. PID=22484, version='2026.6', state='RUNNING'
[2026-08-18 06:15:53] 2026-08-18 06:15:53,684 - freqtrade.worker - INFO - Bot heartbeat. PID=22484, version='2026.6', state='RUNNING'
[2026-08-18 06:16:53] 2026-08-18 06:16:53,780 - freqtrade.worker - INFO - Bot heartbeat. PID=22484, version='2026.6', state='RUNNING'
[2026-08-18 06:17:53] 2026-08-18 06:17:53,859 - freqtrade.worker - INFO - Bot heartbeat. PID=22484, version='2026.6', state='RUNNING'
[2026-08-18 06:18:54] 2026-08-18 06:18:53,939 - freqtrade.worker - INFO - Bot heartbeat. PID=22484, version='2026.6', state='RUNNING'
[2026-08-18 06:19:54] 2026-08-18 06:19:54,013 - freqtrade.worker - INFO - Bot heartbeat. PID=22484, version='2026.6', state='RUNNING'
[2026-08-18 06:20:54] 2026-08-18 06:20:54,088 - freqtrade.worker - INFO - Bot heartbeat. PID=22484, version='2026.6', state='RUNNING'
[2026-08-18 06:21:54] 2026-08-18 06:21:54,171 - freqtrade.worker - INFO - Bot heartbeat. PID=22484, version='2026.6', state='RUNNING'
[2026-08-18 06:22:54] 2026-08-18 06:22:54,254 - freqtrade.worker - INFO - Bot heartbeat. PID=22484, version='2026.6', state='RUNNING'
[2026-08-18 06:23:54] 2026-08-18 06:23:54,350 - freqtrade.worker - INFO - Bot heartbeat. PID=22484, version='2026.6', state='RUNNING'
[2026-08-18 06:24:54] 2026-08-18 06:24:54,428 - freqtrade.worker - INFO - Bot heartbeat. PID=22484, version='2026.6', state='RUNNING'
[2026-08-18 06:25:54] 2026-08-18 06:25:54,516 - freqtrade.worker - INFO - Bot heartbeat. PID=22484, version='2026.6', state='RUNNING'
[2026-08-18 06:26:54] 2026-08-18 06:26:54,605 - freqtrade.worker - INFO - Bot heartbeat. PID=22484, version='2026.6', state='RUNNING'
[2026-08-18 06:27:54] 2026-08-18 06:27:54,678 - freqtrade.worker - INFO - Bot heartbeat. PID=22484, version='2026.6', state='RUNNING'
[2026-08-18 06:28:54] 2026-08-18 06:28:54,774 - freqtrade.worker - INFO - Bot heartbeat. PID=22484, version='2026.6', state='RUNNING'
[2026-08-18 06:29:54] 2026-08-18 06:29:54,882 - freqtrade.worker - INFO - Bot heartbeat. PID=22484, version='2026.6', state='RUNNING'
[2026-08-18 06:30:56] 2026-08-18 06:30:56,845 - freqtrade.worker - INFO - Bot heartbeat. PID=22484, version='2026.6', state='RUNNING'
[2026-08-18 06:31:04] 2026-08-18 06:31:04,527 - freqtrade.wallets - INFO - Wallets synced.
[2026-08-18 06:31:56] 2026-08-18 06:31:56,936 - freqtrade.worker - INFO - Bot heartbeat. PID=22484, version='2026.6', state='RUNNING'
[2026-08-18 06:32:57] 2026-08-18 06:32:57,016 - freqtrade.worker - INFO - Bot heartbeat. PID=22484, version='2026.6', state='RUNNING'
[2026-08-18 06:33:57] 2026-08-18 06:33:57,075 - freqtrade.worker - INFO - Bot heartbeat. PID=22484, version='2026.6', state='RUNNING'
[2026-08-18 06:34:57] 2026-08-18 06:34:57,168 - freqtrade.worker - INFO - Bot heartbeat. PID=22484, version='2026.6', state='RUNNING'
[2026-08-18 06:35:57] 2026-08-18 06:35:57,263 - freqtrade.worker - INFO - Bot heartbeat. PID=22484, version='2026.6', state='RUNNING'
[2026-08-18 06:36:57] 2026-08-18 06:36:57,356 - freqtrade.worker - INFO - Bot heartbeat. PID=22484, version='2026.6', state='RUNNING'
[2026-08-18 06:37:57] 2026-08-18 06:37:57,441 - freqtrade.worker - INFO - Bot heartbeat. PID=22484, version='2026.6', state='RUNNING'
[2026-08-18 06:38:57] 2026-08-18 06:38:57,535 - freqtrade.worker - INFO - Bot heartbeat. PID=22484, version='2026.6', state='RUNNING'
[2026-08-18 06:39:57] 2026-08-18 06:39:57,618 - freqtrade.worker - INFO - Bot heartbeat. PID=22484, version='2026.6', state='RUNNING'
[2026-08-18 06:40:57] 2026-08-18 06:40:57,716 - freqtrade.worker - INFO - Bot heartbeat. PID=22484, version='2026.6', state='RUNNING'
[2026-08-18 06:41:57] 2026-08-18 06:41:57,797 - freqtrade.worker - INFO - Bot heartbeat. PID=22484, version='2026.6', state='RUNNING'
[2026-08-18 06:42:57] 2026-08-18 06:42:57,879 - freqtrade.worker - INFO - Bot heartbeat. PID=22484, version='2026.6', state='RUNNING'
[2026-08-18 06:43:57] 2026-08-18 06:43:57,960 - freqtrade.worker - INFO - Bot heartbeat. PID=22484, version='2026.6', state='RUNNING'
[2026-08-18 06:44:58] 2026-08-18 06:44:58,050 - freqtrade.worker - INFO - Bot heartbeat. PID=22484, version='2026.6', state='RUNNING'
[2026-08-18 06:46:00] 2026-08-18 06:46:00,012 - freqtrade.worker - INFO - Bot heartbeat. PID=22484, version='2026.6', state='RUNNING'
[2026-08-18 06:47:00] 2026-08-18 06:47:00,078 - freqtrade.worker - INFO - Bot heartbeat. PID=22484, version='2026.6', state='RUNNING'
[2026-08-18 06:48:00] 2026-08-18 06:48:00,177 - freqtrade.worker - INFO - Bot heartbeat. PID=22484, version='2026.6', state='RUNNING'
[2026-08-18 06:49:00] 2026-08-18 06:49:00,271 - freqtrade.worker - INFO - Bot heartbeat. PID=22484, version='2026.6', state='RUNNING'
[2026-08-18 06:50:00] 2026-08-18 06:50:00,356 - freqtrade.worker - INFO - Bot heartbeat. PID=22484, version='2026.6', state='RUNNING'
[2026-08-18 06:51:00] 2026-08-18 06:51:00,457 - freqtrade.worker - INFO - Bot heartbeat. PID=22484, version='2026.6', state='RUNNING'
[2026-08-18 06:52:00] 2026-08-18 06:52:00,548 - freqtrade.worker - INFO - Bot heartbeat. PID=22484, version='2026.6', state='RUNNING'
[2026-08-18 06:53:00] 2026-08-18 06:53:00,616 - freqtrade.worker - INFO - Bot heartbeat. PID=22484, version='2026.6', state='RUNNING'
[2026-08-18 06:54:00] 2026-08-18 06:54:00,711 - freqtrade.worker - INFO - Bot heartbeat. PID=22484, version='2026.6', state='RUNNING'
[2026-08-18 06:55:00] 2026-08-18 06:55:00,793 - freqtrade.worker - INFO - Bot heartbeat. PID=22484, version='2026.6', state='RUNNING'
[2026-08-18 06:56:00] 2026-08-18 06:56:00,870 - freqtrade.worker - INFO - Bot heartbeat. PID=22484, version='2026.6', state='RUNNING'
[2026-08-18 06:57:01] 2026-08-18 06:57:00,964 - freqtrade.worker - INFO - Bot heartbeat. PID=22484, version='2026.6', state='RUNNING'
[2026-08-18 06:58:01] 2026-08-18 06:58:01,066 - freqtrade.worker - INFO - Bot heartbeat. PID=22484, version='2026.6', state='RUNNING'
[2026-08-18 06:59:01] 2026-08-18 06:59:01,155 - freqtrade.worker - INFO - Bot heartbeat. PID=22484, version='2026.6', state='RUNNING'
[2026-08-18 07:00:17] 2026-08-18 07:00:17,779 - BreakoutV16GridV15QualityPfCombinedLiveParityFreqtrade - INFO - V16+Grid LIVE full context waiting: target=2026-08-17 21:00:00+00:00 ready=31/50
[2026-08-18 07:00:17] missing_or_stale=1000SHIB/USDT:USDT,AAVE/USDT:USDT,ADA/USDT:USDT,AVAX/USDT:USDT,B/USDT:USDT,BCH/USDT:USDT,BTC/USDT:USDT,CRV/USDT:USDT,DOGE/USDT:USDT,FIL/USDT:USDT,HBAR/USDT:USDT,ICP/USDT:USDT,PENGU/US
[2026-08-18 07:00:17] DT:USDT,SIREN/USDT:USDT,SOL/USDT:USDT,TAO/USDT:USDT,TRUMP/USDT:USDT,XMR/USDT:USDT,XRP/USDT:USDT
[2026-08-18 07:00:18] 2026-08-18 07:00:18,112 - freqtrade.worker - INFO - Bot heartbeat. PID=22484, version='2026.6', state='RUNNING'
[2026-08-18 07:00:34] 2026-08-18 07:00:34,041 - BreakoutV10FGridV8DualSideFreqtrade - INFO - LIVE context synchronized: target=2026-08-17 21:00:00+00:00 pairs=50 candidates=none
[2026-08-18 07:01:07] 2026-08-18 07:01:07,183 - freqtrade.wallets - INFO - Wallets synced.
[2026-08-18 07:01:19] 2026-08-18 07:01:19,287 - freqtrade.worker - INFO - Bot heartbeat. PID=22484, version='2026.6', state='RUNNING'
[2026-08-18 07:02:19] 2026-08-18 07:02:19,370 - freqtrade.worker - INFO - Bot heartbeat. PID=22484, version='2026.6', state='RUNNING'
[2026-08-18 07:03:19] 2026-08-18 07:03:19,457 - freqtrade.worker - INFO - Bot heartbeat. PID=22484, version='2026.6', state='RUNNING'
[2026-08-18 07:04:19] 2026-08-18 07:04:19,556 - freqtrade.worker - INFO - Bot heartbeat. PID=22484, version='2026.6', state='RUNNING'
[2026-08-18 07:05:19] 2026-08-18 07:05:19,631 - freqtrade.worker - INFO - Bot heartbeat. PID=22484, version='2026.6', state='RUNNING'
[2026-08-18 07:06:19] 2026-08-18 07:06:19,687 - freqtrade.worker - INFO - Bot heartbeat. PID=22484, version='2026.6', state='RUNNING'
[2026-08-18 07:07:19] 2026-08-18 07:07:19,774 - freqtrade.worker - INFO - Bot heartbeat. PID=22484, version='2026.6', state='RUNNING'
[2026-08-18 07:08:19] 2026-08-18 07:08:19,865 - freqtrade.worker - INFO - Bot heartbeat. PID=22484, version='2026.6', state='RUNNING'
[2026-08-18 07:08:26] 2026-08-18 07:08:26,777 - freqtrade.plugins.pairlistmanager - INFO - Whitelist with 50 pairs: ['BTC/USDT:USDT', 'ETH/USDT:USDT', 'SOL/USDT:USDT', 'ZEC/USDT:USDT', 'HYPE/USDT:USDT', 'XRP/USDT:USDT',
[2026-08-18 07:08:26] 'DOGE/USDT:USDT', 'BNB/USDT:USDT', 'SIREN/USDT:USDT', '1000PEPE/USDT:USDT', 'TAO/USDT:USDT', 'NEAR/USDT:USDT', 'WLD/USDT:USDT', 'SUI/USDT:USDT', 'ADA/USDT:USDT', 'SEI/USDT:USDT', 'AVAX/USDT:USDT',
[2026-08-18 07:08:26] 'ENA/USDT:USDT', 'LINK/USDT:USDT', 'FIL/USDT:USDT', 'XLM/USDT:USDT', 'BCH/USDT:USDT', 'ONDO/USDT:USDT', 'TRUMP/USDT:USDT', 'AAVE/USDT:USDT', 'DOT/USDT:USDT', 'PENGU/USDT:USDT', 'LTC/USDT:USDT',
[2026-08-18 07:08:26] 'TRX/USDT:USDT', 'FET/USDT:USDT', 'UNI/USDT:USDT', 'INJ/USDT:USDT', 'DASH/USDT:USDT', 'B/USDT:USDT', 'ARB/USDT:USDT', '1000SHIB/USDT:USDT', 'APE/USDT:USDT', 'XMR/USDT:USDT', 'APT/USDT:USDT',
[2026-08-18 07:08:26] 'WIF/USDT:USDT', 'ICP/USDT:USDT', 'ETC/USDT:USDT', 'VIRTUAL/USDT:USDT', 'HBAR/USDT:USDT', 'RENDER/USDT:USDT', 'CRV/USDT:USDT', 'JTO/USDT:USDT', 'OP/USDT:USDT', 'CHZ/USDT:USDT', '1000BONK/USDT:USDT']
[2026-08-18 07:09:20] 2026-08-18 07:09:19,957 - freqtrade.worker - INFO - Bot heartbeat. PID=22484, version='2026.6', state='RUNNING'
[2026-08-18 07:10:20] 2026-08-18 07:10:20,046 - freqtrade.worker - INFO - Bot heartbeat. PID=22484, version='2026.6', state='RUNNING'
[2026-08-18 07:11:20] 2026-08-18 07:11:20,123 - freqtrade.worker - INFO - Bot heartbeat. PID=22484, version='2026.6', state='RUNNING'
[2026-08-18 07:12:20] 2026-08-18 07:12:20,217 - freqtrade.worker - INFO - Bot heartbeat. PID=22484, version='2026.6', state='RUNNING'
[2026-08-18 07:13:20] 2026-08-18 07:13:20,309 - freqtrade.worker - INFO - Bot heartbeat. PID=22484, version='2026.6', state='RUNNING'
[2026-08-18 07:14:20] 2026-08-18 07:14:20,400 - freqtrade.worker - INFO - Bot heartbeat. PID=22484, version='2026.6', state='RUNNING'
[2026-08-18 07:15:23] 2026-08-18 07:15:23,112 - freqtrade.worker - INFO - Bot heartbeat. PID=22484, version='2026.6', state='RUNNING'
[2026-08-18 07:16:23] 2026-08-18 07:16:23,203 - freqtrade.worker - INFO - Bot heartbeat. PID=22484, version='2026.6', state='RUNNING'
[2026-08-18 07:17:23] 2026-08-18 07:17:23,298 - freqtrade.worker - INFO - Bot heartbeat. PID=22484, version='2026.6', state='RUNNING'
[2026-08-18 07:18:23] 2026-08-18 07:18:23,379 - freqtrade.worker - INFO - Bot heartbeat. PID=22484, version='2026.6', state='RUNNING'
[2026-08-18 07:19:23] 2026-08-18 07:19:23,469 - freqtrade.worker - INFO - Bot heartbeat. PID=22484, version='2026.6', state='RUNNING'
[2026-08-18 07:20:23] 2026-08-18 07:20:23,560 - freqtrade.worker - INFO - Bot heartbeat. PID=22484, version='2026.6', state='RUNNING'
[2026-08-18 07:21:23] 2026-08-18 07:21:23,659 - freqtrade.worker - INFO - Bot heartbeat. PID=22484, version='2026.6', state='RUNNING'
[2026-08-18 07:22:23] 2026-08-18 07:22:23,756 - freqtrade.worker - INFO - Bot heartbeat. PID=22484, version='2026.6', state='RUNNING'
[2026-08-18 07:23:23] 2026-08-18 07:23:23,841 - freqtrade.worker - INFO - Bot heartbeat. PID=22484, version='2026.6', state='RUNNING'
[2026-08-18 07:24:23] 2026-08-18 07:24:23,924 - freqtrade.worker - INFO - Bot heartbeat. PID=22484, version='2026.6', state='RUNNING'
[2026-08-18 07:25:24] 2026-08-18 07:25:24,010 - freqtrade.worker - INFO - Bot heartbeat. PID=22484, version='2026.6', state='RUNNING'
[2026-08-18 07:26:24] 2026-08-18 07:26:24,077 - freqtrade.worker - INFO - Bot heartbeat. PID=22484, version='2026.6', state='RUNNING'
[2026-08-18 07:27:24] 2026-08-18 07:27:24,166 - freqtrade.worker - INFO - Bot heartbeat. PID=22484, version='2026.6', state='RUNNING'
[2026-08-18 07:28:24] 2026-08-18 07:28:24,257 - freqtrade.worker - INFO - Bot heartbeat. PID=22484, version='2026.6', state='RUNNING'
[2026-08-18 07:29:24] 2026-08-18 07:29:24,346 - freqtrade.worker - INFO - Bot heartbeat. PID=22484, version='2026.6', state='RUNNING'
[2026-08-18 07:30:26] 2026-08-18 07:30:26,285 - freqtrade.worker - INFO - Bot heartbeat. PID=22484, version='2026.6', state='RUNNING'
[2026-08-18 07:31:04] 2026-08-18 07:31:03,990 - freqtrade.wallets - INFO - Wallets synced.
[2026-08-18 07:31:26] 2026-08-18 07:31:26,359 - freqtrade.worker - INFO - Bot heartbeat. PID=22484, version='2026.6', state='RUNNING'
[2026-08-18 07:32:26] 2026-08-18 07:32:26,456 - freqtrade.worker - INFO - Bot heartbeat. PID=22484, version='2026.6', state='RUNNING'
[2026-08-18 07:33:26] 2026-08-18 07:33:26,544 - freqtrade.worker - INFO - Bot heartbeat. PID=22484, version='2026.6', state='RUNNING'
[2026-08-18 07:34:26] 2026-08-18 07:34:26,619 - freqtrade.worker - INFO - Bot heartbeat. PID=22484, version='2026.6', state='RUNNING'
[2026-08-18 07:35:26] 2026-08-18 07:35:26,691 - freqtrade.worker - INFO - Bot heartbeat. PID=22484, version='2026.6', state='RUNNING'
[2026-08-18 07:36:26] 2026-08-18 07:36:26,788 - freqtrade.worker - INFO - Bot heartbeat. PID=22484, version='2026.6', state='RUNNING'
[2026-08-18 07:37:26] 2026-08-18 07:37:26,883 - freqtrade.worker - INFO - Bot heartbeat. PID=22484, version='2026.6', state='RUNNING'
[2026-08-18 07:38:31] 2026-08-18 07:38:31,876 - freqtrade.worker - INFO - Bot heartbeat. PID=22484, version='2026.6', state='RUNNING'
[2026-08-18 07:39:31] 2026-08-18 07:39:31,959 - freqtrade.worker - INFO - Bot heartbeat. PID=22484, version='2026.6', state='RUNNING'
[2026-08-18 07:40:32] 2026-08-18 07:40:32,059 - freqtrade.worker - INFO - Bot heartbeat. PID=22484, version='2026.6', state='RUNNING'
[2026-08-18 07:41:32] 2026-08-18 07:41:32,146 - freqtrade.worker - INFO - Bot heartbeat. PID=22484, version='2026.6', state='RUNNING'
[2026-08-18 07:42:32] 2026-08-18 07:42:32,215 - freqtrade.worker - INFO - Bot heartbeat. PID=22484, version='2026.6', state='RUNNING'
[2026-08-18 07:43:32] 2026-08-18 07:43:32,310 - freqtrade.worker - INFO - Bot heartbeat. PID=22484, version='2026.6', state='RUNNING'
[2026-08-18 07:44:32] 2026-08-18 07:44:32,409 - freqtrade.worker - INFO - Bot heartbeat. PID=22484, version='2026.6', state='RUNNING'
[2026-08-18 07:45:34] 2026-08-18 07:45:34,340 - freqtrade.worker - INFO - Bot heartbeat. PID=22484, version='2026.6', state='RUNNING'
[2026-08-18 07:46:34] 2026-08-18 07:46:34,426 - freqtrade.worker - INFO - Bot heartbeat. PID=22484, version='2026.6', state='RUNNING'
[2026-08-18 07:47:34] 2026-08-18 07:47:34,526 - freqtrade.worker - INFO - Bot heartbeat. PID=22484, version='2026.6', state='RUNNING'
[2026-08-18 07:48:34] 2026-08-18 07:48:34,625 - freqtrade.worker - INFO - Bot heartbeat. PID=22484, version='2026.6', state='RUNNING'
[2026-08-18 07:49:34] 2026-08-18 07:49:34,719 - freqtrade.worker - INFO - Bot heartbeat. PID=22484, version='2026.6', state='RUNNING'
[2026-08-18 07:50:34] 2026-08-18 07:50:34,808 - freqtrade.worker - INFO - Bot heartbeat. PID=22484, version='2026.6', state='RUNNING'
[2026-08-18 07:51:34] 2026-08-18 07:51:34,894 - freqtrade.worker - INFO - Bot heartbeat. PID=22484, version='2026.6', state='RUNNING'
[2026-08-18 07:52:35] 2026-08-18 07:52:34,984 - freqtrade.worker - INFO - Bot heartbeat. PID=22484, version='2026.6', state='RUNNING'
[2026-08-18 07:53:35] 2026-08-18 07:53:35,089 - freqtrade.worker - INFO - Bot heartbeat. PID=22484, version='2026.6', state='RUNNING'
[2026-08-18 07:54:35] 2026-08-18 07:54:35,187 - freqtrade.worker - INFO - Bot heartbeat. PID=22484, version='2026.6', state='RUNNING'
[2026-08-18 07:55:35] 2026-08-18 07:55:35,280 - freqtrade.worker - INFO - Bot heartbeat. PID=22484, version='2026.6', state='RUNNING'
[2026-08-18 07:56:35] 2026-08-18 07:56:35,371 - freqtrade.worker - INFO - Bot heartbeat. PID=22484, version='2026.6', state='RUNNING'
[2026-08-18 07:57:35] 2026-08-18 07:57:35,475 - freqtrade.worker - INFO - Bot heartbeat. PID=22484, version='2026.6', state='RUNNING'
[2026-08-18 07:58:35] 2026-08-18 07:58:35,576 - freqtrade.worker - INFO - Bot heartbeat. PID=22484, version='2026.6', state='RUNNING'
[2026-08-18 07:59:35] 2026-08-18 07:59:35,674 - freqtrade.worker - INFO - Bot heartbeat. PID=22484, version='2026.6', state='RUNNING'
[2026-08-18 08:00:18] 2026-08-18 08:00:18,066 - BreakoutV16GridV15QualityPfCombinedLiveParityFreqtrade - INFO - V16+Grid LIVE full context waiting: target=2026-08-17 22:00:00+00:00 ready=33/50
[2026-08-18 08:00:18] missing_or_stale=1000BONK/USDT:USDT,AAVE/USDT:USDT,ADA/USDT:USDT,BCH/USDT:USDT,CRV/USDT:USDT,DOGE/USDT:USDT,DOT/USDT:USDT,FIL/USDT:USDT,HBAR/USDT:USDT,ICP/USDT:USDT,PENGU/USDT:USDT,SIREN/USDT:USDT,SOL
[2026-08-18 08:00:18] /USDT:USDT,TAO/USDT:USDT,TRUMP/USDT:USDT,XLM/USDT:USDT,XMR/USDT:USDT
[2026-08-18 08:00:34] 2026-08-18 08:00:34,001 - BreakoutV10FGridV8DualSideFreqtrade - INFO - LIVE context synchronized: target=2026-08-17 22:00:00+00:00 pairs=50 candidates=none
[2026-08-18 08:00:39] 2026-08-18 08:00:39,335 - freqtrade.worker - INFO - Bot heartbeat. PID=22484, version='2026.6', state='RUNNING'
[2026-08-18 08:01:07] 2026-08-18 08:01:07,027 - freqtrade.wallets - INFO - Wallets synced.
[2026-08-18 08:01:39] 2026-08-18 08:01:39,413 - freqtrade.worker - INFO - Bot heartbeat. PID=22484, version='2026.6', state='RUNNING'
[2026-08-18 08:02:39] 2026-08-18 08:02:39,499 - freqtrade.worker - INFO - Bot heartbeat. PID=22484, version='2026.6', state='RUNNING'
[2026-08-18 08:03:39] 2026-08-18 08:03:39,596 - freqtrade.worker - INFO - Bot heartbeat. PID=22484, version='2026.6', state='RUNNING'
[2026-08-18 08:04:39] 2026-08-18 08:04:39,661 - freqtrade.worker - INFO - Bot heartbeat. PID=22484, version='2026.6', state='RUNNING'
[2026-08-18 08:05:39] 2026-08-18 08:05:39,743 - freqtrade.worker - INFO - Bot heartbeat. PID=22484, version='2026.6', state='RUNNING'
[2026-08-18 08:06:39] 2026-08-18 08:06:39,819 - freqtrade.worker - INFO - Bot heartbeat. PID=22484, version='2026.6', state='RUNNING'
[2026-08-18 08:07:39] 2026-08-18 08:07:39,896 - freqtrade.worker - INFO - Bot heartbeat. PID=22484, version='2026.6', state='RUNNING'
[2026-08-18 08:08:31] 2026-08-18 08:08:31,857 - freqtrade.plugins.pairlistmanager - INFO - Whitelist with 50 pairs: ['BTC/USDT:USDT', 'ETH/USDT:USDT', 'SOL/USDT:USDT', 'ZEC/USDT:USDT', 'HYPE/USDT:USDT', 'XRP/USDT:USDT',
[2026-08-18 08:08:31] 'DOGE/USDT:USDT', 'BNB/USDT:USDT', 'SIREN/USDT:USDT', '1000PEPE/USDT:USDT', 'TAO/USDT:USDT', 'NEAR/USDT:USDT', 'WLD/USDT:USDT', 'SUI/USDT:USDT', 'ADA/USDT:USDT', 'SEI/USDT:USDT', 'AVAX/USDT:USDT',
[2026-08-18 08:08:31] 'ENA/USDT:USDT', 'LINK/USDT:USDT', 'FIL/USDT:USDT', 'XLM/USDT:USDT', 'BCH/USDT:USDT', 'ONDO/USDT:USDT', 'TRUMP/USDT:USDT', 'AAVE/USDT:USDT', 'DOT/USDT:USDT', 'PENGU/USDT:USDT', 'LTC/USDT:USDT',
[2026-08-18 08:08:31] 'TRX/USDT:USDT', 'FET/USDT:USDT', 'UNI/USDT:USDT', 'INJ/USDT:USDT', 'DASH/USDT:USDT', 'B/USDT:USDT', 'ARB/USDT:USDT', '1000SHIB/USDT:USDT', 'APE/USDT:USDT', 'XMR/USDT:USDT', 'APT/USDT:USDT',
[2026-08-18 08:08:31] 'WIF/USDT:USDT', 'ICP/USDT:USDT', 'ETC/USDT:USDT', 'VIRTUAL/USDT:USDT', 'HBAR/USDT:USDT', 'RENDER/USDT:USDT', 'CRV/USDT:USDT', 'JTO/USDT:USDT', 'OP/USDT:USDT', 'CHZ/USDT:USDT', '1000BONK/USDT:USDT']
[2026-08-18 08:08:40] 2026-08-18 08:08:39,989 - freqtrade.worker - INFO - Bot heartbeat. PID=22484, version='2026.6', state='RUNNING'
[2026-08-18 08:09:40] 2026-08-18 08:09:40,075 - freqtrade.worker - INFO - Bot heartbeat. PID=22484, version='2026.6', state='RUNNING'
[2026-08-18 08:10:40] 2026-08-18 08:10:40,159 - freqtrade.worker - INFO - Bot heartbeat. PID=22484, version='2026.6', state='RUNNING'
[2026-08-18 08:11:40] 2026-08-18 08:11:40,255 - freqtrade.worker - INFO - Bot heartbeat. PID=22484, version='2026.6', state='RUNNING'
[2026-08-18 08:12:40] 2026-08-18 08:12:40,338 - freqtrade.worker - INFO - Bot heartbeat. PID=22484, version='2026.6', state='RUNNING'
[2026-08-18 08:13:40] 2026-08-18 08:13:40,442 - freqtrade.worker - INFO - Bot heartbeat. PID=22484, version='2026.6', state='RUNNING'
[2026-08-18 08:14:40] 2026-08-18 08:14:40,526 - freqtrade.worker - INFO - Bot heartbeat. PID=22484, version='2026.6', state='RUNNING'
[2026-08-18 08:15:42] 2026-08-18 08:15:42,555 - freqtrade.worker - INFO - Bot heartbeat. PID=22484, version='2026.6', state='RUNNING'
[2026-08-18 08:16:42] 2026-08-18 08:16:42,656 - freqtrade.worker - INFO - Bot heartbeat. PID=22484, version='2026.6', state='RUNNING'
[2026-08-18 08:17:42] 2026-08-18 08:17:42,756 - freqtrade.worker - INFO - Bot heartbeat. PID=22484, version='2026.6', state='RUNNING'
[2026-08-18 08:18:42] 2026-08-18 08:18:42,845 - freqtrade.worker - INFO - Bot heartbeat. PID=22484, version='2026.6', state='RUNNING'
[2026-08-18 08:19:43] 2026-08-18 08:19:42,936 - freqtrade.worker - INFO - Bot heartbeat. PID=22484, version='2026.6', state='RUNNING'
[2026-08-18 08:20:43] 2026-08-18 08:20:43,013 - freqtrade.worker - INFO - Bot heartbeat. PID=22484, version='2026.6', state='RUNNING'
[2026-08-18 08:21:43] 2026-08-18 08:21:43,103 - freqtrade.worker - INFO - Bot heartbeat. PID=22484, version='2026.6', state='RUNNING'
[2026-08-18 08:22:43] 2026-08-18 08:22:43,186 - freqtrade.worker - INFO - Bot heartbeat. PID=22484, version='2026.6', state='RUNNING'
[2026-08-18 08:23:43] 2026-08-18 08:23:43,274 - freqtrade.worker - INFO - Bot heartbeat. PID=22484, version='2026.6', state='RUNNING'
[2026-08-18 08:24:43] 2026-08-18 08:24:43,376 - freqtrade.worker - INFO - Bot heartbeat. PID=22484, version='2026.6', state='RUNNING'
[2026-08-18 08:25:43] 2026-08-18 08:25:43,457 - freqtrade.worker - INFO - Bot heartbeat. PID=22484, version='2026.6', state='RUNNING'
[2026-08-18 08:26:43] 2026-08-18 08:26:43,556 - freqtrade.worker - INFO - Bot heartbeat. PID=22484, version='2026.6', state='RUNNING'
[2026-08-18 08:27:43] 2026-08-18 08:27:43,629 - freqtrade.worker - INFO - Bot heartbeat. PID=22484, version='2026.6', state='RUNNING'
[2026-08-18 08:28:48] 2026-08-18 08:28:48,618 - freqtrade.worker - INFO - Bot heartbeat. PID=22484, version='2026.6', state='RUNNING'
[2026-08-18 08:29:48] 2026-08-18 08:29:48,696 - freqtrade.worker - INFO - Bot heartbeat. PID=22484, version='2026.6', state='RUNNING'
[2026-08-18 08:30:50] 2026-08-18 08:30:50,674 - freqtrade.worker - INFO - Bot heartbeat. PID=22484, version='2026.6', state='RUNNING'
[2026-08-18 08:31:08] 2026-08-18 08:31:08,529 - freqtrade.wallets - INFO - Wallets synced.
[2026-08-18 08:31:50] 2026-08-18 08:31:50,760 - freqtrade.worker - INFO - Bot heartbeat. PID=22484, version='2026.6', state='RUNNING'
[2026-08-18 08:32:50] 2026-08-18 08:32:50,837 - freqtrade.worker - INFO - Bot heartbeat. PID=22484, version='2026.6', state='RUNNING'
[2026-08-18 08:33:51] 2026-08-18 08:33:50,937 - freqtrade.worker - INFO - Bot heartbeat. PID=22484, version='2026.6', state='RUNNING'
[2026-08-18 08:34:51] 2026-08-18 08:34:51,030 - freqtrade.worker - INFO - Bot heartbeat. PID=22484, version='2026.6', state='RUNNING'
[2026-08-18 08:35:51] 2026-08-18 08:35:51,117 - freqtrade.worker - INFO - Bot heartbeat. PID=22484, version='2026.6', state='RUNNING'
[2026-08-18 08:36:51] 2026-08-18 08:36:51,220 - freqtrade.worker - INFO - Bot heartbeat. PID=22484, version='2026.6', state='RUNNING'
[2026-08-18 08:37:51] 2026-08-18 08:37:51,312 - freqtrade.worker - INFO - Bot heartbeat. PID=22484, version='2026.6', state='RUNNING'
[2026-08-18 08:38:51] 2026-08-18 08:38:51,405 - freqtrade.worker - INFO - Bot heartbeat. PID=22484, version='2026.6', state='RUNNING'
[2026-08-18 08:39:51] 2026-08-18 08:39:51,503 - freqtrade.worker - INFO - Bot heartbeat. PID=22484, version='2026.6', state='RUNNING'
[2026-08-18 08:40:51] 2026-08-18 08:40:51,597 - freqtrade.worker - INFO - Bot heartbeat. PID=22484, version='2026.6', state='RUNNING'
[2026-08-18 08:41:51] 2026-08-18 08:41:51,673 - freqtrade.worker - INFO - Bot heartbeat. PID=22484, version='2026.6', state='RUNNING'
[2026-08-18 08:42:51] 2026-08-18 08:42:51,736 - freqtrade.worker - INFO - Bot heartbeat. PID=22484, version='2026.6', state='RUNNING'
[2026-08-18 08:43:51] 2026-08-18 08:43:51,822 - freqtrade.worker - INFO - Bot heartbeat. PID=22484, version='2026.6', state='RUNNING'
[2026-08-18 08:44:52] 2026-08-18 08:44:51,921 - freqtrade.worker - INFO - Bot heartbeat. PID=22484, version='2026.6', state='RUNNING'
[2026-08-18 08:45:54] 2026-08-18 08:45:54,130 - freqtrade.worker - INFO - Bot heartbeat. PID=22484, version='2026.6', state='RUNNING'
[2026-08-18 08:46:54] 2026-08-18 08:46:54,233 - freqtrade.worker - INFO - Bot heartbeat. PID=22484, version='2026.6', state='RUNNING'
[2026-08-18 08:47:54] 2026-08-18 08:47:54,333 - freqtrade.worker - INFO - Bot heartbeat. PID=22484, version='2026.6', state='RUNNING'
[2026-08-18 08:48:54] 2026-08-18 08:48:54,425 - freqtrade.worker - INFO - Bot heartbeat. PID=22484, version='2026.6', state='RUNNING'
[2026-08-18 08:49:54] 2026-08-18 08:49:54,519 - freqtrade.worker - INFO - Bot heartbeat. PID=22484, version='2026.6', state='RUNNING'
[2026-08-18 08:50:54] 2026-08-18 08:50:54,591 - freqtrade.worker - INFO - Bot heartbeat. PID=22484, version='2026.6', state='RUNNING'
[2026-08-18 08:51:54] 2026-08-18 08:51:54,675 - freqtrade.worker - INFO - Bot heartbeat. PID=22484, version='2026.6', state='RUNNING'
[2026-08-18 08:52:54] 2026-08-18 08:52:54,755 - freqtrade.worker - INFO - Bot heartbeat. PID=22484, version='2026.6', state='RUNNING'
[2026-08-18 08:53:54] 2026-08-18 08:53:54,838 - freqtrade.worker - INFO - Bot heartbeat. PID=22484, version='2026.6', state='RUNNING'
[2026-08-18 08:54:54] 2026-08-18 08:54:54,928 - freqtrade.worker - INFO - Bot heartbeat. PID=22484, version='2026.6', state='RUNNING'
[2026-08-18 08:55:55] 2026-08-18 08:55:55,006 - freqtrade.worker - INFO - Bot heartbeat. PID=22484, version='2026.6', state='RUNNING'
[2026-08-18 08:56:55] 2026-08-18 08:56:55,064 - freqtrade.worker - INFO - Bot heartbeat. PID=22484, version='2026.6', state='RUNNING'
[2026-08-18 08:57:55] 2026-08-18 08:57:55,136 - freqtrade.worker - INFO - Bot heartbeat. PID=22484, version='2026.6', state='RUNNING'
[2026-08-18 08:58:55] 2026-08-18 08:58:55,212 - freqtrade.worker - INFO - Bot heartbeat. PID=22484, version='2026.6', state='RUNNING'
[2026-08-18 08:59:55] 2026-08-18 08:59:55,311 - freqtrade.worker - INFO - Bot heartbeat. PID=22484, version='2026.6', state='RUNNING'
[2026-08-18 09:00:18] 2026-08-18 09:00:17,955 - BreakoutV16GridV15QualityPfCombinedLiveParityFreqtrade - INFO - V16+Grid LIVE full context waiting: target=2026-08-17 23:00:00+00:00 ready=32/50
[2026-08-18 09:00:18] missing_or_stale=1000BONK/USDT:USDT,1000SHIB/USDT:USDT,AAVE/USDT:USDT,ADA/USDT:USDT,AVAX/USDT:USDT,B/USDT:USDT,BCH/USDT:USDT,CRV/USDT:USDT,FIL/USDT:USDT,HBAR/USDT:USDT,ICP/USDT:USDT,INJ/USDT:USDT,JTO/
[2026-08-18 09:00:18] USDT:USDT,PENGU/USDT:USDT,SIREN/USDT:USDT,SOL/USDT:USDT,TAO/USDT:USDT,XMR/USDT:USDT
[2026-08-18 09:00:34] 2026-08-18 09:00:34,339 - BreakoutV10FGridV8DualSideFreqtrade - INFO - LIVE context synchronized: target=2026-08-17 23:00:00+00:00 pairs=50 candidates=none
[2026-08-18 09:00:59] 2026-08-18 09:00:59,714 - freqtrade.worker - INFO - Bot heartbeat. PID=22484, version='2026.6', state='RUNNING'
[2026-08-18 09:01:07] 2026-08-18 09:01:07,385 - freqtrade.wallets - INFO - Wallets synced.
[2026-08-18 09:01:59] 2026-08-18 09:01:59,785 - freqtrade.worker - INFO - Bot heartbeat. PID=22484, version='2026.6', state='RUNNING'
[2026-08-18 09:02:59] 2026-08-18 09:02:59,862 - freqtrade.worker - INFO - Bot heartbeat. PID=22484, version='2026.6', state='RUNNING'
[2026-08-18 09:04:00] 2026-08-18 09:03:59,957 - freqtrade.worker - INFO - Bot heartbeat. PID=22484, version='2026.6', state='RUNNING'
[2026-08-18 09:05:00] 2026-08-18 09:05:00,041 - freqtrade.worker - INFO - Bot heartbeat. PID=22484, version='2026.6', state='RUNNING'
[2026-08-18 09:06:00] 2026-08-18 09:06:00,114 - freqtrade.worker - INFO - Bot heartbeat. PID=22484, version='2026.6', state='RUNNING'
[2026-08-18 09:07:00] 2026-08-18 09:07:00,187 - freqtrade.worker - INFO - Bot heartbeat. PID=22484, version='2026.6', state='RUNNING'
[2026-08-18 09:08:00] 2026-08-18 09:08:00,290 - freqtrade.worker - INFO - Bot heartbeat. PID=22484, version='2026.6', state='RUNNING'
[2026-08-18 09:08:37] 2026-08-18 09:08:37,379 - freqtrade.plugins.pairlistmanager - INFO - Whitelist with 50 pairs: ['BTC/USDT:USDT', 'ETH/USDT:USDT', 'SOL/USDT:USDT', 'ZEC/USDT:USDT', 'HYPE/USDT:USDT', 'XRP/USDT:USDT',
[2026-08-18 09:08:37] 'DOGE/USDT:USDT', 'BNB/USDT:USDT', 'SIREN/USDT:USDT', '1000PEPE/USDT:USDT', 'TAO/USDT:USDT', 'NEAR/USDT:USDT', 'WLD/USDT:USDT', 'SUI/USDT:USDT', 'ADA/USDT:USDT', 'SEI/USDT:USDT', 'AVAX/USDT:USDT',
[2026-08-18 09:08:37] 'ENA/USDT:USDT', 'LINK/USDT:USDT', 'FIL/USDT:USDT', 'XLM/USDT:USDT', 'BCH/USDT:USDT', 'ONDO/USDT:USDT', 'TRUMP/USDT:USDT', 'AAVE/USDT:USDT', 'DOT/USDT:USDT', 'PENGU/USDT:USDT', 'LTC/USDT:USDT',
[2026-08-18 09:08:37] 'TRX/USDT:USDT', 'FET/USDT:USDT', 'UNI/USDT:USDT', 'INJ/USDT:USDT', 'DASH/USDT:USDT', 'B/USDT:USDT', 'ARB/USDT:USDT', '1000SHIB/USDT:USDT', 'APE/USDT:USDT', 'XMR/USDT:USDT', 'APT/USDT:USDT',
[2026-08-18 09:08:37] 'WIF/USDT:USDT', 'ICP/USDT:USDT', 'ETC/USDT:USDT', 'VIRTUAL/USDT:USDT', 'HBAR/USDT:USDT', 'RENDER/USDT:USDT', 'CRV/USDT:USDT', 'JTO/USDT:USDT', 'OP/USDT:USDT', 'CHZ/USDT:USDT', '1000BONK/USDT:USDT']
[2026-08-18 09:09:00] 2026-08-18 09:09:00,366 - freqtrade.worker - INFO - Bot heartbeat. PID=22484, version='2026.6', state='RUNNING'
[2026-08-18 09:10:00] 2026-08-18 09:10:00,475 - freqtrade.worker - INFO - Bot heartbeat. PID=22484, version='2026.6', state='RUNNING'
[2026-08-18 09:11:00] 2026-08-18 09:11:00,559 - freqtrade.worker - INFO - Bot heartbeat. PID=22484, version='2026.6', state='RUNNING'
[2026-08-18 09:12:00] 2026-08-18 09:12:00,654 - freqtrade.worker - INFO - Bot heartbeat. PID=22484, version='2026.6', state='RUNNING'
[2026-08-18 09:13:00] 2026-08-18 09:13:00,741 - freqtrade.worker - INFO - Bot heartbeat. PID=22484, version='2026.6', state='RUNNING'
[2026-08-18 09:14:00] 2026-08-18 09:14:00,824 - freqtrade.worker - INFO - Bot heartbeat. PID=22484, version='2026.6', state='RUNNING'
[2026-08-18 09:15:00] 2026-08-18 09:15:00,916 - freqtrade.worker - INFO - Bot heartbeat. PID=22484, version='2026.6', state='RUNNING'
[2026-08-18 09:16:03] 2026-08-18 09:16:03,355 - freqtrade.worker - INFO - Bot heartbeat. PID=22484, version='2026.6', state='RUNNING'
[2026-08-18 09:17:03] 2026-08-18 09:17:03,438 - freqtrade.worker - INFO - Bot heartbeat. PID=22484, version='2026.6', state='RUNNING'
[2026-08-18 09:18:03] 2026-08-18 09:18:03,530 - freqtrade.worker - INFO - Bot heartbeat. PID=22484, version='2026.6', state='RUNNING'
[2026-08-18 09:19:03] 2026-08-18 09:19:03,627 - freqtrade.worker - INFO - Bot heartbeat. PID=22484, version='2026.6', state='RUNNING'
[2026-08-18 09:20:03] 2026-08-18 09:20:03,711 - freqtrade.worker - INFO - Bot heartbeat. PID=22484, version='2026.6', state='RUNNING'
[2026-08-18 09:21:03] 2026-08-18 09:21:03,797 - freqtrade.worker - INFO - Bot heartbeat. PID=22484, version='2026.6', state='RUNNING'
[2026-08-18 09:22:03] 2026-08-18 09:22:03,871 - freqtrade.worker - INFO - Bot heartbeat. PID=22484, version='2026.6', state='RUNNING'
[2026-08-18 09:23:04] 2026-08-18 09:23:03,961 - freqtrade.worker - INFO - Bot heartbeat. PID=22484, version='2026.6', state='RUNNING'
[2026-08-18 09:24:04] 2026-08-18 09:24:04,025 - freqtrade.worker - INFO - Bot heartbeat. PID=22484, version='2026.6', state='RUNNING'
[2026-08-18 09:25:04] 2026-08-18 09:25:04,107 - freqtrade.worker - INFO - Bot heartbeat. PID=22484, version='2026.6', state='RUNNING'
[2026-08-18 09:26:04] 2026-08-18 09:26:04,188 - freqtrade.worker - INFO - Bot heartbeat. PID=22484, version='2026.6', state='RUNNING'
[2026-08-18 09:27:04] 2026-08-18 09:27:04,278 - freqtrade.worker - INFO - Bot heartbeat. PID=22484, version='2026.6', state='RUNNING'
[2026-08-18 09:28:04] 2026-08-18 09:28:04,346 - freqtrade.worker - INFO - Bot heartbeat. PID=22484, version='2026.6', state='RUNNING'
[2026-08-18 09:29:04] 2026-08-18 09:29:04,435 - freqtrade.worker - INFO - Bot heartbeat. PID=22484, version='2026.6', state='RUNNING'
[2026-08-18 09:30:04] 2026-08-18 09:30:04,518 - freqtrade.worker - INFO - Bot heartbeat. PID=22484, version='2026.6', state='RUNNING'
[2026-08-18 09:31:04] 2026-08-18 09:31:04,314 - freqtrade.wallets - INFO - Wallets synced.
[2026-08-18 09:31:06] 2026-08-18 09:31:06,535 - freqtrade.worker - INFO - Bot heartbeat. PID=22484, version='2026.6', state='RUNNING'
[2026-08-18 09:32:06] 2026-08-18 09:32:06,612 - freqtrade.worker - INFO - Bot heartbeat. PID=22484, version='2026.6', state='RUNNING'
[2026-08-18 09:33:06] 2026-08-18 09:33:06,710 - freqtrade.worker - INFO - Bot heartbeat. PID=22484, version='2026.6', state='RUNNING'
[2026-08-18 09:34:06] 2026-08-18 09:34:06,804 - freqtrade.worker - INFO - Bot heartbeat. PID=22484, version='2026.6', state='RUNNING'
[2026-08-18 09:35:06] 2026-08-18 09:35:06,892 - freqtrade.worker - INFO - Bot heartbeat. PID=22484, version='2026.6', state='RUNNING'
[2026-08-18 09:36:07] 2026-08-18 09:36:06,978 - freqtrade.worker - INFO - Bot heartbeat. PID=22484, version='2026.6', state='RUNNING'
[2026-08-18 09:37:07] 2026-08-18 09:37:07,052 - freqtrade.worker - INFO - Bot heartbeat. PID=22484, version='2026.6', state='RUNNING'
[2026-08-18 09:38:07] 2026-08-18 09:38:07,122 - freqtrade.worker - INFO - Bot heartbeat. PID=22484, version='2026.6', state='RUNNING'
[2026-08-18 09:39:07] 2026-08-18 09:39:07,209 - freqtrade.worker - INFO - Bot heartbeat. PID=22484, version='2026.6', state='RUNNING'
[2026-08-18 09:40:07] 2026-08-18 09:40:07,298 - freqtrade.worker - INFO - Bot heartbeat. PID=22484, version='2026.6', state='RUNNING'
[2026-08-18 09:41:07] 2026-08-18 09:41:07,370 - freqtrade.worker - INFO - Bot heartbeat. PID=22484, version='2026.6', state='RUNNING'
[2026-08-18 09:42:07] 2026-08-18 09:42:07,460 - freqtrade.worker - INFO - Bot heartbeat. PID=22484, version='2026.6', state='RUNNING'
[2026-08-18 09:43:07] 2026-08-18 09:43:07,551 - freqtrade.worker - INFO - Bot heartbeat. PID=22484, version='2026.6', state='RUNNING'
[2026-08-18 09:44:07] 2026-08-18 09:44:07,629 - freqtrade.worker - INFO - Bot heartbeat. PID=22484, version='2026.6', state='RUNNING'
[2026-08-18 09:45:09] 2026-08-18 09:45:09,566 - freqtrade.worker - INFO - Bot heartbeat. PID=22484, version='2026.6', state='RUNNING'
[2026-08-18 09:46:09] 2026-08-18 09:46:09,618 - freqtrade.worker - INFO - Bot heartbeat. PID=22484, version='2026.6', state='RUNNING'
[2026-08-18 09:47:09] 2026-08-18 09:47:09,718 - freqtrade.worker - INFO - Bot heartbeat. PID=22484, version='2026.6', state='RUNNING'
[2026-08-18 09:48:09] 2026-08-18 09:48:09,807 - freqtrade.worker - INFO - Bot heartbeat. PID=22484, version='2026.6', state='RUNNING'
[2026-08-18 09:49:09] 2026-08-18 09:49:09,910 - freqtrade.worker - INFO - Bot heartbeat. PID=22484, version='2026.6', state='RUNNING'
[2026-08-18 09:50:10] 2026-08-18 09:50:10,006 - freqtrade.worker - INFO - Bot heartbeat. PID=22484, version='2026.6', state='RUNNING'
[2026-08-18 09:51:10] 2026-08-18 09:51:10,092 - freqtrade.worker - INFO - Bot heartbeat. PID=22484, version='2026.6', state='RUNNING'
[2026-08-18 09:52:10] 2026-08-18 09:52:10,177 - freqtrade.worker - INFO - Bot heartbeat. PID=22484, version='2026.6', state='RUNNING'
[2026-08-18 09:53:10] 2026-08-18 09:53:10,257 - freqtrade.worker - INFO - Bot heartbeat. PID=22484, version='2026.6', state='RUNNING'
[2026-08-18 09:54:10] 2026-08-18 09:54:10,342 - freqtrade.worker - INFO - Bot heartbeat. PID=22484, version='2026.6', state='RUNNING'
[2026-08-18 09:55:10] 2026-08-18 09:55:10,420 - freqtrade.worker - INFO - Bot heartbeat. PID=22484, version='2026.6', state='RUNNING'
[2026-08-18 09:56:10] 2026-08-18 09:56:10,513 - freqtrade.worker - INFO - Bot heartbeat. PID=22484, version='2026.6', state='RUNNING'
[2026-08-18 09:57:15] 2026-08-18 09:57:15,515 - freqtrade.worker - INFO - Bot heartbeat. PID=22484, version='2026.6', state='RUNNING'
[2026-08-18 09:58:15] 2026-08-18 09:58:15,613 - freqtrade.worker - INFO - Bot heartbeat. PID=22484, version='2026.6', state='RUNNING'
[2026-08-18 09:59:15] 2026-08-18 09:59:15,713 - freqtrade.worker - INFO - Bot heartbeat. PID=22484, version='2026.6', state='RUNNING'
[2026-08-18 10:00:18] 2026-08-18 10:00:18,300 - BreakoutV16GridV15QualityPfCombinedLiveParityFreqtrade - INFO - V16+Grid LIVE full context waiting: target=2026-08-18 00:00:00+00:00 ready=34/50
[2026-08-18 10:00:18] missing_or_stale=1000SHIB/USDT:USDT,AAVE/USDT:USDT,ADA/USDT:USDT,B/USDT:USDT,BNB/USDT:USDT,CRV/USDT:USDT,DOT/USDT:USDT,FIL/USDT:USDT,HBAR/USDT:USDT,ICP/USDT:USDT,OP/USDT:USDT,PENGU/USDT:USDT,SIREN/USD
[2026-08-18 10:00:18] T:USDT,SOL/USDT:USDT,TAO/USDT:USDT,XMR/USDT:USDT
[2026-08-18 10:00:18] 2026-08-18 10:00:18,615 - freqtrade.worker - INFO - Bot heartbeat. PID=22484, version='2026.6', state='RUNNING'
[2026-08-18 10:00:34] 2026-08-18 10:00:34,084 - BreakoutV10FGridV8DualSideFreqtrade - INFO - LIVE context synchronized: target=2026-08-18 00:00:00+00:00 pairs=50 candidates=1000BONK/USDT:USDT:SHORT
[2026-08-18 10:00:34] 2026-08-18 10:00:34,493 - freqtrade.wallets - INFO - Wallets synced.
[2026-08-18 10:00:35] 2026-08-18 10:00:35,830 - freqtrade.wallets - INFO - Wallets synced.
[2026-08-18 10:00:40] 2026-08-18 10:00:40,803 - freqtrade.wallets - INFO - Wallets synced.
[2026-08-18 10:00:45] 2026-08-18 10:00:45,815 - freqtrade.wallets - INFO - Wallets synced.
[2026-08-18 10:00:50] 2026-08-18 10:00:50,817 - freqtrade.wallets - INFO - Wallets synced.
[2026-08-18 10:00:55] 2026-08-18 10:00:55,833 - freqtrade.wallets - INFO - Wallets synced.
[2026-08-18 10:01:00] 2026-08-18 10:01:00,867 - freqtrade.wallets - INFO - Wallets synced.
[2026-08-18 10:01:05] 2026-08-18 10:01:05,838 - freqtrade.wallets - INFO - Wallets synced.
[2026-08-18 10:01:07] 2026-08-18 10:01:07,560 - freqtrade.wallets - INFO - Wallets synced.
[2026-08-18 10:01:10] 2026-08-18 10:01:10,884 - freqtrade.wallets - INFO - Wallets synced.
[2026-08-18 10:01:15] 2026-08-18 10:01:15,864 - freqtrade.wallets - INFO - Wallets synced.
[2026-08-18 10:01:19] 2026-08-18 10:01:19,656 - freqtrade.worker - INFO - Bot heartbeat. PID=22484, version='2026.6', state='RUNNING'
[2026-08-18 10:01:20] 2026-08-18 10:01:20,916 - freqtrade.wallets - INFO - Wallets synced.
[2026-08-18 10:01:25] 2026-08-18 10:01:25,899 - freqtrade.wallets - INFO - Wallets synced.
[2026-08-18 10:02:19] 2026-08-18 10:02:19,744 - freqtrade.worker - INFO - Bot heartbeat. PID=22484, version='2026.6', state='RUNNING'
[2026-08-18 10:03:19] 2026-08-18 10:03:19,850 - freqtrade.worker - INFO - Bot heartbeat. PID=22484, version='2026.6', state='RUNNING'
[2026-08-18 10:04:19] 2026-08-18 10:04:19,936 - freqtrade.worker - INFO - Bot heartbeat. PID=22484, version='2026.6', state='RUNNING'
[2026-08-18 10:05:20] 2026-08-18 10:05:20,005 - freqtrade.worker - INFO - Bot heartbeat. PID=22484, version='2026.6', state='RUNNING'
[2026-08-18 10:06:20] 2026-08-18 10:06:20,084 - freqtrade.worker - INFO - Bot heartbeat. PID=22484, version='2026.6', state='RUNNING'
[2026-08-18 10:07:20] 2026-08-18 10:07:20,187 - freqtrade.worker - INFO - Bot heartbeat. PID=22484, version='2026.6', state='RUNNING'
[2026-08-18 10:08:20] 2026-08-18 10:08:20,256 - freqtrade.worker - INFO - Bot heartbeat. PID=22484, version='2026.6', state='RUNNING'
[2026-08-18 10:08:42] 2026-08-18 10:08:42,390 - freqtrade.plugins.pairlistmanager - INFO - Whitelist with 50 pairs: ['BTC/USDT:USDT', 'ETH/USDT:USDT', 'SOL/USDT:USDT', 'ZEC/USDT:USDT', 'HYPE/USDT:USDT', 'XRP/USDT:USDT',
[2026-08-18 10:08:42] 'DOGE/USDT:USDT', 'BNB/USDT:USDT', 'SIREN/USDT:USDT', '1000PEPE/USDT:USDT', 'TAO/USDT:USDT', 'NEAR/USDT:USDT', 'WLD/USDT:USDT', 'SUI/USDT:USDT', 'ADA/USDT:USDT', 'SEI/USDT:USDT', 'AVAX/USDT:USDT',
[2026-08-18 10:08:42] 'ENA/USDT:USDT', 'LINK/USDT:USDT', 'FIL/USDT:USDT', 'XLM/USDT:USDT', 'BCH/USDT:USDT', 'ONDO/USDT:USDT', 'TRUMP/USDT:USDT', 'AAVE/USDT:USDT', 'DOT/USDT:USDT', 'PENGU/USDT:USDT', 'LTC/USDT:USDT',
[2026-08-18 10:08:42] 'TRX/USDT:USDT', 'FET/USDT:USDT', 'UNI/USDT:USDT', 'INJ/USDT:USDT', 'DASH/USDT:USDT', 'B/USDT:USDT', 'ARB/USDT:USDT', '1000SHIB/USDT:USDT', 'APE/USDT:USDT', 'XMR/USDT:USDT', 'APT/USDT:USDT',
[2026-08-18 10:08:42] 'WIF/USDT:USDT', 'ICP/USDT:USDT', 'ETC/USDT:USDT', 'VIRTUAL/USDT:USDT', 'HBAR/USDT:USDT', 'RENDER/USDT:USDT', 'CRV/USDT:USDT', 'JTO/USDT:USDT', 'OP/USDT:USDT', 'CHZ/USDT:USDT', '1000BONK/USDT:USDT']
[2026-08-18 10:09:20] 2026-08-18 10:09:20,346 - freqtrade.worker - INFO - Bot heartbeat. PID=22484, version='2026.6', state='RUNNING'
[2026-08-18 10:10:20] 2026-08-18 10:10:20,433 - freqtrade.worker - INFO - Bot heartbeat. PID=22484, version='2026.6', state='RUNNING'
[2026-08-18 10:11:20] 2026-08-18 10:11:20,506 - freqtrade.worker - INFO - Bot heartbeat. PID=22484, version='2026.6', state='RUNNING'
[2026-08-18 10:12:20] 2026-08-18 10:12:20,567 - freqtrade.worker - INFO - Bot heartbeat. PID=22484, version='2026.6', state='RUNNING'
[2026-08-18 10:13:20] 2026-08-18 10:13:20,647 - freqtrade.worker - INFO - Bot heartbeat. PID=22484, version='2026.6', state='RUNNING'
[2026-08-18 10:14:20] 2026-08-18 10:14:20,701 - freqtrade.worker - INFO - Bot heartbeat. PID=22484, version='2026.6', state='RUNNING'
[2026-08-18 10:15:23] 2026-08-18 10:15:23,287 - freqtrade.worker - INFO - Bot heartbeat. PID=22484, version='2026.6', state='RUNNING'
[2026-08-18 10:16:23] 2026-08-18 10:16:23,348 - freqtrade.worker - INFO - Bot heartbeat. PID=22484, version='2026.6', state='RUNNING'
[2026-08-18 10:17:23] 2026-08-18 10:17:23,450 - freqtrade.worker - INFO - Bot heartbeat. PID=22484, version='2026.6', state='RUNNING'
[2026-08-18 10:18:23] 2026-08-18 10:18:23,548 - freqtrade.worker - INFO - Bot heartbeat. PID=22484, version='2026.6', state='RUNNING'
[2026-08-18 10:19:23] 2026-08-18 10:19:23,638 - freqtrade.worker - INFO - Bot heartbeat. PID=22484, version='2026.6', state='RUNNING'
[2026-08-18 10:20:23] 2026-08-18 10:20:23,713 - freqtrade.worker - INFO - Bot heartbeat. PID=22484, version='2026.6', state='RUNNING'
[2026-08-18 10:21:23] 2026-08-18 10:21:23,780 - freqtrade.worker - INFO - Bot heartbeat. PID=22484, version='2026.6', state='RUNNING'
[2026-08-18 10:22:23] 2026-08-18 10:22:23,864 - freqtrade.worker - INFO - Bot heartbeat. PID=22484, version='2026.6', state='RUNNING'
[2026-08-18 10:23:24] 2026-08-18 10:23:23,950 - freqtrade.worker - INFO - Bot heartbeat. PID=22484, version='2026.6', state='RUNNING'
[2026-08-18 10:24:24] 2026-08-18 10:24:24,038 - freqtrade.worker - INFO - Bot heartbeat. PID=22484, version='2026.6', state='RUNNING'
[2026-08-18 10:25:24] 2026-08-18 10:25:24,116 - freqtrade.worker - INFO - Bot heartbeat. PID=22484, version='2026.6', state='RUNNING'
[2026-08-18 10:26:24] 2026-08-18 10:26:24,209 - freqtrade.worker - INFO - Bot heartbeat. PID=22484, version='2026.6', state='RUNNING'
[2026-08-18 10:27:24] 2026-08-18 10:27:24,291 - freqtrade.worker - INFO - Bot heartbeat. PID=22484, version='2026.6', state='RUNNING'
[2026-08-18 10:28:24] 2026-08-18 10:28:24,388 - freqtrade.worker - INFO - Bot heartbeat. PID=22484, version='2026.6', state='RUNNING'
[2026-08-18 10:29:24] 2026-08-18 10:29:24,445 - freqtrade.worker - INFO - Bot heartbeat. PID=22484, version='2026.6', state='RUNNING'
[2026-08-18 10:30:26] 2026-08-18 10:30:26,382 - freqtrade.worker - INFO - Bot heartbeat. PID=22484, version='2026.6', state='RUNNING'
[2026-08-18 10:31:04] 2026-08-18 10:31:04,218 - freqtrade.wallets - INFO - Wallets synced.
[2026-08-18 10:31:26] 2026-08-18 10:31:26,460 - freqtrade.worker - INFO - Bot heartbeat. PID=22484, version='2026.6', state='RUNNING'
[2026-08-18 10:32:26] 2026-08-18 10:32:26,537 - freqtrade.worker - INFO - Bot heartbeat. PID=22484, version='2026.6', state='RUNNING'
[2026-08-18 10:33:26] 2026-08-18 10:33:26,633 - freqtrade.worker - INFO - Bot heartbeat. PID=22484, version='2026.6', state='RUNNING'
[2026-08-18 10:34:26] 2026-08-18 10:34:26,732 - freqtrade.worker - INFO - Bot heartbeat. PID=22484, version='2026.6', state='RUNNING'
[2026-08-18 10:35:26] 2026-08-18 10:35:26,820 - freqtrade.worker - INFO - Bot heartbeat. PID=22484, version='2026.6', state='RUNNING'
[2026-08-18 10:36:26] 2026-08-18 10:36:26,894 - freqtrade.worker - INFO - Bot heartbeat. PID=22484, version='2026.6', state='RUNNING'
[2026-08-18 10:37:27] 2026-08-18 10:37:26,994 - freqtrade.worker - INFO - Bot heartbeat. PID=22484, version='2026.6', state='RUNNING'
[2026-08-18 10:38:27] 2026-08-18 10:38:27,075 - freqtrade.worker - INFO - Bot heartbeat. PID=22484, version='2026.6', state='RUNNING'
[2026-08-18 10:39:27] 2026-08-18 10:39:27,165 - freqtrade.worker - INFO - Bot heartbeat. PID=22484, version='2026.6', state='RUNNING'
[2026-08-18 10:40:27] 2026-08-18 10:40:27,268 - freqtrade.worker - INFO - Bot heartbeat. PID=22484, version='2026.6', state='RUNNING'
[2026-08-18 10:41:27] 2026-08-18 10:41:27,354 - freqtrade.worker - INFO - Bot heartbeat. PID=22484, version='2026.6', state='RUNNING'
[2026-08-18 10:42:27] 2026-08-18 10:42:27,455 - freqtrade.worker - INFO - Bot heartbeat. PID=22484, version='2026.6', state='RUNNING'
[2026-08-18 10:43:27] 2026-08-18 10:43:27,527 - freqtrade.worker - INFO - Bot heartbeat. PID=22484, version='2026.6', state='RUNNING'
[2026-08-18 10:44:27] 2026-08-18 10:44:27,644 - freqtrade.worker - INFO - Bot heartbeat. PID=22484, version='2026.6', state='RUNNING'
[2026-08-18 10:45:29] 2026-08-18 10:45:29,597 - freqtrade.worker - INFO - Bot heartbeat. PID=22484, version='2026.6', state='RUNNING'
[2026-08-18 10:46:29] 2026-08-18 10:46:29,687 - freqtrade.worker - INFO - Bot heartbeat. PID=22484, version='2026.6', state='RUNNING'
[2026-08-18 10:47:34] 2026-08-18 10:47:34,665 - freqtrade.worker - INFO - Bot heartbeat. PID=22484, version='2026.6', state='RUNNING'
[2026-08-18 10:48:34] 2026-08-18 10:48:34,754 - freqtrade.worker - INFO - Bot heartbeat. PID=22484, version='2026.6', state='RUNNING'
[2026-08-18 10:49:34] 2026-08-18 10:49:34,843 - freqtrade.worker - INFO - Bot heartbeat. PID=22484, version='2026.6', state='RUNNING'
[2026-08-18 10:50:35] 2026-08-18 10:50:34,933 - freqtrade.worker - INFO - Bot heartbeat. PID=22484, version='2026.6', state='RUNNING'
[2026-08-18 10:51:35] 2026-08-18 10:51:35,027 - freqtrade.worker - INFO - Bot heartbeat. PID=22484, version='2026.6', state='RUNNING'
[2026-08-18 10:52:35] 2026-08-18 10:52:35,091 - freqtrade.worker - INFO - Bot heartbeat. PID=22484, version='2026.6', state='RUNNING'
[2026-08-18 10:53:35] 2026-08-18 10:53:35,174 - freqtrade.worker - INFO - Bot heartbeat. PID=22484, version='2026.6', state='RUNNING'
[2026-08-18 10:54:35] 2026-08-18 10:54:35,252 - freqtrade.worker - INFO - Bot heartbeat. PID=22484, version='2026.6', state='RUNNING'
[2026-08-18 10:55:35] 2026-08-18 10:55:35,322 - freqtrade.worker - INFO - Bot heartbeat. PID=22484, version='2026.6', state='RUNNING'
[2026-08-18 10:56:35] 2026-08-18 10:56:35,403 - freqtrade.worker - INFO - Bot heartbeat. PID=22484, version='2026.6', state='RUNNING'
[2026-08-18 10:57:35] 2026-08-18 10:57:35,470 - freqtrade.worker - INFO - Bot heartbeat. PID=22484, version='2026.6', state='RUNNING'
[2026-08-18 10:58:35] 2026-08-18 10:58:35,566 - freqtrade.worker - INFO - Bot heartbeat. PID=22484, version='2026.6', state='RUNNING'
[2026-08-18 10:59:35] 2026-08-18 10:59:35,649 - freqtrade.worker - INFO - Bot heartbeat. PID=22484, version='2026.6', state='RUNNING'
[2026-08-18 11:00:18] 2026-08-18 11:00:17,973 - BreakoutV16GridV15QualityPfCombinedLiveParityFreqtrade - INFO - V16+Grid LIVE full context waiting: target=2026-08-18 01:00:00+00:00 ready=32/50
[2026-08-18 11:00:18] missing_or_stale=1000SHIB/USDT:USDT,ADA/USDT:USDT,B/USDT:USDT,BCH/USDT:USDT,BNB/USDT:USDT,CRV/USDT:USDT,DOGE/USDT:USDT,DOT/USDT:USDT,FIL/USDT:USDT,HBAR/USDT:USDT,ICP/USDT:USDT,JTO/USDT:USDT,OP/USDT:US
[2026-08-18 11:00:18] DT,PENGU/USDT:USDT,SIREN/USDT:USDT,SOL/USDT:USDT,TAO/USDT:USDT,XMR/USDT:USDT
[2026-08-18 11:00:34] 2026-08-18 11:00:34,150 - BreakoutV10FGridV8DualSideFreqtrade - INFO - LIVE context synchronized: target=2026-08-18 01:00:00+00:00 pairs=50 candidates=none
[2026-08-18 11:00:39] 2026-08-18 11:00:39,490 - freqtrade.worker - INFO - Bot heartbeat. PID=22484, version='2026.6', state='RUNNING'
[2026-08-18 11:01:07] 2026-08-18 11:01:07,195 - freqtrade.wallets - INFO - Wallets synced.
[2026-08-18 11:01:39] 2026-08-18 11:01:39,572 - freqtrade.worker - INFO - Bot heartbeat. PID=22484, version='2026.6', state='RUNNING'
[2026-08-18 11:02:39] 2026-08-18 11:02:39,664 - freqtrade.worker - INFO - Bot heartbeat. PID=22484, version='2026.6', state='RUNNING'
[2026-08-18 11:03:39] 2026-08-18 11:03:39,752 - freqtrade.worker - INFO - Bot heartbeat. PID=22484, version='2026.6', state='RUNNING'
[2026-08-18 11:04:39] 2026-08-18 11:04:39,839 - freqtrade.worker - INFO - Bot heartbeat. PID=22484, version='2026.6', state='RUNNING'
[2026-08-18 11:05:39] 2026-08-18 11:05:39,921 - freqtrade.worker - INFO - Bot heartbeat. PID=22484, version='2026.6', state='RUNNING'
[2026-08-18 11:06:40] 2026-08-18 11:06:40,007 - freqtrade.worker - INFO - Bot heartbeat. PID=22484, version='2026.6', state='RUNNING'
[2026-08-18 11:07:40] 2026-08-18 11:07:40,095 - freqtrade.worker - INFO - Bot heartbeat. PID=22484, version='2026.6', state='RUNNING'
[2026-08-18 11:08:40] 2026-08-18 11:08:40,181 - freqtrade.worker - INFO - Bot heartbeat. PID=22484, version='2026.6', state='RUNNING'
[2026-08-18 11:08:46] 2026-08-18 11:08:46,391 - freqtrade.plugins.pairlistmanager - INFO - Whitelist with 50 pairs: ['BTC/USDT:USDT', 'ETH/USDT:USDT', 'SOL/USDT:USDT', 'ZEC/USDT:USDT', 'HYPE/USDT:USDT', 'XRP/USDT:USDT',
[2026-08-18 11:08:46] 'DOGE/USDT:USDT', 'BNB/USDT:USDT', 'SIREN/USDT:USDT', '1000PEPE/USDT:USDT', 'TAO/USDT:USDT', 'NEAR/USDT:USDT', 'WLD/USDT:USDT', 'SUI/USDT:USDT', 'ADA/USDT:USDT', 'SEI/USDT:USDT', 'AVAX/USDT:USDT',
[2026-08-18 11:08:46] 'ENA/USDT:USDT', 'LINK/USDT:USDT', 'FIL/USDT:USDT', 'XLM/USDT:USDT', 'BCH/USDT:USDT', 'ONDO/USDT:USDT', 'TRUMP/USDT:USDT', 'AAVE/USDT:USDT', 'DOT/USDT:USDT', 'PENGU/USDT:USDT', 'LTC/USDT:USDT',
[2026-08-18 11:08:46] 'TRX/USDT:USDT', 'FET/USDT:USDT', 'UNI/USDT:USDT', 'INJ/USDT:USDT', 'DASH/USDT:USDT', 'B/USDT:USDT', 'ARB/USDT:USDT', '1000SHIB/USDT:USDT', 'APE/USDT:USDT', 'XMR/USDT:USDT', 'APT/USDT:USDT',
[2026-08-18 11:08:46] 'WIF/USDT:USDT', 'ICP/USDT:USDT', 'ETC/USDT:USDT', 'VIRTUAL/USDT:USDT', 'HBAR/USDT:USDT', 'RENDER/USDT:USDT', 'CRV/USDT:USDT', 'JTO/USDT:USDT', 'OP/USDT:USDT', 'CHZ/USDT:USDT', '1000BONK/USDT:USDT']
[2026-08-18 11:09:40] 2026-08-18 11:09:40,270 - freqtrade.worker - INFO - Bot heartbeat. PID=22484, version='2026.6', state='RUNNING'
[2026-08-18 11:10:40] 2026-08-18 11:10:40,353 - freqtrade.worker - INFO - Bot heartbeat. PID=22484, version='2026.6', state='RUNNING'
[2026-08-18 11:11:40] 2026-08-18 11:11:40,438 - freqtrade.worker - INFO - Bot heartbeat. PID=22484, version='2026.6', state='RUNNING'
[2026-08-18 11:12:40] 2026-08-18 11:12:40,518 - freqtrade.worker - INFO - Bot heartbeat. PID=22484, version='2026.6', state='RUNNING'
[2026-08-18 11:13:40] 2026-08-18 11:13:40,600 - freqtrade.worker - INFO - Bot heartbeat. PID=22484, version='2026.6', state='RUNNING'
[2026-08-18 11:14:40] 2026-08-18 11:14:40,683 - freqtrade.worker - INFO - Bot heartbeat. PID=22484, version='2026.6', state='RUNNING'
[2026-08-18 11:15:43] 2026-08-18 11:15:43,000 - freqtrade.worker - INFO - Bot heartbeat. PID=22484, version='2026.6', state='RUNNING'
[2026-08-18 11:16:43] 2026-08-18 11:16:43,100 - freqtrade.worker - INFO - Bot heartbeat. PID=22484, version='2026.6', state='RUNNING'
[2026-08-18 11:17:43] 2026-08-18 11:17:43,199 - freqtrade.worker - INFO - Bot heartbeat. PID=22484, version='2026.6', state='RUNNING'
[2026-08-18 11:18:43] 2026-08-18 11:18:43,289 - freqtrade.worker - INFO - Bot heartbeat. PID=22484, version='2026.6', state='RUNNING'
[2026-08-18 11:19:43] 2026-08-18 11:19:43,356 - freqtrade.worker - INFO - Bot heartbeat. PID=22484, version='2026.6', state='RUNNING'
[2026-08-18 11:20:43] 2026-08-18 11:20:43,448 - freqtrade.worker - INFO - Bot heartbeat. PID=22484, version='2026.6', state='RUNNING'
[2026-08-18 11:21:43] 2026-08-18 11:21:43,545 - freqtrade.worker - INFO - Bot heartbeat. PID=22484, version='2026.6', state='RUNNING'
[2026-08-18 11:22:43] 2026-08-18 11:22:43,640 - freqtrade.worker - INFO - Bot heartbeat. PID=22484, version='2026.6', state='RUNNING'
[2026-08-18 11:23:43] 2026-08-18 11:23:43,731 - freqtrade.worker - INFO - Bot heartbeat. PID=22484, version='2026.6', state='RUNNING'
[2026-08-18 11:24:43] 2026-08-18 11:24:43,769 - freqtrade.worker - INFO - Bot heartbeat. PID=22484, version='2026.6', state='RUNNING'
[2026-08-18 11:25:43] 2026-08-18 11:25:43,860 - freqtrade.worker - INFO - Bot heartbeat. PID=22484, version='2026.6', state='RUNNING'
[2026-08-18 11:26:01] 2026-08-18 11:26:01,448 - freqtrade.freqtradebot - INFO - Skipping cancelling stoploss on exchange for Trade(id=10, pair=SIREN/USDT:USDT, amount=32705, is_short=True, leverage=10, open_rate=0.02736,
[2026-08-18 11:26:01] open_since=2026-08-17 20:00:34).
[2026-08-18 11:26:01] 2026-08-18 11:26:01,563 - freqtrade.wallets - INFO - Wallets synced.
[2026-08-18 11:26:01] 2026-08-18 11:26:01,760 - freqtrade.rpc.rpc_manager - INFO - Sending rpc message: {'type': exit, 'trade_id': 10, 'exchange': 'Binance', 'pair': 'SIREN/USDT:USDT', 'leverage': 10.0, 'direction':
[2026-08-18 11:26:01] 'Short', 'gain': 'profit', 'limit': 0.02712, 'order_rate': 0.02712, 'order_type': 'market', 'amount': 16407.0, 'open_rate': 0.02736, 'close_rate': 0.02712, 'current_rate': 0.02712, 'profit_amount':
[2026-08-18 11:26:01] 3.59038477, 'profit_ratio': 0.08002265, 'buy_tag': 'grid_v8_short_s3', 'enter_tag': 'grid_v8_short_s3', 'exit_reason': 'grid_tp_1', 'open_date': datetime.datetime(2026, 8, 17, 20, 0, 34, 804068,
[2026-08-18 11:26:01] tzinfo=datetime.timezone.utc), 'close_date': datetime.datetime(2026, 8, 18, 2, 26, 1, 760794, tzinfo=datetime.timezone.utc), 'stake_amount': 89.497207, 'stake_currency': 'USDT', 'base_currency':
[2026-08-18 11:26:01] 'SIREN', 'quote_currency': 'USDT', 'fiat_currency': None, 'sub_trade': True, 'cumulative_profit': 0.0, 'final_profit_ratio': None, 'is_final_exit': False}
[2026-08-18 11:26:01] 2026-08-18 11:26:01,763 - freqtrade.freqtradebot - INFO - Found open order for Trade(id=10, pair=SIREN/USDT:USDT, amount=32705, is_short=True, leverage=10, open_rate=0.02736, open_since=2026-08-17
[2026-08-18 11:26:01] 20:00:34)
[2026-08-18 11:26:02] 2026-08-18 11:26:02,039 - freqtrade.persistence.trade_model - INFO - Updating trade (id=10) ...
[2026-08-18 11:26:02] 2026-08-18 11:26:02,041 - freqtrade.persistence.trade_model - INFO - MARKET_BUY has been fulfilled for Trade(id=10, pair=SIREN/USDT:USDT, amount=32705, is_short=True, leverage=10, open_rate=0.02736,
[2026-08-18 11:26:02] open_since=2026-08-17 20:00:34).
[2026-08-18 11:26:02] 2026-08-18 11:26:02,304 - freqtrade.wallets - INFO - Wallets synced.
[2026-08-18 11:26:02] 2026-08-18 11:26:02,311 - freqtrade.rpc.rpc_manager - INFO - Sending rpc message: {'type': exit_fill, 'trade_id': 10, 'exchange': 'Binance', 'pair': 'SIREN/USDT:USDT', 'leverage': 10.0, 'direction':
[2026-08-18 11:26:02] 'Short', 'gain': 'profit', 'limit': 0.02712, 'order_rate': 0.02712, 'order_type': 'market', 'amount': 16407.0, 'open_rate': 0.02736, 'close_rate': 0.02712, 'current_rate': None, 'profit_amount':
[2026-08-18 11:26:02] 3.59038477, 'profit_ratio': 0.08002265, 'buy_tag': 'grid_v8_short_s3', 'enter_tag': 'grid_v8_short_s3', 'exit_reason': 'grid_tp_1', 'open_date': datetime.datetime(2026, 8, 17, 20, 0, 34, 804068,
[2026-08-18 11:26:02] tzinfo=datetime.timezone.utc), 'close_date': datetime.datetime(2026, 8, 18, 2, 26, 2, 311434, tzinfo=datetime.timezone.utc), 'stake_amount': 44.5994642924935, 'stake_currency': 'USDT',
[2026-08-18 11:26:02] 'base_currency': 'SIREN', 'quote_currency': 'USDT', 'fiat_currency': None, 'sub_trade': True, 'cumulative_profit': 3.67225089, 'final_profit_ratio': None, 'is_final_exit': False}
[2026-08-18 11:26:44] 2026-08-18 11:26:43,945 - freqtrade.worker - INFO - Bot heartbeat. PID=22484, version='2026.6', state='RUNNING'
[2026-08-18 11:27:44] 2026-08-18 11:27:44,030 - freqtrade.worker - INFO - Bot heartbeat. PID=22484, version='2026.6', state='RUNNING'
[2026-08-18 11:28:44] 2026-08-18 11:28:44,101 - freqtrade.worker - INFO - Bot heartbeat. PID=22484, version='2026.6', state='RUNNING'
[2026-08-18 11:29:44] 2026-08-18 11:29:44,184 - freqtrade.worker - INFO - Bot heartbeat. PID=22484, version='2026.6', state='RUNNING'
[2026-08-18 11:30:46] 2026-08-18 11:30:46,215 - freqtrade.worker - INFO - Bot heartbeat. PID=22484, version='2026.6', state='RUNNING'
[2026-08-18 11:31:03] 2026-08-18 11:31:03,907 - freqtrade.wallets - INFO - Wallets synced.
[2026-08-18 11:31:46] 2026-08-18 11:31:46,306 - freqtrade.worker - INFO - Bot heartbeat. PID=22484, version='2026.6', state='RUNNING'
[2026-08-18 11:32:46] 2026-08-18 11:32:46,399 - freqtrade.worker - INFO - Bot heartbeat. PID=22484, version='2026.6', state='RUNNING'
[2026-08-18 11:33:46] 2026-08-18 11:33:46,497 - freqtrade.worker - INFO - Bot heartbeat. PID=22484, version='2026.6', state='RUNNING'
[2026-08-18 11:34:46] 2026-08-18 11:34:46,593 - freqtrade.worker - INFO - Bot heartbeat. PID=22484, version='2026.6', state='RUNNING'
[2026-08-18 11:35:46] 2026-08-18 11:35:46,676 - freqtrade.worker - INFO - Bot heartbeat. PID=22484, version='2026.6', state='RUNNING'
[2026-08-18 11:36:46] 2026-08-18 11:36:46,760 - freqtrade.worker - INFO - Bot heartbeat. PID=22484, version='2026.6', state='RUNNING'
[2026-08-18 11:37:46] 2026-08-18 11:37:46,844 - freqtrade.worker - INFO - Bot heartbeat. PID=22484, version='2026.6', state='RUNNING'
[2026-08-18 11:38:47] 2026-08-18 11:38:46,920 - freqtrade.worker - INFO - Bot heartbeat. PID=22484, version='2026.6', state='RUNNING'
[2026-08-18 11:39:47] 2026-08-18 11:39:47,012 - freqtrade.worker - INFO - Bot heartbeat. PID=22484, version='2026.6', state='RUNNING'
[2026-08-18 11:40:47] 2026-08-18 11:40:47,092 - freqtrade.worker - INFO - Bot heartbeat. PID=22484, version='2026.6', state='RUNNING'
[2026-08-18 11:41:47] 2026-08-18 11:41:47,178 - freqtrade.worker - INFO - Bot heartbeat. PID=22484, version='2026.6', state='RUNNING'
[2026-08-18 11:42:47] 2026-08-18 11:42:47,272 - freqtrade.worker - INFO - Bot heartbeat. PID=22484, version='2026.6', state='RUNNING'
[2026-08-18 11:43:47] 2026-08-18 11:43:47,357 - freqtrade.worker - INFO - Bot heartbeat. PID=22484, version='2026.6', state='RUNNING'
[2026-08-18 11:44:47] 2026-08-18 11:44:47,447 - freqtrade.worker - INFO - Bot heartbeat. PID=22484, version='2026.6', state='RUNNING'
[2026-08-18 11:45:49] 2026-08-18 11:45:49,383 - freqtrade.worker - INFO - Bot heartbeat. PID=22484, version='2026.6', state='RUNNING'
[2026-08-18 11:46:10] 2026-08-18 11:46:10,512 - BreakoutV11AdaptiveGridV8DualSideFreqtrade - WARNING - Promoting partial exit to full exit to avoid untradeable tail: trade_id=10 pair=SIREN/USDT:USDT tag=grid_tp_0
[2026-08-18 11:46:10] requested_stake=44.15346965 trade_stake=44.59946429 raw_remaining_stake=0.44599464 remaining_notional=4.39285000 minimum_exit=0.75000000
[2026-08-18 11:46:12] 2026-08-18 11:46:12,016 - freqtrade.freqtradebot - INFO - Skipping cancelling stoploss on exchange for Trade(id=10, pair=SIREN/USDT:USDT, amount=16298, is_short=True, leverage=10, open_rate=0.02736,
[2026-08-18 11:46:12] open_since=2026-08-17 20:00:34).
[2026-08-18 11:46:12] 2026-08-18 11:46:12,125 - freqtrade.wallets - INFO - Wallets synced.
[2026-08-18 11:46:12] 2026-08-18 11:46:12,327 - freqtrade.rpc.rpc_manager - INFO - Sending rpc message: {'type': exit, 'trade_id': 10, 'exchange': 'Binance', 'pair': 'SIREN/USDT:USDT', 'leverage': 10.0, 'direction':
[2026-08-18 11:46:12] 'Short', 'gain': 'profit', 'limit': 0.02695, 'order_rate': 0.02695, 'order_type': 'market', 'amount': 16298.0, 'open_rate': 0.02736, 'close_rate': 0.02695, 'current_rate': 0.02695, 'profit_amount':
[2026-08-18 11:46:12] 6.33923926, 'profit_ratio': 0.14223417, 'buy_tag': 'grid_v8_short_s3', 'enter_tag': 'grid_v8_short_s3', 'exit_reason': 'grid_tp_0', 'open_date': datetime.datetime(2026, 8, 17, 20, 0, 34, 804068,
[2026-08-18 11:46:12] tzinfo=datetime.timezone.utc), 'close_date': datetime.datetime(2026, 8, 18, 2, 46, 12, 327780, tzinfo=datetime.timezone.utc), 'stake_amount': 44.5994642924935, 'stake_currency': 'USDT',
[2026-08-18 11:46:12] 'base_currency': 'SIREN', 'quote_currency': 'USDT', 'fiat_currency': None, 'sub_trade': True, 'cumulative_profit': 3.67225089, 'final_profit_ratio': None, 'is_final_exit': False}
[2026-08-18 11:46:12] 2026-08-18 11:46:12,329 - freqtrade.freqtradebot - INFO - Found open order for Trade(id=10, pair=SIREN/USDT:USDT, amount=16298, is_short=True, leverage=10, open_rate=0.02736, open_since=2026-08-17
[2026-08-18 11:46:12] 20:00:34)
[2026-08-18 11:46:12] 2026-08-18 11:46:12,337 - freqtrade.persistence.trade_model - INFO - Updating trade (id=10) ...
[2026-08-18 11:46:12] 2026-08-18 11:46:12,338 - freqtrade.persistence.trade_model - INFO - MARKET_BUY has been fulfilled for Trade(id=10, pair=SIREN/USDT:USDT, amount=16298, is_short=True, leverage=10, open_rate=0.02736,
[2026-08-18 11:46:12] open_since=2026-08-17 20:00:34).
[2026-08-18 11:46:12] 2026-08-18 11:46:12,340 - freqtrade.persistence.trade_model - INFO - Marking Trade(id=10, pair=SIREN/USDT:USDT, amount=16298, is_short=True, leverage=10, open_rate=0.02736, open_since=closed) as
[2026-08-18 11:46:12] closed as the trade is fulfilled and found no open orders for it.
[2026-08-18 11:46:12] 2026-08-18 11:46:12,357 - freqtrade.freqtradebot - INFO - Cancelling stoploss on exchange for Trade(id=10, pair=SIREN/USDT:USDT, amount=16298, is_short=True, leverage=10, open_rate=0.02736,
[2026-08-18 11:46:12] open_since=closed) order: 1000002511524141
[2026-08-18 11:46:12] 2026-08-18 11:46:12,553 - freqtrade.wallets - INFO - Wallets synced.
[2026-08-18 11:46:12] 2026-08-18 11:46:12,560 - freqtrade.rpc.rpc_manager - INFO - Sending rpc message: {'type': exit_fill, 'trade_id': 10, 'exchange': 'Binance', 'pair': 'SIREN/USDT:USDT', 'leverage': 10.0, 'direction':
[2026-08-18 11:46:12] 'Short', 'gain': 'profit', 'limit': 0.02695, 'order_rate': 0.02695, 'order_type': 'market', 'amount': 16298.0, 'open_rate': 0.02736, 'close_rate': 0.02695, 'current_rate': None, 'profit_amount':
[2026-08-18 11:46:12] 6.33923926, 'profit_ratio': 0.14223417, 'buy_tag': 'grid_v8_short_s3', 'enter_tag': 'grid_v8_short_s3', 'exit_reason': 'grid_tp_0', 'open_date': datetime.datetime(2026, 8, 17, 20, 0, 34, 804068,
[2026-08-18 11:46:12] tzinfo=datetime.timezone.utc), 'close_date': datetime.datetime(2026, 8, 18, 2, 46, 12, 366000, tzinfo=datetime.timezone.utc), 'stake_amount': 44.5994642924935, 'stake_currency': 'USDT',
[2026-08-18 11:46:12] 'base_currency': 'SIREN', 'quote_currency': 'USDT', 'fiat_currency': None, 'sub_trade': False, 'cumulative_profit': 9.99318094, 'final_profit_ratio': 0.11171499497202196, 'is_final_exit': True}
[2026-08-18 11:46:49] 2026-08-18 11:46:49,468 - freqtrade.worker - INFO - Bot heartbeat. PID=22484, version='2026.6', state='RUNNING'
[2026-08-18 11:47:49] 2026-08-18 11:47:49,551 - freqtrade.worker - INFO - Bot heartbeat. PID=22484, version='2026.6', state='RUNNING'
[2026-08-18 11:48:49] 2026-08-18 11:48:49,623 - freqtrade.worker - INFO - Bot heartbeat. PID=22484, version='2026.6', state='RUNNING'
[2026-08-18 11:49:49] 2026-08-18 11:49:49,709 - freqtrade.worker - INFO - Bot heartbeat. PID=22484, version='2026.6', state='RUNNING'
[2026-08-18 11:50:49] 2026-08-18 11:50:49,791 - freqtrade.worker - INFO - Bot heartbeat. PID=22484, version='2026.6', state='RUNNING'
[2026-08-18 11:51:49] 2026-08-18 11:51:49,872 - freqtrade.worker - INFO - Bot heartbeat. PID=22484, version='2026.6', state='RUNNING'
[2026-08-18 11:52:50] 2026-08-18 11:52:49,953 - freqtrade.worker - INFO - Bot heartbeat. PID=22484, version='2026.6', state='RUNNING'
[2026-08-18 11:53:50] 2026-08-18 11:53:50,029 - freqtrade.worker - INFO - Bot heartbeat. PID=22484, version='2026.6', state='RUNNING'
[2026-08-18 11:54:50] 2026-08-18 11:54:50,104 - freqtrade.worker - INFO - Bot heartbeat. PID=22484, version='2026.6', state='RUNNING'
[2026-08-18 11:55:50] 2026-08-18 11:55:50,185 - freqtrade.worker - INFO - Bot heartbeat. PID=22484, version='2026.6', state='RUNNING'
[2026-08-18 11:56:50] 2026-08-18 11:56:50,267 - freqtrade.worker - INFO - Bot heartbeat. PID=22484, version='2026.6', state='RUNNING'
[2026-08-18 11:57:50] 2026-08-18 11:57:50,355 - freqtrade.worker - INFO - Bot heartbeat. PID=22484, version='2026.6', state='RUNNING'
[2026-08-18 11:58:50] 2026-08-18 11:58:50,443 - freqtrade.worker - INFO - Bot heartbeat. PID=22484, version='2026.6', state='RUNNING'
[2026-08-18 11:59:50] 2026-08-18 11:59:50,529 - freqtrade.worker - INFO - Bot heartbeat. PID=22484, version='2026.6', state='RUNNING'
[2026-08-18 12:00:18] 2026-08-18 12:00:18,629 - BreakoutV16GridV15QualityPfCombinedLiveParityFreqtrade - INFO - V16+Grid LIVE full context waiting: target=2026-08-18 02:00:00+00:00 ready=36/50
[2026-08-18 12:00:18] missing_or_stale=1000SHIB/USDT:USDT,AAVE/USDT:USDT,B/USDT:USDT,CRV/USDT:USDT,DOT/USDT:USDT,FIL/USDT:USDT,HBAR/USDT:USDT,ICP/USDT:USDT,JTO/USDT:USDT,OP/USDT:USDT,SOL/USDT:USDT,TAO/USDT:USDT,XLM/USDT:US
[2026-08-18 12:00:18] DT,XMR/USDT:USDT
[2026-08-18 12:00:33] 2026-08-18 12:00:33,825 - BreakoutV10FGridV8DualSideFreqtrade - INFO - LIVE context synchronized: target=2026-08-18 02:00:00+00:00 pairs=50 candidates=none
[2026-08-18 12:00:53] 2026-08-18 12:00:53,877 - freqtrade.worker - INFO - Bot heartbeat. PID=22484, version='2026.6', state='RUNNING'
[2026-08-18 12:01:04] 2026-08-18 12:01:04,901 - freqtrade.wallets - INFO - Wallets synced.
[2026-08-18 12:01:53] 2026-08-18 12:01:53,975 - freqtrade.worker - INFO - Bot heartbeat. PID=22484, version='2026.6', state='RUNNING'
[2026-08-18 12:02:54] 2026-08-18 12:02:54,077 - freqtrade.worker - INFO - Bot heartbeat. PID=22484, version='2026.6', state='RUNNING'
[2026-08-18 12:03:54] 2026-08-18 12:03:54,157 - freqtrade.worker - INFO - Bot heartbeat. PID=22484, version='2026.6', state='RUNNING'
[2026-08-18 12:04:54] 2026-08-18 12:04:54,237 - freqtrade.worker - INFO - Bot heartbeat. PID=22484, version='2026.6', state='RUNNING'
[2026-08-18 12:05:54] 2026-08-18 12:05:54,334 - freqtrade.worker - INFO - Bot heartbeat. PID=22484, version='2026.6', state='RUNNING'
[2026-08-18 12:06:54] 2026-08-18 12:06:54,400 - freqtrade.worker - INFO - Bot heartbeat. PID=22484, version='2026.6', state='RUNNING'
[2026-08-18 12:07:54] 2026-08-18 12:07:54,488 - freqtrade.worker - INFO - Bot heartbeat. PID=22484, version='2026.6', state='RUNNING'
[2026-08-18 12:08:51] 2026-08-18 12:08:51,511 - freqtrade.plugins.pairlistmanager - INFO - Whitelist with 50 pairs: ['BTC/USDT:USDT', 'ETH/USDT:USDT', 'SOL/USDT:USDT', 'ZEC/USDT:USDT', 'HYPE/USDT:USDT', 'XRP/USDT:USDT',
[2026-08-18 12:08:51] 'DOGE/USDT:USDT', 'BNB/USDT:USDT', 'SIREN/USDT:USDT', '1000PEPE/USDT:USDT', 'TAO/USDT:USDT', 'NEAR/USDT:USDT', 'WLD/USDT:USDT', 'SUI/USDT:USDT', 'ADA/USDT:USDT', 'SEI/USDT:USDT', 'AVAX/USDT:USDT',
[2026-08-18 12:08:51] 'ENA/USDT:USDT', 'LINK/USDT:USDT', 'FIL/USDT:USDT', 'XLM/USDT:USDT', 'BCH/USDT:USDT', 'ONDO/USDT:USDT', 'TRUMP/USDT:USDT', 'AAVE/USDT:USDT', 'DOT/USDT:USDT', 'PENGU/USDT:USDT', 'LTC/USDT:USDT',
[2026-08-18 12:08:51] 'TRX/USDT:USDT', 'FET/USDT:USDT', 'UNI/USDT:USDT', 'INJ/USDT:USDT', 'DASH/USDT:USDT', 'B/USDT:USDT', 'ARB/USDT:USDT', '1000SHIB/USDT:USDT', 'APE/USDT:USDT', 'XMR/USDT:USDT', 'APT/USDT:USDT',
[2026-08-18 12:08:51] 'WIF/USDT:USDT', 'ICP/USDT:USDT', 'ETC/USDT:USDT', 'VIRTUAL/USDT:USDT', 'HBAR/USDT:USDT', 'RENDER/USDT:USDT', 'CRV/USDT:USDT', 'JTO/USDT:USDT', 'OP/USDT:USDT', 'CHZ/USDT:USDT', '1000BONK/USDT:USDT']
[2026-08-18 12:08:54] 2026-08-18 12:08:54,588 - freqtrade.worker - INFO - Bot heartbeat. PID=22484, version='2026.6', state='RUNNING'
[2026-08-18 12:09:54] 2026-08-18 12:09:54,654 - freqtrade.worker - INFO - Bot heartbeat. PID=22484, version='2026.6', state='RUNNING'
[2026-08-18 12:10:54] 2026-08-18 12:10:54,741 - freqtrade.worker - INFO - Bot heartbeat. PID=22484, version='2026.6', state='RUNNING'
[2026-08-18 12:11:54] 2026-08-18 12:11:54,840 - freqtrade.worker - INFO - Bot heartbeat. PID=22484, version='2026.6', state='RUNNING'
[2026-08-18 12:12:55] 2026-08-18 12:12:54,927 - freqtrade.worker - INFO - Bot heartbeat. PID=22484, version='2026.6', state='RUNNING'
[2026-08-18 12:13:55] 2026-08-18 12:13:55,006 - freqtrade.worker - INFO - Bot heartbeat. PID=22484, version='2026.6', state='RUNNING'
[2026-08-18 12:14:55] 2026-08-18 12:14:55,061 - freqtrade.worker - INFO - Bot heartbeat. PID=22484, version='2026.6', state='RUNNING'
[2026-08-18 12:15:56] 2026-08-18 12:15:56,707 - freqtrade.worker - INFO - Bot heartbeat. PID=22484, version='2026.6', state='RUNNING'
[2026-08-18 12:16:56] 2026-08-18 12:16:56,776 - freqtrade.worker - INFO - Bot heartbeat. PID=22484, version='2026.6', state='RUNNING'
[2026-08-18 12:17:56] 2026-08-18 12:17:56,874 - freqtrade.worker - INFO - Bot heartbeat. PID=22484, version='2026.6', state='RUNNING'
[2026-08-18 12:18:56] 2026-08-18 12:18:56,947 - freqtrade.worker - INFO - Bot heartbeat. PID=22484, version='2026.6', state='RUNNING'
[2026-08-18 12:19:57] 2026-08-18 12:19:57,036 - freqtrade.worker - INFO - Bot heartbeat. PID=22484, version='2026.6', state='RUNNING'
[2026-08-18 12:20:57] 2026-08-18 12:20:57,131 - freqtrade.worker - INFO - Bot heartbeat. PID=22484, version='2026.6', state='RUNNING'
[2026-08-18 12:21:57] 2026-08-18 12:21:57,211 - freqtrade.worker - INFO - Bot heartbeat. PID=22484, version='2026.6', state='RUNNING'
[2026-08-18 12:22:57] 2026-08-18 12:22:57,296 - freqtrade.worker - INFO - Bot heartbeat. PID=22484, version='2026.6', state='RUNNING'
[2026-08-18 12:23:57] 2026-08-18 12:23:57,398 - freqtrade.worker - INFO - Bot heartbeat. PID=22484, version='2026.6', state='RUNNING'
[2026-08-18 12:24:57] 2026-08-18 12:24:57,482 - freqtrade.worker - INFO - Bot heartbeat. PID=22484, version='2026.6', state='RUNNING'
[2026-08-18 12:25:57] 2026-08-18 12:25:57,550 - freqtrade.worker - INFO - Bot heartbeat. PID=22484, version='2026.6', state='RUNNING'
[2026-08-18 12:26:57] 2026-08-18 12:26:57,635 - freqtrade.worker - INFO - Bot heartbeat. PID=22484, version='2026.6', state='RUNNING'
[2026-08-18 12:27:57] 2026-08-18 12:27:57,702 - freqtrade.worker - INFO - Bot heartbeat. PID=22484, version='2026.6', state='RUNNING'
[2026-08-18 12:28:57] 2026-08-18 12:28:57,801 - freqtrade.worker - INFO - Bot heartbeat. PID=22484, version='2026.6', state='RUNNING'
[2026-08-18 12:29:57] 2026-08-18 12:29:57,871 - freqtrade.worker - INFO - Bot heartbeat. PID=22484, version='2026.6', state='RUNNING'
[2026-08-18 12:30:59] 2026-08-18 12:30:59,659 - freqtrade.worker - INFO - Bot heartbeat. PID=22484, version='2026.6', state='RUNNING'
[2026-08-18 12:31:06] 2026-08-18 12:31:05,978 - freqtrade.wallets - INFO - Wallets synced.
[2026-08-18 12:31:59] 2026-08-18 12:31:59,731 - freqtrade.worker - INFO - Bot heartbeat. PID=22484, version='2026.6', state='RUNNING'
[2026-08-18 12:32:59] 2026-08-18 12:32:59,810 - freqtrade.worker - INFO - Bot heartbeat. PID=22484, version='2026.6', state='RUNNING'
[2026-08-18 12:33:59] 2026-08-18 12:33:59,873 - freqtrade.worker - INFO - Bot heartbeat. PID=22484, version='2026.6', state='RUNNING'
[2026-08-18 12:35:00] 2026-08-18 12:34:59,984 - freqtrade.worker - INFO - Bot heartbeat. PID=22484, version='2026.6', state='RUNNING'
[2026-08-18 12:36:00] 2026-08-18 12:36:00,054 - freqtrade.worker - INFO - Bot heartbeat. PID=22484, version='2026.6', state='RUNNING'
[2026-08-18 12:37:00] 2026-08-18 12:37:00,133 - freqtrade.worker - INFO - Bot heartbeat. PID=22484, version='2026.6', state='RUNNING'
[2026-08-18 12:38:00] 2026-08-18 12:38:00,213 - freqtrade.worker - INFO - Bot heartbeat. PID=22484, version='2026.6', state='RUNNING'
[2026-08-18 12:39:00] 2026-08-18 12:39:00,293 - freqtrade.worker - INFO - Bot heartbeat. PID=22484, version='2026.6', state='RUNNING'
[2026-08-18 12:40:00] 2026-08-18 12:40:00,374 - freqtrade.worker - INFO - Bot heartbeat. PID=22484, version='2026.6', state='RUNNING'
[2026-08-18 12:41:00] 2026-08-18 12:41:00,456 - freqtrade.worker - INFO - Bot heartbeat. PID=22484, version='2026.6', state='RUNNING'
[2026-08-18 12:42:00] 2026-08-18 12:42:00,538 - freqtrade.worker - INFO - Bot heartbeat. PID=22484, version='2026.6', state='RUNNING'
[2026-08-18 12:43:00] 2026-08-18 12:43:00,604 - freqtrade.worker - INFO - Bot heartbeat. PID=22484, version='2026.6', state='RUNNING'
[2026-08-18 12:44:00] 2026-08-18 12:44:00,681 - freqtrade.worker - INFO - Bot heartbeat. PID=22484, version='2026.6', state='RUNNING'
[2026-08-18 12:45:00] 2026-08-18 12:45:00,772 - freqtrade.worker - INFO - Bot heartbeat. PID=22484, version='2026.6', state='RUNNING'
[2026-08-18 12:46:02] 2026-08-18 12:46:02,554 - freqtrade.worker - INFO - Bot heartbeat. PID=22484, version='2026.6', state='RUNNING'
[2026-08-18 12:47:02] 2026-08-18 12:47:02,631 - freqtrade.worker - INFO - Bot heartbeat. PID=22484, version='2026.6', state='RUNNING'
[2026-08-18 12:48:02] 2026-08-18 12:48:02,745 - freqtrade.worker - INFO - Bot heartbeat. PID=22484, version='2026.6', state='RUNNING'
[2026-08-18 12:49:02] 2026-08-18 12:49:02,848 - freqtrade.worker - INFO - Bot heartbeat. PID=22484, version='2026.6', state='RUNNING'
[2026-08-18 12:50:03] 2026-08-18 12:50:02,930 - freqtrade.worker - INFO - Bot heartbeat. PID=22484, version='2026.6', state='RUNNING'
[2026-08-18 12:51:03] 2026-08-18 12:51:02,990 - freqtrade.worker - INFO - Bot heartbeat. PID=22484, version='2026.6', state='RUNNING'
[2026-08-18 12:52:03] 2026-08-18 12:52:03,062 - freqtrade.worker - INFO - Bot heartbeat. PID=22484, version='2026.6', state='RUNNING'
[2026-08-18 12:53:03] 2026-08-18 12:53:03,135 - freqtrade.worker - INFO - Bot heartbeat. PID=22484, version='2026.6', state='RUNNING'
[2026-08-18 12:54:03] 2026-08-18 12:54:03,223 - freqtrade.worker - INFO - Bot heartbeat. PID=22484, version='2026.6', state='RUNNING'
[2026-08-18 12:55:03] 2026-08-18 12:55:03,309 - freqtrade.worker - INFO - Bot heartbeat. PID=22484, version='2026.6', state='RUNNING'
[2026-08-18 12:56:03] 2026-08-18 12:56:03,408 - freqtrade.worker - INFO - Bot heartbeat. PID=22484, version='2026.6', state='RUNNING'
[2026-08-18 12:57:03] 2026-08-18 12:57:03,492 - freqtrade.worker - INFO - Bot heartbeat. PID=22484, version='2026.6', state='RUNNING'
[2026-08-18 12:58:03] 2026-08-18 12:58:03,585 - freqtrade.worker - INFO - Bot heartbeat. PID=22484, version='2026.6', state='RUNNING'
[2026-08-18 12:59:03] 2026-08-18 12:59:03,677 - freqtrade.worker - INFO - Bot heartbeat. PID=22484, version='2026.6', state='RUNNING'
[2026-08-18 13:00:18] 2026-08-18 13:00:18,713 - BreakoutV16GridV15QualityPfCombinedLiveParityFreqtrade - INFO - V16+Grid LIVE full context waiting: target=2026-08-18 03:00:00+00:00 ready=37/50
[2026-08-18 13:00:18] missing_or_stale=1000SHIB/USDT:USDT,BCH/USDT:USDT,BTC/USDT:USDT,CRV/USDT:USDT,DOGE/USDT:USDT,FIL/USDT:USDT,HBAR/USDT:USDT,JTO/USDT:USDT,PENGU/USDT:USDT,SIREN/USDT:USDT,XLM/USDT:USDT,XMR/USDT:USDT,ZEC/
[2026-08-18 13:00:18] USDT:USDT
[2026-08-18 13:00:18] 2026-08-18 13:00:18,801 - freqtrade.worker - INFO - Bot heartbeat. PID=22484, version='2026.6', state='RUNNING'
[2026-08-18 13:00:32] 2026-08-18 13:00:32,536 - BreakoutV10FGridV8DualSideFreqtrade - INFO - LIVE context synchronized: target=2026-08-18 03:00:00+00:00 pairs=50 candidates=none
[2026-08-18 13:01:03] 2026-08-18 13:01:03,654 - freqtrade.wallets - INFO - Wallets synced.
[2026-08-18 13:01:22] 2026-08-18 13:01:22,700 - freqtrade.worker - INFO - Bot heartbeat. PID=22484, version='2026.6', state='RUNNING'
[2026-08-18 13:02:22] 2026-08-18 13:02:22,788 - freqtrade.worker - INFO - Bot heartbeat. PID=22484, version='2026.6', state='RUNNING'
[2026-08-18 13:03:22] 2026-08-18 13:03:22,869 - freqtrade.worker - INFO - Bot heartbeat. PID=22484, version='2026.6', state='RUNNING'
[2026-08-18 13:04:23] 2026-08-18 13:04:22,956 - freqtrade.worker - INFO - Bot heartbeat. PID=22484, version='2026.6', state='RUNNING'
[2026-08-18 13:05:23] 2026-08-18 13:05:23,034 - freqtrade.worker - INFO - Bot heartbeat. PID=22484, version='2026.6', state='RUNNING'
[2026-08-18 13:06:23] 2026-08-18 13:06:23,126 - freqtrade.worker - INFO - Bot heartbeat. PID=22484, version='2026.6', state='RUNNING'
[2026-08-18 13:07:23] 2026-08-18 13:07:23,216 - freqtrade.worker - INFO - Bot heartbeat. PID=22484, version='2026.6', state='RUNNING'
[2026-08-18 13:08:23] 2026-08-18 13:08:23,317 - freqtrade.worker - INFO - Bot heartbeat. PID=22484, version='2026.6', state='RUNNING'
[2026-08-18 13:08:55] 2026-08-18 13:08:55,078 - freqtrade.plugins.pairlistmanager - INFO - Whitelist with 50 pairs: ['BTC/USDT:USDT', 'ETH/USDT:USDT', 'SOL/USDT:USDT', 'ZEC/USDT:USDT', 'HYPE/USDT:USDT', 'XRP/USDT:USDT',
[2026-08-18 13:08:55] 'DOGE/USDT:USDT', 'BNB/USDT:USDT', 'SIREN/USDT:USDT', '1000PEPE/USDT:USDT', 'TAO/USDT:USDT', 'NEAR/USDT:USDT', 'WLD/USDT:USDT', 'SUI/USDT:USDT', 'ADA/USDT:USDT', 'SEI/USDT:USDT', 'AVAX/USDT:USDT',
[2026-08-18 13:08:55] 'ENA/USDT:USDT', 'LINK/USDT:USDT', 'FIL/USDT:USDT', 'XLM/USDT:USDT', 'BCH/USDT:USDT', 'ONDO/USDT:USDT', 'TRUMP/USDT:USDT', 'AAVE/USDT:USDT', 'DOT/USDT:USDT', 'PENGU/USDT:USDT', 'LTC/USDT:USDT',
[2026-08-18 13:08:55] 'TRX/USDT:USDT', 'FET/USDT:USDT', 'UNI/USDT:USDT', 'INJ/USDT:USDT', 'DASH/USDT:USDT', 'B/USDT:USDT', 'ARB/USDT:USDT', '1000SHIB/USDT:USDT', 'APE/USDT:USDT', 'XMR/USDT:USDT', 'APT/USDT:USDT',
[2026-08-18 13:08:55] 'WIF/USDT:USDT', 'ICP/USDT:USDT', 'ETC/USDT:USDT', 'VIRTUAL/USDT:USDT', 'HBAR/USDT:USDT', 'RENDER/USDT:USDT', 'CRV/USDT:USDT', 'JTO/USDT:USDT', 'OP/USDT:USDT', 'CHZ/USDT:USDT', '1000BONK/USDT:USDT']
[2026-08-18 13:09:23] 2026-08-18 13:09:23,403 - freqtrade.worker - INFO - Bot heartbeat. PID=22484, version='2026.6', state='RUNNING'
[2026-08-18 13:10:23] 2026-08-18 13:10:23,489 - freqtrade.worker - INFO - Bot heartbeat. PID=22484, version='2026.6', state='RUNNING'
[2026-08-18 13:11:23] 2026-08-18 13:11:23,570 - freqtrade.worker - INFO - Bot heartbeat. PID=22484, version='2026.6', state='RUNNING'
[2026-08-18 13:12:23] 2026-08-18 13:12:23,663 - freqtrade.worker - INFO - Bot heartbeat. PID=22484, version='2026.6', state='RUNNING'
[2026-08-18 13:13:23] 2026-08-18 13:13:23,684 - freqtrade.worker - INFO - Bot heartbeat. PID=22484, version='2026.6', state='RUNNING'
[2026-08-18 13:14:23] 2026-08-18 13:14:23,751 - freqtrade.worker - INFO - Bot heartbeat. PID=22484, version='2026.6', state='RUNNING'
[2026-08-18 13:15:25] 2026-08-18 13:15:25,389 - freqtrade.worker - INFO - Bot heartbeat. PID=22484, version='2026.6', state='RUNNING'
[2026-08-18 13:16:25] 2026-08-18 13:16:25,491 - freqtrade.worker - INFO - Bot heartbeat. PID=22484, version='2026.6', state='RUNNING'
[2026-08-18 13:17:25] 2026-08-18 13:17:25,591 - freqtrade.worker - INFO - Bot heartbeat. PID=22484, version='2026.6', state='RUNNING'
[2026-08-18 13:18:25] 2026-08-18 13:18:25,694 - freqtrade.worker - INFO - Bot heartbeat. PID=22484, version='2026.6', state='RUNNING'
[2026-08-18 13:19:25] 2026-08-18 13:19:25,784 - freqtrade.worker - INFO - Bot heartbeat. PID=22484, version='2026.6', state='RUNNING'
[2026-08-18 13:20:25] 2026-08-18 13:20:25,885 - freqtrade.worker - INFO - Bot heartbeat. PID=22484, version='2026.6', state='RUNNING'
[2026-08-18 13:21:26] 2026-08-18 13:21:25,986 - freqtrade.worker - INFO - Bot heartbeat. PID=22484, version='2026.6', state='RUNNING'
[2026-08-18 13:22:26] 2026-08-18 13:22:26,050 - freqtrade.worker - INFO - Bot heartbeat. PID=22484, version='2026.6', state='RUNNING'
[2026-08-18 13:23:26] 2026-08-18 13:23:26,143 - freqtrade.worker - INFO - Bot heartbeat. PID=22484, version='2026.6', state='RUNNING'
[2026-08-18 13:24:26] 2026-08-18 13:24:26,235 - freqtrade.worker - INFO - Bot heartbeat. PID=22484, version='2026.6', state='RUNNING'
[2026-08-18 13:25:26] 2026-08-18 13:25:26,315 - freqtrade.worker - INFO - Bot heartbeat. PID=22484, version='2026.6', state='RUNNING'
[2026-08-18 13:26:26] 2026-08-18 13:26:26,397 - freqtrade.worker - INFO - Bot heartbeat. PID=22484, version='2026.6', state='RUNNING'
[2026-08-18 13:27:26] 2026-08-18 13:27:26,488 - freqtrade.worker - INFO - Bot heartbeat. PID=22484, version='2026.6', state='RUNNING'
[2026-08-18 13:28:31] 2026-08-18 13:28:31,459 - freqtrade.worker - INFO - Bot heartbeat. PID=22484, version='2026.6', state='RUNNING'
[2026-08-18 13:29:31] 2026-08-18 13:29:31,562 - freqtrade.worker - INFO - Bot heartbeat. PID=22484, version='2026.6', state='RUNNING'
[2026-08-18 13:30:33] 2026-08-18 13:30:33,255 - freqtrade.worker - INFO - Bot heartbeat. PID=22484, version='2026.6', state='RUNNING'
[2026-08-18 13:31:04] 2026-08-18 13:31:04,420 - freqtrade.wallets - INFO - Wallets synced.
[2026-08-18 13:31:33] 2026-08-18 13:31:33,343 - freqtrade.worker - INFO - Bot heartbeat. PID=22484, version='2026.6', state='RUNNING'
[2026-08-18 13:32:33] 2026-08-18 13:32:33,433 - freqtrade.worker - INFO - Bot heartbeat. PID=22484, version='2026.6', state='RUNNING'
[2026-08-18 13:33:33] 2026-08-18 13:33:33,520 - freqtrade.worker - INFO - Bot heartbeat. PID=22484, version='2026.6', state='RUNNING'
[2026-08-18 13:34:33] 2026-08-18 13:34:33,573 - freqtrade.worker - INFO - Bot heartbeat. PID=22484, version='2026.6', state='RUNNING'
[2026-08-18 13:35:33] 2026-08-18 13:35:33,659 - freqtrade.worker - INFO - Bot heartbeat. PID=22484, version='2026.6', state='RUNNING'
[2026-08-18 13:36:33] 2026-08-18 13:36:33,742 - freqtrade.worker - INFO - Bot heartbeat. PID=22484, version='2026.6', state='RUNNING'
[2026-08-18 13:37:33] 2026-08-18 13:37:33,839 - freqtrade.worker - INFO - Bot heartbeat. PID=22484, version='2026.6', state='RUNNING'
[2026-08-18 13:38:33] 2026-08-18 13:38:33,941 - freqtrade.worker - INFO - Bot heartbeat. PID=22484, version='2026.6', state='RUNNING'
[2026-08-18 13:39:34] 2026-08-18 13:39:34,030 - freqtrade.worker - INFO - Bot heartbeat. PID=22484, version='2026.6', state='RUNNING'
[2026-08-18 13:40:34] 2026-08-18 13:40:34,103 - freqtrade.worker - INFO - Bot heartbeat. PID=22484, version='2026.6', state='RUNNING'
[2026-08-18 13:41:34] 2026-08-18 13:41:34,182 - freqtrade.worker - INFO - Bot heartbeat. PID=22484, version='2026.6', state='RUNNING'
[2026-08-18 13:42:34] 2026-08-18 13:42:34,271 - freqtrade.worker - INFO - Bot heartbeat. PID=22484, version='2026.6', state='RUNNING'
[2026-08-18 13:43:34] 2026-08-18 13:43:34,361 - freqtrade.worker - INFO - Bot heartbeat. PID=22484, version='2026.6', state='RUNNING'
[2026-08-18 13:44:34] 2026-08-18 13:44:34,457 - freqtrade.worker - INFO - Bot heartbeat. PID=22484, version='2026.6', state='RUNNING'
[2026-08-18 13:45:36] 2026-08-18 13:45:36,155 - freqtrade.worker - INFO - Bot heartbeat. PID=22484, version='2026.6', state='RUNNING'
[2026-08-18 13:46:36] 2026-08-18 13:46:36,247 - freqtrade.worker - INFO - Bot heartbeat. PID=22484, version='2026.6', state='RUNNING'
[2026-08-18 13:47:36] 2026-08-18 13:47:36,330 - freqtrade.worker - INFO - Bot heartbeat. PID=22484, version='2026.6', state='RUNNING'
[2026-08-18 13:48:36] 2026-08-18 13:48:36,415 - freqtrade.worker - INFO - Bot heartbeat. PID=22484, version='2026.6', state='RUNNING'
[2026-08-18 13:49:36] 2026-08-18 13:49:36,488 - freqtrade.worker - INFO - Bot heartbeat. PID=22484, version='2026.6', state='RUNNING'
[2026-08-18 13:50:36] 2026-08-18 13:50:36,576 - freqtrade.worker - INFO - Bot heartbeat. PID=22484, version='2026.6', state='RUNNING'
[2026-08-18 13:51:36] 2026-08-18 13:51:36,660 - freqtrade.worker - INFO - Bot heartbeat. PID=22484, version='2026.6', state='RUNNING'
[2026-08-18 13:52:36] 2026-08-18 13:52:36,745 - freqtrade.worker - INFO - Bot heartbeat. PID=22484, version='2026.6', state='RUNNING'
[2026-08-18 13:53:36] 2026-08-18 13:53:36,838 - freqtrade.worker - INFO - Bot heartbeat. PID=22484, version='2026.6', state='RUNNING'
[2026-08-18 13:54:36] 2026-08-18 13:54:36,923 - freqtrade.worker - INFO - Bot heartbeat. PID=22484, version='2026.6', state='RUNNING'
[2026-08-18 13:55:37] 2026-08-18 13:55:37,012 - freqtrade.worker - INFO - Bot heartbeat. PID=22484, version='2026.6', state='RUNNING'
[2026-08-18 13:56:37] 2026-08-18 13:56:37,077 - freqtrade.worker - INFO - Bot heartbeat. PID=22484, version='2026.6', state='RUNNING'
[2026-08-18 13:57:37] 2026-08-18 13:57:37,156 - freqtrade.worker - INFO - Bot heartbeat. PID=22484, version='2026.6', state='RUNNING'
[2026-08-18 13:58:37] 2026-08-18 13:58:37,229 - freqtrade.worker - INFO - Bot heartbeat. PID=22484, version='2026.6', state='RUNNING'
[2026-08-18 13:59:37] 2026-08-18 13:59:37,310 - freqtrade.worker - INFO - Bot heartbeat. PID=22484, version='2026.6', state='RUNNING'
[2026-08-18 14:00:18] 2026-08-18 14:00:18,402 - BreakoutV16GridV15QualityPfCombinedLiveParityFreqtrade - INFO - V16+Grid LIVE full context waiting: target=2026-08-18 04:00:00+00:00 ready=35/50
[2026-08-18 14:00:18] missing_or_stale=1000SHIB/USDT:USDT,AAVE/USDT:USDT,B/USDT:USDT,BTC/USDT:USDT,DOGE/USDT:USDT,ETC/USDT:USDT,FIL/USDT:USDT,HBAR/USDT:USDT,ICP/USDT:USDT,PENGU/USDT:USDT,SIREN/USDT:USDT,SOL/USDT:USDT,TAO/U
[2026-08-18 14:00:18] SDT:USDT,XLM/USDT:USDT,XMR/USDT:USDT
[2026-08-18 14:00:33] 2026-08-18 14:00:33,611 - BreakoutV10FGridV8DualSideFreqtrade - INFO - LIVE context synchronized: target=2026-08-18 04:00:00+00:00 pairs=50 candidates=none
[2026-08-18 14:00:38] 2026-08-18 14:00:38,726 - freqtrade.worker - INFO - Bot heartbeat. PID=22484, version='2026.6', state='RUNNING'
[2026-08-18 14:01:05] 2026-08-18 14:01:04,975 - freqtrade.wallets - INFO - Wallets synced.
[2026-08-18 14:01:38] 2026-08-18 14:01:38,825 - freqtrade.worker - INFO - Bot heartbeat. PID=22484, version='2026.6', state='RUNNING'
[2026-08-18 14:02:38] 2026-08-18 14:02:38,921 - freqtrade.worker - INFO - Bot heartbeat. PID=22484, version='2026.6', state='RUNNING'
[2026-08-18 14:03:39] 2026-08-18 14:03:39,011 - freqtrade.worker - INFO - Bot heartbeat. PID=22484, version='2026.6', state='RUNNING'
[2026-08-18 14:04:39] 2026-08-18 14:04:39,071 - freqtrade.worker - INFO - Bot heartbeat. PID=22484, version='2026.6', state='RUNNING'
[2026-08-18 14:05:39] 2026-08-18 14:05:39,160 - freqtrade.worker - INFO - Bot heartbeat. PID=22484, version='2026.6', state='RUNNING'
[2026-08-18 14:06:39] 2026-08-18 14:06:39,254 - freqtrade.worker - INFO - Bot heartbeat. PID=22484, version='2026.6', state='RUNNING'
[2026-08-18 14:07:39] 2026-08-18 14:07:39,332 - freqtrade.worker - INFO - Bot heartbeat. PID=22484, version='2026.6', state='RUNNING'
[2026-08-18 14:08:39] 2026-08-18 14:08:39,433 - freqtrade.worker - INFO - Bot heartbeat. PID=22484, version='2026.6', state='RUNNING'
[2026-08-18 14:09:01] 2026-08-18 14:09:00,999 - freqtrade.plugins.pairlistmanager - INFO - Whitelist with 50 pairs: ['BTC/USDT:USDT', 'ETH/USDT:USDT', 'SOL/USDT:USDT', 'ZEC/USDT:USDT', 'HYPE/USDT:USDT', 'XRP/USDT:USDT',
[2026-08-18 14:09:01] 'DOGE/USDT:USDT', 'BNB/USDT:USDT', 'SIREN/USDT:USDT', '1000PEPE/USDT:USDT', 'TAO/USDT:USDT', 'NEAR/USDT:USDT', 'WLD/USDT:USDT', 'SUI/USDT:USDT', 'ADA/USDT:USDT', 'SEI/USDT:USDT', 'AVAX/USDT:USDT',
[2026-08-18 14:09:01] 'ENA/USDT:USDT', 'LINK/USDT:USDT', 'FIL/USDT:USDT', 'XLM/USDT:USDT', 'BCH/USDT:USDT', 'ONDO/USDT:USDT', 'TRUMP/USDT:USDT', 'AAVE/USDT:USDT', 'DOT/USDT:USDT', 'PENGU/USDT:USDT', 'LTC/USDT:USDT',
[2026-08-18 14:09:01] 'TRX/USDT:USDT', 'FET/USDT:USDT', 'UNI/USDT:USDT', 'INJ/USDT:USDT', 'DASH/USDT:USDT', 'B/USDT:USDT', 'ARB/USDT:USDT', '1000SHIB/USDT:USDT', 'APE/USDT:USDT', 'XMR/USDT:USDT', 'APT/USDT:USDT',
[2026-08-18 14:09:01] 'WIF/USDT:USDT', 'ICP/USDT:USDT', 'ETC/USDT:USDT', 'VIRTUAL/USDT:USDT', 'HBAR/USDT:USDT', 'RENDER/USDT:USDT', 'CRV/USDT:USDT', 'JTO/USDT:USDT', 'OP/USDT:USDT', 'CHZ/USDT:USDT', '1000BONK/USDT:USDT']
[2026-08-18 14:09:39] 2026-08-18 14:09:39,507 - freqtrade.worker - INFO - Bot heartbeat. PID=22484, version='2026.6', state='RUNNING'
[2026-08-18 14:10:39] 2026-08-18 14:10:39,611 - freqtrade.worker - INFO - Bot heartbeat. PID=22484, version='2026.6', state='RUNNING'
[2026-08-18 14:11:39] 2026-08-18 14:11:39,705 - freqtrade.worker - INFO - Bot heartbeat. PID=22484, version='2026.6', state='RUNNING'
[2026-08-18 14:12:39] 2026-08-18 14:12:39,777 - freqtrade.worker - INFO - Bot heartbeat. PID=22484, version='2026.6', state='RUNNING'
[2026-08-18 14:13:39] 2026-08-18 14:13:39,850 - freqtrade.worker - INFO - Bot heartbeat. PID=22484, version='2026.6', state='RUNNING'
[2026-08-18 14:14:40] 2026-08-18 14:14:39,938 - freqtrade.worker - INFO - Bot heartbeat. PID=22484, version='2026.6', state='RUNNING'
[2026-08-18 14:15:42] 2026-08-18 14:15:42,457 - freqtrade.worker - INFO - Bot heartbeat. PID=22484, version='2026.6', state='RUNNING'
[2026-08-18 14:16:42] 2026-08-18 14:16:42,561 - freqtrade.worker - INFO - Bot heartbeat. PID=22484, version='2026.6', state='RUNNING'
[2026-08-18 14:17:42] 2026-08-18 14:17:42,646 - freqtrade.worker - INFO - Bot heartbeat. PID=22484, version='2026.6', state='RUNNING'
[2026-08-18 14:18:42] 2026-08-18 14:18:42,731 - freqtrade.worker - INFO - Bot heartbeat. PID=22484, version='2026.6', state='RUNNING'
[2026-08-18 14:19:42] 2026-08-18 14:19:42,829 - freqtrade.worker - INFO - Bot heartbeat. PID=22484, version='2026.6', state='RUNNING'
[2026-08-18 14:20:42] 2026-08-18 14:20:42,904 - freqtrade.worker - INFO - Bot heartbeat. PID=22484, version='2026.6', state='RUNNING'
[2026-08-18 14:21:43] 2026-08-18 14:21:42,995 - freqtrade.worker - INFO - Bot heartbeat. PID=22484, version='2026.6', state='RUNNING'
[2026-08-18 14:22:43] 2026-08-18 14:22:43,065 - freqtrade.worker - INFO - Bot heartbeat. PID=22484, version='2026.6', state='RUNNING'
[2026-08-18 14:23:43] 2026-08-18 14:23:43,145 - freqtrade.worker - INFO - Bot heartbeat. PID=22484, version='2026.6', state='RUNNING'
[2026-08-18 14:24:43] 2026-08-18 14:24:43,228 - freqtrade.worker - INFO - Bot heartbeat. PID=22484, version='2026.6', state='RUNNING'
[2026-08-18 14:25:43] 2026-08-18 14:25:43,317 - freqtrade.worker - INFO - Bot heartbeat. PID=22484, version='2026.6', state='RUNNING'
[2026-08-18 14:26:43] 2026-08-18 14:26:43,400 - freqtrade.worker - INFO - Bot heartbeat. PID=22484, version='2026.6', state='RUNNING'
[2026-08-18 14:27:43] 2026-08-18 14:27:43,475 - freqtrade.worker - INFO - Bot heartbeat. PID=22484, version='2026.6', state='RUNNING'
[2026-08-18 14:28:43] 2026-08-18 14:28:43,555 - freqtrade.worker - INFO - Bot heartbeat. PID=22484, version='2026.6', state='RUNNING'
[2026-08-18 14:29:43] 2026-08-18 14:29:43,646 - freqtrade.worker - INFO - Bot heartbeat. PID=22484, version='2026.6', state='RUNNING'
[2026-08-18 14:30:45] 2026-08-18 14:30:45,324 - freqtrade.worker - INFO - Bot heartbeat. PID=22484, version='2026.6', state='RUNNING'
[2026-08-18 14:31:06] 2026-08-18 14:31:06,542 - freqtrade.wallets - INFO - Wallets synced.
[2026-08-18 14:31:45] 2026-08-18 14:31:45,393 - freqtrade.worker - INFO - Bot heartbeat. PID=22484, version='2026.6', state='RUNNING'
[2026-08-18 14:32:45] 2026-08-18 14:32:45,441 - freqtrade.worker - INFO - Bot heartbeat. PID=22484, version='2026.6', state='RUNNING'
[2026-08-18 14:33:45] 2026-08-18 14:33:45,485 - freqtrade.worker - INFO - Bot heartbeat. PID=22484, version='2026.6', state='RUNNING'
[2026-08-18 14:34:45] 2026-08-18 14:34:45,522 - freqtrade.worker - INFO - Bot heartbeat. PID=22484, version='2026.6', state='RUNNING'
[2026-08-18 14:35:45] 2026-08-18 14:35:45,567 - freqtrade.worker - INFO - Bot heartbeat. PID=22484, version='2026.6', state='RUNNING'
[2026-08-18 14:36:45] 2026-08-18 14:36:45,632 - freqtrade.worker - INFO - Bot heartbeat. PID=22484, version='2026.6', state='RUNNING'
[2026-08-18 14:37:45] 2026-08-18 14:37:45,723 - freqtrade.worker - INFO - Bot heartbeat. PID=22484, version='2026.6', state='RUNNING'
[2026-08-18 14:38:45] 2026-08-18 14:38:45,814 - freqtrade.worker - INFO - Bot heartbeat. PID=22484, version='2026.6', state='RUNNING'
[2026-08-18 14:39:45] 2026-08-18 14:39:45,904 - freqtrade.worker - INFO - Bot heartbeat. PID=22484, version='2026.6', state='RUNNING'
[2026-08-18 14:40:50] 2026-08-18 14:40:50,888 - freqtrade.worker - INFO - Bot heartbeat. PID=22484, version='2026.6', state='RUNNING'
[2026-08-18 14:41:51] 2026-08-18 14:41:50,979 - freqtrade.worker - INFO - Bot heartbeat. PID=22484, version='2026.6', state='RUNNING'
[2026-08-18 14:42:51] 2026-08-18 14:42:51,066 - freqtrade.worker - INFO - Bot heartbeat. PID=22484, version='2026.6', state='RUNNING'
[2026-08-18 14:43:51] 2026-08-18 14:43:51,155 - freqtrade.worker - INFO - Bot heartbeat. PID=22484, version='2026.6', state='RUNNING'
[2026-08-18 14:44:51] 2026-08-18 14:44:51,229 - freqtrade.worker - INFO - Bot heartbeat. PID=22484, version='2026.6', state='RUNNING'
[2026-08-18 14:45:53] 2026-08-18 14:45:52,956 - freqtrade.worker - INFO - Bot heartbeat. PID=22484, version='2026.6', state='RUNNING'
[2026-08-18 14:46:53] 2026-08-18 14:46:53,054 - freqtrade.worker - INFO - Bot heartbeat. PID=22484, version='2026.6', state='RUNNING'
[2026-08-18 14:47:53] 2026-08-18 14:47:53,123 - freqtrade.worker - INFO - Bot heartbeat. PID=22484, version='2026.6', state='RUNNING'
[2026-08-18 14:48:53] 2026-08-18 14:48:53,207 - freqtrade.worker - INFO - Bot heartbeat. PID=22484, version='2026.6', state='RUNNING'
[2026-08-18 14:49:53] 2026-08-18 14:49:53,286 - freqtrade.worker - INFO - Bot heartbeat. PID=22484, version='2026.6', state='RUNNING'
[2026-08-18 14:50:53] 2026-08-18 14:50:53,383 - freqtrade.worker - INFO - Bot heartbeat. PID=22484, version='2026.6', state='RUNNING'
[2026-08-18 14:51:53] 2026-08-18 14:51:53,468 - freqtrade.worker - INFO - Bot heartbeat. PID=22484, version='2026.6', state='RUNNING'
[2026-08-18 14:52:53] 2026-08-18 14:52:53,569 - freqtrade.worker - INFO - Bot heartbeat. PID=22484, version='2026.6', state='RUNNING'
[2026-08-18 14:53:53] 2026-08-18 14:53:53,645 - freqtrade.worker - INFO - Bot heartbeat. PID=22484, version='2026.6', state='RUNNING'
[2026-08-18 14:54:53] 2026-08-18 14:54:53,740 - freqtrade.worker - INFO - Bot heartbeat. PID=22484, version='2026.6', state='RUNNING'
[2026-08-18 14:55:53] 2026-08-18 14:55:53,846 - freqtrade.worker - INFO - Bot heartbeat. PID=22484, version='2026.6', state='RUNNING'
[2026-08-18 14:56:54] 2026-08-18 14:56:53,942 - freqtrade.worker - INFO - Bot heartbeat. PID=22484, version='2026.6', state='RUNNING'
[2026-08-18 14:57:54] 2026-08-18 14:57:54,041 - freqtrade.worker - INFO - Bot heartbeat. PID=22484, version='2026.6', state='RUNNING'
[2026-08-18 14:58:54] 2026-08-18 14:58:54,098 - freqtrade.worker - INFO - Bot heartbeat. PID=22484, version='2026.6', state='RUNNING'
[2026-08-18 14:59:54] 2026-08-18 14:59:54,162 - freqtrade.worker - INFO - Bot heartbeat. PID=22484, version='2026.6', state='RUNNING'
[2026-08-18 15:00:23] 2026-08-18 15:00:23,581 - BreakoutV16GridV15QualityPfCombinedLiveParityFreqtrade - INFO - V16+Grid LIVE full context waiting: target=2026-08-18 05:00:00+00:00 ready=48/50
[2026-08-18 15:00:23] missing_or_stale=HBAR/USDT:USDT,ICP/USDT:USDT
[2026-08-18 15:00:33] 2026-08-18 15:00:33,610 - BreakoutV10FGridV8DualSideFreqtrade - INFO - LIVE context synchronized: target=2026-08-18 05:00:00+00:00 pairs=50 candidates=WLD/USDT:USDT:SHORT,ETC/USDT:USDT:SHORT
[2026-08-18 15:00:34] 2026-08-18 15:00:34,055 - freqtrade.wallets - INFO - Wallets synced.
[2026-08-18 15:00:34] 2026-08-18 15:00:34,189 - freqtrade.freqtradebot - INFO - Short signal found: about create a new trade for WLD/USDT:USDT with stake_amount: 171.16552257819637 and price: 0.3191 ...
[2026-08-18 15:00:34] 2026-08-18 15:00:34,372 - BreakoutV16GridV15QualityPfCombinedLiveParityFreqtrade - INFO - V16+Grid LIVE parity entry decision: pair=WLD/USDT:USDT component=breakout side=short target=2026-08-18
[2026-08-18 15:00:34] 05:00:00+00:00 age=34.190s rank=1 candidates=2 accepted=True
[2026-08-18 15:00:34] 2026-08-18 15:00:34,655 - freqtrade.freqtradebot - INFO - Order 22886453700 was created for WLD/USDT:USDT and status is closed.
[2026-08-18 15:00:34] 2026-08-18 15:00:34,772 - freqtrade.wallets - INFO - Wallets synced.
[2026-08-18 15:00:34] 2026-08-18 15:00:34,773 - freqtrade.rpc.rpc_manager - INFO - Sending rpc message: {'trade_id': 11, 'type': entry, 'buy_tag': 'bo_v9_s4_r43320_c1_l0', 'enter_tag': 'bo_v9_s4_r43320_c1_l0', 'exchange':
[2026-08-18 15:00:34] 'Binance', 'pair': 'WLD/USDT:USDT', 'leverage': 10.0, 'direction': 'Short', 'limit': 0.3191, 'order_rate': 0.3191, 'open_rate': 0.3191, 'order_type': 'market', 'stake_amount': 171.16523999999998,
[2026-08-18 15:00:34] 'stake_currency': 'USDT', 'base_currency': 'WLD', 'quote_currency': 'USDT', 'fiat_currency': None, 'amount': 5364.0, 'open_date': datetime.datetime(2026, 8, 18, 6, 0, 34, 657352,
[2026-08-18 15:00:34] tzinfo=datetime.timezone.utc), 'current_rate': 0.3191, 'sub_trade': False}
[2026-08-18 15:00:34] 2026-08-18 15:00:34,774 - freqtrade.freqtradebot - INFO - Found open order for Trade(id=11, pair=WLD/USDT:USDT, amount=5364, is_short=True, leverage=10, open_rate=0.3191, open_since=2026-08-18
[2026-08-18 15:00:34] 06:00:34)
[2026-08-18 15:00:35] 2026-08-18 15:00:35,026 - freqtrade.persistence.trade_model - INFO - Updating trade (id=11) ...
[2026-08-18 15:00:35] 2026-08-18 15:00:35,028 - freqtrade.persistence.trade_model - INFO - MARKET_SELL has been fulfilled for Trade(id=11, pair=WLD/USDT:USDT, amount=5364, is_short=True, leverage=10, open_rate=0.3191,
[2026-08-18 15:00:35] open_since=2026-08-18 06:00:34).
[2026-08-18 15:00:35] 2026-08-18 15:00:35,078 - BreakoutV16GridV15PrecisionGuardLiveParityFreqtrade - INFO - Breakout precision stop initialized: pair=WLD/USDT:USDT side=short soft=0.323834826467 inward=0.3238
[2026-08-18 15:00:35] outward=0.3239 hard=0.3245 tick_atr=0.0163 confirm_1m=True stake_scale=0.8875
[2026-08-18 15:00:35] 2026-08-18 15:00:35,316 - freqtrade.wallets - INFO - Wallets synced.
[2026-08-18 15:00:35] 2026-08-18 15:00:35,324 - freqtrade.rpc.rpc_manager - INFO - Sending rpc message: {'trade_id': 11, 'type': entry_fill, 'buy_tag': 'bo_v9_s4_r43320_c1_l0', 'enter_tag': 'bo_v9_s4_r43320_c1_l0',
[2026-08-18 15:00:35] 'exchange': 'Binance', 'pair': 'WLD/USDT:USDT', 'leverage': 10.0, 'direction': 'Short', 'limit': 0.3191, 'order_rate': 0.3191, 'open_rate': 0.3191, 'order_type': 'market', 'stake_amount':
[2026-08-18 15:00:35] 171.16523999999998, 'stake_currency': 'USDT', 'base_currency': 'WLD', 'quote_currency': 'USDT', 'fiat_currency': None, 'amount': 5364.0, 'open_date': datetime.datetime(2026, 8, 18, 6, 0, 34, 657352,
[2026-08-18 15:00:35] tzinfo=datetime.timezone.utc), 'current_rate': 0.3191, 'sub_trade': False}
[2026-08-18 15:00:35] 2026-08-18 15:00:35,463 - freqtrade.wallets - INFO - Wallets synced.
[2026-08-18 15:00:35] 2026-08-18 15:00:35,585 - freqtrade.freqtradebot - INFO - Short signal found: about create a new trade for ETC/USDT:USDT with stake_amount: 355.34381108032966 and price: 6.045 ...
[2026-08-18 15:00:35] 2026-08-18 15:00:35,686 - BreakoutV16GridV15QualityPfCombinedLiveParityFreqtrade - INFO - V16+Grid LIVE parity entry decision: pair=ETC/USDT:USDT component=breakout side=short target=2026-08-18
[2026-08-18 15:00:35] 05:00:00+00:00 age=35.586s rank=none candidates=0 accepted=False
[2026-08-18 15:00:35] 2026-08-18 15:00:35,686 - freqtrade.freqtradebot - INFO - User denied entry for ETC/USDT:USDT.
[2026-08-18 15:00:37] 2026-08-18 15:00:36,956 - freqtrade.exchange.exchange - INFO - stoploss market order added for WLD/USDT:USDT. stop price: 0.3245. limit: None
[2026-08-18 15:00:37] 2026-08-18 15:00:37,322 - freqtrade.wallets - INFO - Wallets synced.
[2026-08-18 15:00:37] 2026-08-18 15:00:37,449 - freqtrade.freqtradebot - INFO - Short signal found: about create a new trade for ETC/USDT:USDT with stake_amount: 355.34381108032966 and price: 6.045 ...
[2026-08-18 15:00:37] 2026-08-18 15:00:37,551 - BreakoutV16GridV15QualityPfCombinedLiveParityFreqtrade - INFO - V16+Grid LIVE parity entry decision: pair=ETC/USDT:USDT component=breakout side=short target=2026-08-18
[2026-08-18 15:00:37] 05:00:00+00:00 age=37.450s rank=none candidates=0 accepted=False
[2026-08-18 15:00:37] 2026-08-18 15:00:37,552 - freqtrade.freqtradebot - INFO - User denied entry for ETC/USDT:USDT.
[2026-08-18 15:00:41] 2026-08-18 15:00:41,920 - freqtrade.wallets - INFO - Wallets synced.
[2026-08-18 15:00:42] 2026-08-18 15:00:42,034 - freqtrade.freqtradebot - INFO - Short signal found: about create a new trade for ETC/USDT:USDT with stake_amount: 355.34381108032966 and price: 6.045 ...
[2026-08-18 15:00:42] 2026-08-18 15:00:42,135 - BreakoutV16GridV15QualityPfCombinedLiveParityFreqtrade - INFO - V16+Grid LIVE parity entry decision: pair=ETC/USDT:USDT component=breakout side=short target=2026-08-18
[2026-08-18 15:00:42] 05:00:00+00:00 age=42.035s rank=none candidates=0 accepted=False
[2026-08-18 15:00:42] 2026-08-18 15:00:42,135 - freqtrade.freqtradebot - INFO - User denied entry for ETC/USDT:USDT.
[2026-08-18 15:00:47] 2026-08-18 15:00:46,981 - freqtrade.wallets - INFO - Wallets synced.
[2026-08-18 15:00:47] 2026-08-18 15:00:47,096 - freqtrade.freqtradebot - INFO - Short signal found: about create a new trade for ETC/USDT:USDT with stake_amount: 355.34381108032966 and price: 6.045 ...
[2026-08-18 15:00:47] 2026-08-18 15:00:47,201 - BreakoutV16GridV15QualityPfCombinedLiveParityFreqtrade - INFO - V16+Grid LIVE parity entry decision: pair=ETC/USDT:USDT component=breakout side=short target=2026-08-18
[2026-08-18 15:00:47] 05:00:00+00:00 age=47.097s rank=none candidates=0 accepted=False
[2026-08-18 15:00:47] 2026-08-18 15:00:47,202 - freqtrade.freqtradebot - INFO - User denied entry for ETC/USDT:USDT.
[2026-08-18 15:00:51] 2026-08-18 15:00:51,932 - freqtrade.wallets - INFO - Wallets synced.
[2026-08-18 15:00:52] 2026-08-18 15:00:52,065 - freqtrade.freqtradebot - INFO - Short signal found: about create a new trade for ETC/USDT:USDT with stake_amount: 355.34381108032966 and price: 6.045 ...
[2026-08-18 15:00:52] 2026-08-18 15:00:52,240 - BreakoutV16GridV15QualityPfCombinedLiveParityFreqtrade - INFO - V16+Grid LIVE parity entry decision: pair=ETC/USDT:USDT component=breakout side=short target=2026-08-18
[2026-08-18 15:00:52] 05:00:00+00:00 age=52.066s rank=none candidates=0 accepted=False
[2026-08-18 15:00:52] 2026-08-18 15:00:52,241 - freqtrade.freqtradebot - INFO - User denied entry for ETC/USDT:USDT.
[2026-08-18 15:00:55] 2026-08-18 15:00:55,729 - freqtrade.worker - INFO - Bot heartbeat. PID=22484, version='2026.6', state='RUNNING'
[2026-08-18 15:00:56] 2026-08-18 15:00:56,967 - freqtrade.wallets - INFO - Wallets synced.
[2026-08-18 15:00:57] 2026-08-18 15:00:57,091 - freqtrade.freqtradebot - INFO - Short signal found: about create a new trade for ETC/USDT:USDT with stake_amount: 355.34381108032966 and price: 6.045 ...
[2026-08-18 15:00:57] 2026-08-18 15:00:57,208 - BreakoutV16GridV15QualityPfCombinedLiveParityFreqtrade - INFO - V16+Grid LIVE parity entry decision: pair=ETC/USDT:USDT component=breakout side=short target=2026-08-18
[2026-08-18 15:00:57] 05:00:00+00:00 age=57.092s rank=none candidates=0 accepted=False
[2026-08-18 15:00:57] 2026-08-18 15:00:57,208 - freqtrade.freqtradebot - INFO - User denied entry for ETC/USDT:USDT.
[2026-08-18 15:01:02] 2026-08-18 15:01:02,252 - freqtrade.wallets - INFO - Wallets synced.
[2026-08-18 15:01:02] 2026-08-18 15:01:02,362 - freqtrade.freqtradebot - INFO - Short signal found: about create a new trade for ETC/USDT:USDT with stake_amount: 355.34381108032966 and price: 6.045 ...
[2026-08-18 15:01:02] 2026-08-18 15:01:02,461 - BreakoutV16GridV15QualityPfCombinedLiveParityFreqtrade - INFO - V16+Grid LIVE parity entry decision: pair=ETC/USDT:USDT component=breakout side=short target=2026-08-18
[2026-08-18 15:01:02] 05:00:00+00:00 age=62.363s rank=none candidates=0 accepted=False
[2026-08-18 15:01:02] 2026-08-18 15:01:02,461 - freqtrade.freqtradebot - INFO - User denied entry for ETC/USDT:USDT.
[2026-08-18 15:01:04] 2026-08-18 15:01:03,956 - freqtrade.wallets - INFO - Wallets synced.
[2026-08-18 15:01:07] 2026-08-18 15:01:07,163 - freqtrade.wallets - INFO - Wallets synced.
[2026-08-18 15:01:07] 2026-08-18 15:01:07,273 - freqtrade.freqtradebot - INFO - Short signal found: about create a new trade for ETC/USDT:USDT with stake_amount: 355.30011824276056 and price: 6.044 ...
[2026-08-18 15:01:07] 2026-08-18 15:01:07,378 - BreakoutV16GridV15QualityPfCombinedLiveParityFreqtrade - INFO - V16+Grid LIVE parity entry decision: pair=ETC/USDT:USDT component=breakout side=short target=2026-08-18
[2026-08-18 15:01:07] 05:00:00+00:00 age=67.274s rank=none candidates=0 accepted=False
[2026-08-18 15:01:07] 2026-08-18 15:01:07,379 - freqtrade.freqtradebot - INFO - User denied entry for ETC/USDT:USDT.
[2026-08-18 15:01:12] 2026-08-18 15:01:11,949 - freqtrade.wallets - INFO - Wallets synced.
[2026-08-18 15:01:12] 2026-08-18 15:01:12,070 - freqtrade.freqtradebot - INFO - Short signal found: about create a new trade for ETC/USDT:USDT with stake_amount: 355.30011824276056 and price: 6.044 ...
[2026-08-18 15:01:12] 2026-08-18 15:01:12,168 - BreakoutV16GridV15QualityPfCombinedLiveParityFreqtrade - INFO - V16+Grid LIVE parity entry decision: pair=ETC/USDT:USDT component=breakout side=short target=2026-08-18
[2026-08-18 15:01:12] 05:00:00+00:00 age=72.072s rank=none candidates=0 accepted=False
[2026-08-18 15:01:12] 2026-08-18 15:01:12,169 - freqtrade.freqtradebot - INFO - User denied entry for ETC/USDT:USDT.
[2026-08-18 15:01:17] 2026-08-18 15:01:17,028 - freqtrade.wallets - INFO - Wallets synced.
[2026-08-18 15:01:17] 2026-08-18 15:01:17,158 - freqtrade.freqtradebot - INFO - Short signal found: about create a new trade for ETC/USDT:USDT with stake_amount: 355.3875002066323 and price: 6.046 ...
[2026-08-18 15:01:17] 2026-08-18 15:01:17,259 - BreakoutV16GridV15QualityPfCombinedLiveParityFreqtrade - INFO - V16+Grid LIVE parity entry decision: pair=ETC/USDT:USDT component=breakout side=short target=2026-08-18
[2026-08-18 15:01:17] 05:00:00+00:00 age=77.159s rank=none candidates=0 accepted=False
[2026-08-18 15:01:17] 2026-08-18 15:01:17,260 - freqtrade.freqtradebot - INFO - User denied entry for ETC/USDT:USDT.
[2026-08-18 15:01:22] 2026-08-18 15:01:21,965 - freqtrade.wallets - INFO - Wallets synced.
[2026-08-18 15:01:22] 2026-08-18 15:01:22,100 - freqtrade.freqtradebot - INFO - Short signal found: about create a new trade for ETC/USDT:USDT with stake_amount: 355.30011824276056 and price: 6.044 ...
[2026-08-18 15:01:22] 2026-08-18 15:01:22,202 - BreakoutV16GridV15QualityPfCombinedLiveParityFreqtrade - INFO - V16+Grid LIVE parity entry decision: pair=ETC/USDT:USDT component=breakout side=short target=2026-08-18
[2026-08-18 15:01:22] 05:00:00+00:00 age=82.101s rank=none candidates=0 accepted=False
[2026-08-18 15:01:22] 2026-08-18 15:01:22,202 - freqtrade.freqtradebot - INFO - User denied entry for ETC/USDT:USDT.
[2026-08-18 15:01:27] 2026-08-18 15:01:26,979 - freqtrade.wallets - INFO - Wallets synced.
[2026-08-18 15:01:27] 2026-08-18 15:01:27,111 - freqtrade.freqtradebot - INFO - Short signal found: about create a new trade for ETC/USDT:USDT with stake_amount: 355.3875002066323 and price: 6.046 ...
[2026-08-18 15:01:27] 2026-08-18 15:01:27,218 - BreakoutV16GridV15QualityPfCombinedLiveParityFreqtrade - INFO - V16+Grid LIVE parity entry decision: pair=ETC/USDT:USDT component=breakout side=short target=2026-08-18
[2026-08-18 15:01:27] 05:00:00+00:00 age=87.116s rank=none candidates=0 accepted=False
[2026-08-18 15:01:27] 2026-08-18 15:01:27,219 - freqtrade.freqtradebot - INFO - User denied entry for ETC/USDT:USDT.
[2026-08-18 15:01:46] 2026-08-18 15:01:46,641 - freqtrade.freqtradebot - INFO - Cancelling current stoploss on exchange for pair WLD/USDT:USDT (orderid:1000002511999863) in order to add another one ...
[2026-08-18 15:01:46] 2026-08-18 15:01:46,642 - freqtrade.freqtradebot - INFO - Cancelling stoploss on exchange for Trade(id=11, pair=WLD/USDT:USDT, amount=5364, is_short=True, leverage=10, open_rate=0.3191,
[2026-08-18 15:01:46] open_since=2026-08-18 06:00:34) order: 1000002511999863
[2026-08-18 15:01:46] 2026-08-18 15:01:46,928 - freqtrade.exchange.exchange - INFO - stoploss market order added for WLD/USDT:USDT. stop price: 0.3244. limit: None
[2026-08-18 15:01:55] 2026-08-18 15:01:55,806 - freqtrade.worker - INFO - Bot heartbeat. PID=22484, version='2026.6', state='RUNNING'
[2026-08-18 15:02:55] 2026-08-18 15:02:55,899 - freqtrade.worker - INFO - Bot heartbeat. PID=22484, version='2026.6', state='RUNNING'
[2026-08-18 15:03:56] 2026-08-18 15:03:55,983 - freqtrade.worker - INFO - Bot heartbeat. PID=22484, version='2026.6', state='RUNNING'
[2026-08-18 15:04:56] 2026-08-18 15:04:56,078 - freqtrade.worker - INFO - Bot heartbeat. PID=22484, version='2026.6', state='RUNNING'
[2026-08-18 15:05:56] 2026-08-18 15:05:56,160 - freqtrade.worker - INFO - Bot heartbeat. PID=22484, version='2026.6', state='RUNNING'
[2026-08-18 15:06:56] 2026-08-18 15:06:56,260 - freqtrade.worker - INFO - Bot heartbeat. PID=22484, version='2026.6', state='RUNNING'
[2026-08-18 15:07:56] 2026-08-18 15:07:56,346 - freqtrade.worker - INFO - Bot heartbeat. PID=22484, version='2026.6', state='RUNNING'
[2026-08-18 15:08:56] 2026-08-18 15:08:56,431 - freqtrade.worker - INFO - Bot heartbeat. PID=22484, version='2026.6', state='RUNNING'
[2026-08-18 15:09:03] 2026-08-18 15:09:03,515 - freqtrade.plugins.pairlistmanager - INFO - Whitelist with 50 pairs: ['BTC/USDT:USDT', 'ETH/USDT:USDT', 'SOL/USDT:USDT', 'ZEC/USDT:USDT', 'HYPE/USDT:USDT', 'XRP/USDT:USDT',
[2026-08-18 15:09:03] 'DOGE/USDT:USDT', 'BNB/USDT:USDT', 'SIREN/USDT:USDT', '1000PEPE/USDT:USDT', 'TAO/USDT:USDT', 'NEAR/USDT:USDT', 'WLD/USDT:USDT', 'SUI/USDT:USDT', 'ADA/USDT:USDT', 'SEI/USDT:USDT', 'AVAX/USDT:USDT',
[2026-08-18 15:09:03] 'ENA/USDT:USDT', 'LINK/USDT:USDT', 'FIL/USDT:USDT', 'XLM/USDT:USDT', 'BCH/USDT:USDT', 'ONDO/USDT:USDT', 'TRUMP/USDT:USDT', 'AAVE/USDT:USDT', 'DOT/USDT:USDT', 'PENGU/USDT:USDT', 'LTC/USDT:USDT',
[2026-08-18 15:09:03] 'TRX/USDT:USDT', 'FET/USDT:USDT', 'UNI/USDT:USDT', 'INJ/USDT:USDT', 'DASH/USDT:USDT', 'B/USDT:USDT', 'ARB/USDT:USDT', '1000SHIB/USDT:USDT', 'APE/USDT:USDT', 'XMR/USDT:USDT', 'APT/USDT:USDT',
[2026-08-18 15:09:03] 'WIF/USDT:USDT', 'ICP/USDT:USDT', 'ETC/USDT:USDT', 'VIRTUAL/USDT:USDT', 'HBAR/USDT:USDT', 'RENDER/USDT:USDT', 'CRV/USDT:USDT', 'JTO/USDT:USDT', 'OP/USDT:USDT', 'CHZ/USDT:USDT', '1000BONK/USDT:USDT']
[2026-08-18 15:09:56] 2026-08-18 15:09:56,532 - freqtrade.worker - INFO - Bot heartbeat. PID=22484, version='2026.6', state='RUNNING'
[2026-08-18 15:10:46] 状态刷新失败：Freqtrade API 不可用：timed out；将在 20 秒后重试。
[2026-08-18 15:10:56] 2026-08-18 15:10:56,620 - freqtrade.worker - INFO - Bot heartbeat. PID=22484, version='2026.6', state='RUNNING'
[2026-08-18 15:11:56] 2026-08-18 15:11:56,697 - freqtrade.worker - INFO - Bot heartbeat. PID=22484, version='2026.6', state='RUNNING'
[2026-08-18 15:12:56] 2026-08-18 15:12:56,777 - freqtrade.worker - INFO - Bot heartbeat. PID=22484, version='2026.6', state='RUNNING'
[2026-08-18 15:13:56] 2026-08-18 15:13:56,865 - freqtrade.worker - INFO - Bot heartbeat. PID=22484, version='2026.6', state='RUNNING'
[2026-08-18 15:14:57] 2026-08-18 15:14:56,957 - freqtrade.worker - INFO - Bot heartbeat. PID=22484, version='2026.6', state='RUNNING'
[2026-08-18 15:15:59] 2026-08-18 15:15:59,257 - freqtrade.worker - INFO - Bot heartbeat. PID=22484, version='2026.6', state='RUNNING'
[2026-08-18 15:16:59] 2026-08-18 15:16:59,335 - freqtrade.worker - INFO - Bot heartbeat. PID=22484, version='2026.6', state='RUNNING'
[2026-08-18 15:17:59] 2026-08-18 15:17:59,437 - freqtrade.worker - INFO - Bot heartbeat. PID=22484, version='2026.6', state='RUNNING'
[2026-08-18 15:18:59] 2026-08-18 15:18:59,528 - freqtrade.worker - INFO - Bot heartbeat. PID=22484, version='2026.6', state='RUNNING'
[2026-08-18 15:19:59] 2026-08-18 15:19:59,603 - freqtrade.worker - INFO - Bot heartbeat. PID=22484, version='2026.6', state='RUNNING'
[2026-08-18 15:20:49] 状态刷新失败：Freqtrade API 不可用：timed out；将在 20 秒后重试。
[2026-08-18 15:20:59] 2026-08-18 15:20:59,682 - freqtrade.worker - INFO - Bot heartbeat. PID=22484, version='2026.6', state='RUNNING'
[2026-08-18 15:21:59] 2026-08-18 15:21:59,771 - freqtrade.worker - INFO - Bot heartbeat. PID=22484, version='2026.6', state='RUNNING'
[2026-08-18 15:22:59] 2026-08-18 15:22:59,856 - freqtrade.worker - INFO - Bot heartbeat. PID=22484, version='2026.6', state='RUNNING'
[2026-08-18 15:24:00] 2026-08-18 15:23:59,949 - freqtrade.worker - INFO - Bot heartbeat. PID=22484, version='2026.6', state='RUNNING'
[2026-08-18 15:25:00] 2026-08-18 15:25:00,021 - freqtrade.worker - INFO - Bot heartbeat. PID=22484, version='2026.6', state='RUNNING'
[2026-08-18 15:26:00] 2026-08-18 15:26:00,093 - freqtrade.worker - INFO - Bot heartbeat. PID=22484, version='2026.6', state='RUNNING'
[2026-08-18 15:27:00] 2026-08-18 15:27:00,169 - freqtrade.worker - INFO - Bot heartbeat. PID=22484, version='2026.6', state='RUNNING'
[2026-08-18 15:28:00] 2026-08-18 15:28:00,245 - freqtrade.worker - INFO - Bot heartbeat. PID=22484, version='2026.6', state='RUNNING'
[2026-08-18 15:29:00] 2026-08-18 15:29:00,338 - freqtrade.worker - INFO - Bot heartbeat. PID=22484, version='2026.6', state='RUNNING'
[2026-08-18 15:30:00] 2026-08-18 15:30:00,424 - freqtrade.worker - INFO - Bot heartbeat. PID=22484, version='2026.6', state='RUNNING'
[2026-08-18 15:31:02] 2026-08-18 15:31:02,469 - freqtrade.worker - INFO - Bot heartbeat. PID=22484, version='2026.6', state='RUNNING'
[2026-08-18 15:31:05] 2026-08-18 15:31:05,717 - freqtrade.wallets - INFO - Wallets synced.
[2026-08-18 15:32:02] 2026-08-18 15:32:02,525 - freqtrade.worker - INFO - Bot heartbeat. PID=22484, version='2026.6', state='RUNNING'
[2026-08-18 15:33:02] 2026-08-18 15:33:02,618 - freqtrade.worker - INFO - Bot heartbeat. PID=22484, version='2026.6', state='RUNNING'
[2026-08-18 15:33:33] 2026-08-18 15:33:33,815 - freqtrade.persistence.trade_model - INFO - Updating trade (id=11) ...
[2026-08-18 15:33:33] 2026-08-18 15:33:33,817 - freqtrade.persistence.trade_model - INFO - STOPLOSS is hit for Trade(id=11, pair=WLD/USDT:USDT, amount=5364, is_short=True, leverage=10, open_rate=0.3191,
[2026-08-18 15:33:33] open_since=2026-08-18 06:00:34).
[2026-08-18 15:33:33] 2026-08-18 15:33:33,819 - freqtrade.persistence.trade_model - INFO - Marking Trade(id=11, pair=WLD/USDT:USDT, amount=5364, is_short=True, leverage=10, open_rate=0.3191, open_since=closed) as closed as
[2026-08-18 15:33:33] the trade is fulfilled and found no open orders for it.
[2026-08-18 15:33:33] 2026-08-18 15:33:33,916 - freqtrade.wallets - INFO - Wallets synced.
[2026-08-18 15:33:33] 2026-08-18 15:33:33,919 - freqtrade.rpc.rpc_manager - INFO - Sending rpc message: {'type': exit_fill, 'trade_id': 11, 'exchange': 'Binance', 'pair': 'WLD/USDT:USDT', 'leverage': 10.0, 'direction':
[2026-08-18 15:33:33] 'Short', 'gain': 'loss', 'limit': 0.3243, 'order_rate': 0.3243, 'order_type': 'stoploss', 'amount': 5364.0, 'open_rate': 0.3191, 'close_rate': 0.3243, 'current_rate': None, 'profit_amount':
[2026-08-18 15:33:33] -29.6183988, 'profit_ratio': -0.17312636, 'buy_tag': 'bo_v9_s4_r43320_c1_l0', 'enter_tag': 'bo_v9_s4_r43320_c1_l0', 'exit_reason': 'stoploss_on_exchange', 'open_date': datetime.datetime(2026, 8, 18,
[2026-08-18 15:33:33] 6, 0, 34, 657352, tzinfo=datetime.timezone.utc), 'close_date': datetime.datetime(2026, 8, 18, 6, 33, 31, 226000, tzinfo=datetime.timezone.utc), 'stake_amount': 171.16523999999998, 'stake_currency':
[2026-08-18 15:33:33] 'USDT', 'base_currency': 'WLD', 'quote_currency': 'USDT', 'fiat_currency': None, 'sub_trade': False, 'cumulative_profit': -29.6183988, 'final_profit_ratio': -0.17312636261722214, 'is_final_exit':
[2026-08-18 15:33:33] True}
[2026-08-18 15:33:34] 2026-08-18 15:33:34,041 - freqtrade.wallets - INFO - Wallets synced.
[2026-08-18 15:34:02] 2026-08-18 15:34:02,715 - freqtrade.worker - INFO - Bot heartbeat. PID=22484, version='2026.6', state='RUNNING'
[2026-08-18 15:35:02] 2026-08-18 15:35:02,811 - freqtrade.worker - INFO - Bot heartbeat. PID=22484, version='2026.6', state='RUNNING'
[2026-08-18 15:36:02] 2026-08-18 15:36:02,894 - freqtrade.worker - INFO - Bot heartbeat. PID=22484, version='2026.6', state='RUNNING'
[2026-08-18 15:37:02] 2026-08-18 15:37:02,978 - freqtrade.worker - INFO - Bot heartbeat. PID=22484, version='2026.6', state='RUNNING'
[2026-08-18 15:38:03] 2026-08-18 15:38:03,054 - freqtrade.worker - INFO - Bot heartbeat. PID=22484, version='2026.6', state='RUNNING'
[2026-08-18 15:39:03] 2026-08-18 15:39:03,139 - freqtrade.worker - INFO - Bot heartbeat. PID=22484, version='2026.6', state='RUNNING'
[2026-08-18 15:40:03] 2026-08-18 15:40:03,239 - freqtrade.worker - INFO - Bot heartbeat. PID=22484, version='2026.6', state='RUNNING'
[2026-08-18 15:41:03] 2026-08-18 15:41:03,319 - freqtrade.worker - INFO - Bot heartbeat. PID=22484, version='2026.6', state='RUNNING'
[2026-08-18 15:42:03] 2026-08-18 15:42:03,401 - freqtrade.worker - INFO - Bot heartbeat. PID=22484, version='2026.6', state='RUNNING'
[2026-08-18 15:43:03] 2026-08-18 15:43:03,490 - freqtrade.worker - INFO - Bot heartbeat. PID=22484, version='2026.6', state='RUNNING'
[2026-08-18 15:44:03] 2026-08-18 15:44:03,599 - freqtrade.worker - INFO - Bot heartbeat. PID=22484, version='2026.6', state='RUNNING'
[2026-08-18 15:45:03] 2026-08-18 15:45:03,688 - freqtrade.worker - INFO - Bot heartbeat. PID=22484, version='2026.6', state='RUNNING'
[2026-08-18 15:46:05] 2026-08-18 15:46:05,378 - freqtrade.worker - INFO - Bot heartbeat. PID=22484, version='2026.6', state='RUNNING'
[2026-08-18 15:47:05] 2026-08-18 15:47:05,485 - freqtrade.worker - INFO - Bot heartbeat. PID=22484, version='2026.6', state='RUNNING'
[2026-08-18 15:48:05] 2026-08-18 15:48:05,569 - freqtrade.worker - INFO - Bot heartbeat. PID=22484, version='2026.6', state='RUNNING'
[2026-08-18 15:49:05] 2026-08-18 15:49:05,672 - freqtrade.worker - INFO - Bot heartbeat. PID=22484, version='2026.6', state='RUNNING'
[2026-08-18 15:50:05] 2026-08-18 15:50:05,761 - freqtrade.worker - INFO - Bot heartbeat. PID=22484, version='2026.6', state='RUNNING'
[2026-08-18 15:51:05] 2026-08-18 15:51:05,855 - freqtrade.worker - INFO - Bot heartbeat. PID=22484, version='2026.6', state='RUNNING'
[2026-08-18 15:52:05] 2026-08-18 15:52:05,925 - freqtrade.worker - INFO - Bot heartbeat. PID=22484, version='2026.6', state='RUNNING'
[2026-08-18 15:53:06] 2026-08-18 15:53:06,001 - freqtrade.worker - INFO - Bot heartbeat. PID=22484, version='2026.6', state='RUNNING'
[2026-08-18 15:54:06] 2026-08-18 15:54:06,070 - freqtrade.worker - INFO - Bot heartbeat. PID=22484, version='2026.6', state='RUNNING'
[2026-08-18 15:55:06] 2026-08-18 15:55:06,151 - freqtrade.worker - INFO - Bot heartbeat. PID=22484, version='2026.6', state='RUNNING'
[2026-08-18 15:56:06] 2026-08-18 15:56:06,241 - freqtrade.worker - INFO - Bot heartbeat. PID=22484, version='2026.6', state='RUNNING'
[2026-08-18 15:57:06] 2026-08-18 15:57:06,338 - freqtrade.worker - INFO - Bot heartbeat. PID=22484, version='2026.6', state='RUNNING'
[2026-08-18 15:58:06] 2026-08-18 15:58:06,421 - freqtrade.worker - INFO - Bot heartbeat. PID=22484, version='2026.6', state='RUNNING'
[2026-08-18 15:59:06] 2026-08-18 15:59:06,514 - freqtrade.worker - INFO - Bot heartbeat. PID=22484, version='2026.6', state='RUNNING'
[2026-08-18 16:00:18] 2026-08-18 16:00:18,421 - BreakoutV16GridV15QualityPfCombinedLiveParityFreqtrade - INFO - V16+Grid LIVE full context waiting: target=2026-08-18 06:00:00+00:00 ready=34/50
[2026-08-18 16:00:18] missing_or_stale=1000SHIB/USDT:USDT,AAVE/USDT:USDT,ADA/USDT:USDT,B/USDT:USDT,BCH/USDT:USDT,CRV/USDT:USDT,DOGE/USDT:USDT,DOT/USDT:USDT,FIL/USDT:USDT,HBAR/USDT:USDT,ICP/USDT:USDT,RENDER/USDT:USDT,SIREN/
[2026-08-18 16:00:18] USDT:USDT,SOL/USDT:USDT,TAO/USDT:USDT,XMR/USDT:USDT
[2026-08-18 16:00:18] 2026-08-18 16:00:18,505 - freqtrade.worker - INFO - Bot heartbeat. PID=22484, version='2026.6', state='RUNNING'
[2026-08-18 16:00:34] 2026-08-18 16:00:34,791 - BreakoutV10FGridV8DualSideFreqtrade - INFO - LIVE context synchronized: target=2026-08-18 06:00:00+00:00 pairs=50 candidates=none
[2026-08-18 16:01:06] 2026-08-18 16:01:05,995 - freqtrade.wallets - INFO - Wallets synced.
[2026-08-18 16:01:20] 2026-08-18 16:01:19,930 - freqtrade.worker - INFO - Bot heartbeat. PID=22484, version='2026.6', state='RUNNING'
[2026-08-18 16:02:20] 2026-08-18 16:02:19,998 - freqtrade.worker - INFO - Bot heartbeat. PID=22484, version='2026.6', state='RUNNING'
[2026-08-18 16:03:20] 2026-08-18 16:03:20,051 - freqtrade.worker - INFO - Bot heartbeat. PID=22484, version='2026.6', state='RUNNING'
[2026-08-18 16:04:20] 2026-08-18 16:04:20,135 - freqtrade.worker - INFO - Bot heartbeat. PID=22484, version='2026.6', state='RUNNING'
[2026-08-18 16:05:20] 2026-08-18 16:05:20,234 - freqtrade.worker - INFO - Bot heartbeat. PID=22484, version='2026.6', state='RUNNING'
[2026-08-18 16:06:20] 2026-08-18 16:06:20,312 - freqtrade.worker - INFO - Bot heartbeat. PID=22484, version='2026.6', state='RUNNING'
[2026-08-18 16:07:20] 2026-08-18 16:07:20,383 - freqtrade.worker - INFO - Bot heartbeat. PID=22484, version='2026.6', state='RUNNING'
[2026-08-18 16:08:20] 2026-08-18 16:08:20,461 - freqtrade.worker - INFO - Bot heartbeat. PID=22484, version='2026.6', state='RUNNING'
[2026-08-18 16:09:07] 2026-08-18 16:09:07,133 - freqtrade.plugins.pairlistmanager - INFO - Whitelist with 50 pairs: ['BTC/USDT:USDT', 'ETH/USDT:USDT', 'SOL/USDT:USDT', 'ZEC/USDT:USDT', 'HYPE/USDT:USDT', 'XRP/USDT:USDT',
[2026-08-18 16:09:07] 'DOGE/USDT:USDT', 'BNB/USDT:USDT', 'SIREN/USDT:USDT', '1000PEPE/USDT:USDT', 'TAO/USDT:USDT', 'NEAR/USDT:USDT', 'WLD/USDT:USDT', 'SUI/USDT:USDT', 'ADA/USDT:USDT', 'SEI/USDT:USDT', 'AVAX/USDT:USDT',
[2026-08-18 16:09:07] 'ENA/USDT:USDT', 'LINK/USDT:USDT', 'FIL/USDT:USDT', 'XLM/USDT:USDT', 'BCH/USDT:USDT', 'ONDO/USDT:USDT', 'TRUMP/USDT:USDT', 'AAVE/USDT:USDT', 'DOT/USDT:USDT', 'PENGU/USDT:USDT', 'LTC/USDT:USDT',
[2026-08-18 16:09:07] 'TRX/USDT:USDT', 'FET/USDT:USDT', 'UNI/USDT:USDT', 'INJ/USDT:USDT', 'DASH/USDT:USDT', 'B/USDT:USDT', 'ARB/USDT:USDT', '1000SHIB/USDT:USDT', 'APE/USDT:USDT', 'XMR/USDT:USDT', 'APT/USDT:USDT',
[2026-08-18 16:09:07] 'WIF/USDT:USDT', 'ICP/USDT:USDT', 'ETC/USDT:USDT', 'VIRTUAL/USDT:USDT', 'HBAR/USDT:USDT', 'RENDER/USDT:USDT', 'CRV/USDT:USDT', 'JTO/USDT:USDT', 'OP/USDT:USDT', 'CHZ/USDT:USDT', '1000BONK/USDT:USDT']
[2026-08-18 16:09:20] 2026-08-18 16:09:20,545 - freqtrade.worker - INFO - Bot heartbeat. PID=22484, version='2026.6', state='RUNNING'
[2026-08-18 16:10:20] 2026-08-18 16:10:20,635 - freqtrade.worker - INFO - Bot heartbeat. PID=22484, version='2026.6', state='RUNNING'
[2026-08-18 16:11:20] 2026-08-18 16:11:20,734 - freqtrade.worker - INFO - Bot heartbeat. PID=22484, version='2026.6', state='RUNNING'
[2026-08-18 16:12:20] 2026-08-18 16:12:20,793 - freqtrade.worker - INFO - Bot heartbeat. PID=22484, version='2026.6', state='RUNNING'
[2026-08-18 16:13:20] 2026-08-18 16:13:20,831 - freqtrade.worker - INFO - Bot heartbeat. PID=22484, version='2026.6', state='RUNNING'
[2026-08-18 16:14:20] 2026-08-18 16:14:20,876 - freqtrade.worker - INFO - Bot heartbeat. PID=22484, version='2026.6', state='RUNNING'
[2026-08-18 16:15:22] 2026-08-18 16:15:22,783 - freqtrade.worker - INFO - Bot heartbeat. PID=22484, version='2026.6', state='RUNNING'
[2026-08-18 16:16:22] 2026-08-18 16:16:22,816 - freqtrade.worker - INFO - Bot heartbeat. PID=22484, version='2026.6', state='RUNNING'
[2026-08-18 16:17:22] 2026-08-18 16:17:22,841 - freqtrade.worker - INFO - Bot heartbeat. PID=22484, version='2026.6', state='RUNNING'
[2026-08-18 16:18:22] 2026-08-18 16:18:22,910 - freqtrade.worker - INFO - Bot heartbeat. PID=22484, version='2026.6', state='RUNNING'
[2026-08-18 16:19:23] 2026-08-18 16:19:22,983 - freqtrade.worker - INFO - Bot heartbeat. PID=22484, version='2026.6', state='RUNNING'
[2026-08-18 16:20:23] 2026-08-18 16:20:23,056 - freqtrade.worker - INFO - Bot heartbeat. PID=22484, version='2026.6', state='RUNNING'
[2026-08-18 16:21:23] 2026-08-18 16:21:23,131 - freqtrade.worker - INFO - Bot heartbeat. PID=22484, version='2026.6', state='RUNNING'
[2026-08-18 16:22:23] 2026-08-18 16:22:23,208 - freqtrade.worker - INFO - Bot heartbeat. PID=22484, version='2026.6', state='RUNNING'
[2026-08-18 16:23:23] 2026-08-18 16:23:23,284 - freqtrade.worker - INFO - Bot heartbeat. PID=22484, version='2026.6', state='RUNNING'
[2026-08-18 16:24:23] 2026-08-18 16:24:23,378 - freqtrade.worker - INFO - Bot heartbeat. PID=22484, version='2026.6', state='RUNNING'
[2026-08-18 16:25:23] 2026-08-18 16:25:23,469 - freqtrade.worker - INFO - Bot heartbeat. PID=22484, version='2026.6', state='RUNNING'
[2026-08-18 16:26:23] 2026-08-18 16:26:23,531 - freqtrade.worker - INFO - Bot heartbeat. PID=22484, version='2026.6', state='RUNNING'
[2026-08-18 16:27:23] 2026-08-18 16:27:23,584 - freqtrade.worker - INFO - Bot heartbeat. PID=22484, version='2026.6', state='RUNNING'
[2026-08-18 16:28:28] 2026-08-18 16:28:28,531 - freqtrade.worker - INFO - Bot heartbeat. PID=22484, version='2026.6', state='RUNNING'
[2026-08-18 16:29:28] 2026-08-18 16:29:28,604 - freqtrade.worker - INFO - Bot heartbeat. PID=22484, version='2026.6', state='RUNNING'
[2026-08-18 16:30:30] 2026-08-18 16:30:30,699 - freqtrade.worker - INFO - Bot heartbeat. PID=22484, version='2026.6', state='RUNNING'
[2026-08-18 16:31:06] 2026-08-18 16:31:06,852 - freqtrade.wallets - INFO - Wallets synced.
[2026-08-18 16:31:30] 2026-08-18 16:31:30,785 - freqtrade.worker - INFO - Bot heartbeat. PID=22484, version='2026.6', state='RUNNING'
[2026-08-18 16:32:30] 2026-08-18 16:32:30,859 - freqtrade.worker - INFO - Bot heartbeat. PID=22484, version='2026.6', state='RUNNING'
[2026-08-18 16:33:30] 2026-08-18 16:33:30,937 - freqtrade.worker - INFO - Bot heartbeat. PID=22484, version='2026.6', state='RUNNING'
[2026-08-18 16:34:31] 2026-08-18 16:34:31,012 - freqtrade.worker - INFO - Bot heartbeat. PID=22484, version='2026.6', state='RUNNING'
[2026-08-18 16:35:31] 2026-08-18 16:35:31,105 - freqtrade.worker - INFO - Bot heartbeat. PID=22484, version='2026.6', state='RUNNING'
[2026-08-18 16:36:31] 2026-08-18 16:36:31,171 - freqtrade.worker - INFO - Bot heartbeat. PID=22484, version='2026.6', state='RUNNING'
[2026-08-18 16:37:31] 2026-08-18 16:37:31,257 - freqtrade.worker - INFO - Bot heartbeat. PID=22484, version='2026.6', state='RUNNING'
[2026-08-18 16:38:31] 2026-08-18 16:38:31,332 - freqtrade.worker - INFO - Bot heartbeat. PID=22484, version='2026.6', state='RUNNING'
[2026-08-18 16:39:31] 2026-08-18 16:39:31,432 - freqtrade.worker - INFO - Bot heartbeat. PID=22484, version='2026.6', state='RUNNING'
[2026-08-18 16:40:31] 2026-08-18 16:40:31,522 - freqtrade.worker - INFO - Bot heartbeat. PID=22484, version='2026.6', state='RUNNING'
[2026-08-18 16:41:31] 2026-08-18 16:41:31,616 - freqtrade.worker - INFO - Bot heartbeat. PID=22484, version='2026.6', state='RUNNING'
[2026-08-18 16:42:31] 2026-08-18 16:42:31,686 - freqtrade.worker - INFO - Bot heartbeat. PID=22484, version='2026.6', state='RUNNING'
[2026-08-18 16:43:31] 2026-08-18 16:43:31,727 - freqtrade.worker - INFO - Bot heartbeat. PID=22484, version='2026.6', state='RUNNING'
[2026-08-18 16:44:31] 2026-08-18 16:44:31,766 - freqtrade.worker - INFO - Bot heartbeat. PID=22484, version='2026.6', state='RUNNING'
[2026-08-18 16:45:33] 2026-08-18 16:45:33,500 - freqtrade.worker - INFO - Bot heartbeat. PID=22484, version='2026.6', state='RUNNING'
[2026-08-18 16:46:33] 2026-08-18 16:46:33,545 - freqtrade.worker - INFO - Bot heartbeat. PID=22484, version='2026.6', state='RUNNING'
[2026-08-18 16:47:33] 2026-08-18 16:47:33,591 - freqtrade.worker - INFO - Bot heartbeat. PID=22484, version='2026.6', state='RUNNING'
[2026-08-18 16:48:33] 2026-08-18 16:48:33,644 - freqtrade.worker - INFO - Bot heartbeat. PID=22484, version='2026.6', state='RUNNING'
[2026-08-18 16:49:33] 2026-08-18 16:49:33,729 - freqtrade.worker - INFO - Bot heartbeat. PID=22484, version='2026.6', state='RUNNING'
[2026-08-18 16:50:33] 2026-08-18 16:50:33,818 - freqtrade.worker - INFO - Bot heartbeat. PID=22484, version='2026.6', state='RUNNING'
[2026-08-18 16:51:34] 2026-08-18 16:51:33,904 - freqtrade.worker - INFO - Bot heartbeat. PID=22484, version='2026.6', state='RUNNING'
[2026-08-18 16:52:34] 2026-08-18 16:52:33,994 - freqtrade.worker - INFO - Bot heartbeat. PID=22484, version='2026.6', state='RUNNING'
[2026-08-18 16:53:34] 2026-08-18 16:53:34,080 - freqtrade.worker - INFO - Bot heartbeat. PID=22484, version='2026.6', state='RUNNING'
[2026-08-18 16:54:34] 2026-08-18 16:54:34,169 - freqtrade.worker - INFO - Bot heartbeat. PID=22484, version='2026.6', state='RUNNING'
[2026-08-18 16:55:34] 2026-08-18 16:55:34,243 - freqtrade.worker - INFO - Bot heartbeat. PID=22484, version='2026.6', state='RUNNING'
[2026-08-18 16:56:34] 2026-08-18 16:56:34,329 - freqtrade.worker - INFO - Bot heartbeat. PID=22484, version='2026.6', state='RUNNING'
[2026-08-18 16:57:34] 2026-08-18 16:57:34,419 - freqtrade.worker - INFO - Bot heartbeat. PID=22484, version='2026.6', state='RUNNING'
[2026-08-18 16:58:34] 2026-08-18 16:58:34,493 - freqtrade.worker - INFO - Bot heartbeat. PID=22484, version='2026.6', state='RUNNING'
[2026-08-18 16:59:34] 2026-08-18 16:59:34,588 - freqtrade.worker - INFO - Bot heartbeat. PID=22484, version='2026.6', state='RUNNING'
[2026-08-18 17:00:23] 2026-08-18 17:00:23,932 - BreakoutV16GridV15QualityPfCombinedLiveParityFreqtrade - INFO - V16+Grid LIVE full context waiting: target=2026-08-18 07:00:00+00:00 ready=47/50
[2026-08-18 17:00:23] missing_or_stale=B/USDT:USDT,CRV/USDT:USDT,TAO/USDT:USDT
[2026-08-18 17:00:34] 2026-08-18 17:00:34,077 - BreakoutV10FGridV8DualSideFreqtrade - INFO - LIVE context synchronized: target=2026-08-18 07:00:00+00:00 pairs=50 candidates=none
[2026-08-18 17:00:39] 2026-08-18 17:00:39,171 - freqtrade.worker - INFO - Bot heartbeat. PID=22484, version='2026.6', state='RUNNING'
[2026-08-18 17:01:05] 2026-08-18 17:01:05,158 - freqtrade.wallets - INFO - Wallets synced.
[2026-08-18 17:01:39] 2026-08-18 17:01:39,257 - freqtrade.worker - INFO - Bot heartbeat. PID=22484, version='2026.6', state='RUNNING'
[2026-08-18 17:02:39] 2026-08-18 17:02:39,355 - freqtrade.worker - INFO - Bot heartbeat. PID=22484, version='2026.6', state='RUNNING'
[2026-08-18 17:03:39] 2026-08-18 17:03:39,462 - freqtrade.worker - INFO - Bot heartbeat. PID=22484, version='2026.6', state='RUNNING'
[2026-08-18 17:04:39] 2026-08-18 17:04:39,556 - freqtrade.worker - INFO - Bot heartbeat. PID=22484, version='2026.6', state='RUNNING'
[2026-08-18 17:05:39] 2026-08-18 17:05:39,638 - freqtrade.worker - INFO - Bot heartbeat. PID=22484, version='2026.6', state='RUNNING'
[2026-08-18 17:06:39] 2026-08-18 17:06:39,705 - freqtrade.worker - INFO - Bot heartbeat. PID=22484, version='2026.6', state='RUNNING'
[2026-08-18 17:07:39] 2026-08-18 17:07:39,808 - freqtrade.worker - INFO - Bot heartbeat. PID=22484, version='2026.6', state='RUNNING'
[2026-08-18 17:08:39] 2026-08-18 17:08:39,900 - freqtrade.worker - INFO - Bot heartbeat. PID=22484, version='2026.6', state='RUNNING'
[2026-08-18 17:09:12] 2026-08-18 17:09:12,010 - freqtrade.plugins.pairlistmanager - INFO - Whitelist with 50 pairs: ['BTC/USDT:USDT', 'ETH/USDT:USDT', 'SOL/USDT:USDT', 'ZEC/USDT:USDT', 'HYPE/USDT:USDT', 'XRP/USDT:USDT',
[2026-08-18 17:09:12] 'DOGE/USDT:USDT', 'BNB/USDT:USDT', 'SIREN/USDT:USDT', '1000PEPE/USDT:USDT', 'TAO/USDT:USDT', 'NEAR/USDT:USDT', 'WLD/USDT:USDT', 'SUI/USDT:USDT', 'ADA/USDT:USDT', 'SEI/USDT:USDT', 'AVAX/USDT:USDT',
[2026-08-18 17:09:12] 'ENA/USDT:USDT', 'LINK/USDT:USDT', 'FIL/USDT:USDT', 'XLM/USDT:USDT', 'BCH/USDT:USDT', 'ONDO/USDT:USDT', 'TRUMP/USDT:USDT', 'AAVE/USDT:USDT', 'DOT/USDT:USDT', 'PENGU/USDT:USDT', 'LTC/USDT:USDT',
[2026-08-18 17:09:12] 'TRX/USDT:USDT', 'FET/USDT:USDT', 'UNI/USDT:USDT', 'INJ/USDT:USDT', 'DASH/USDT:USDT', 'B/USDT:USDT', 'ARB/USDT:USDT', '1000SHIB/USDT:USDT', 'APE/USDT:USDT', 'XMR/USDT:USDT', 'APT/USDT:USDT',
[2026-08-18 17:09:12] 'WIF/USDT:USDT', 'ICP/USDT:USDT', 'ETC/USDT:USDT', 'VIRTUAL/USDT:USDT', 'HBAR/USDT:USDT', 'RENDER/USDT:USDT', 'CRV/USDT:USDT', 'JTO/USDT:USDT', 'OP/USDT:USDT', 'CHZ/USDT:USDT', '1000BONK/USDT:USDT']
[2026-08-18 17:09:40] 2026-08-18 17:09:39,997 - freqtrade.worker - INFO - Bot heartbeat. PID=22484, version='2026.6', state='RUNNING'
[2026-08-18 17:10:40] 2026-08-18 17:10:40,075 - freqtrade.worker - INFO - Bot heartbeat. PID=22484, version='2026.6', state='RUNNING'
[2026-08-18 17:11:40] 2026-08-18 17:11:40,167 - freqtrade.worker - INFO - Bot heartbeat. PID=22484, version='2026.6', state='RUNNING'
[2026-08-18 17:12:40] 2026-08-18 17:12:40,258 - freqtrade.worker - INFO - Bot heartbeat. PID=22484, version='2026.6', state='RUNNING'
[2026-08-18 17:13:40] 2026-08-18 17:13:40,356 - freqtrade.worker - INFO - Bot heartbeat. PID=22484, version='2026.6', state='RUNNING'
[2026-08-18 17:14:40] 2026-08-18 17:14:40,447 - freqtrade.worker - INFO - Bot heartbeat. PID=22484, version='2026.6', state='RUNNING'
[2026-08-18 17:15:42] 2026-08-18 17:15:42,102 - freqtrade.worker - INFO - Bot heartbeat. PID=22484, version='2026.6', state='RUNNING'
[2026-08-18 17:16:42] 2026-08-18 17:16:42,183 - freqtrade.worker - INFO - Bot heartbeat. PID=22484, version='2026.6', state='RUNNING'
[2026-08-18 17:17:42] 2026-08-18 17:17:42,257 - freqtrade.worker - INFO - Bot heartbeat. PID=22484, version='2026.6', state='RUNNING'
[2026-08-18 17:18:42] 2026-08-18 17:18:42,351 - freqtrade.worker - INFO - Bot heartbeat. PID=22484, version='2026.6', state='RUNNING'
[2026-08-18 17:19:42] 2026-08-18 17:19:42,422 - freqtrade.worker - INFO - Bot heartbeat. PID=22484, version='2026.6', state='RUNNING'
[2026-08-18 17:20:42] 2026-08-18 17:20:42,461 - freqtrade.worker - INFO - Bot heartbeat. PID=22484, version='2026.6', state='RUNNING'
[2026-08-18 17:21:42] 2026-08-18 17:21:42,509 - freqtrade.worker - INFO - Bot heartbeat. PID=22484, version='2026.6', state='RUNNING'
[2026-08-18 17:22:42] 2026-08-18 17:22:42,554 - freqtrade.worker - INFO - Bot heartbeat. PID=22484, version='2026.6', state='RUNNING'
[2026-08-18 17:23:42] 2026-08-18 17:23:42,602 - freqtrade.worker - INFO - Bot heartbeat. PID=22484, version='2026.6', state='RUNNING'
[2026-08-18 17:24:42] 2026-08-18 17:24:42,649 - freqtrade.worker - INFO - Bot heartbeat. PID=22484, version='2026.6', state='RUNNING'
[2026-08-18 17:25:42] 2026-08-18 17:25:42,746 - freqtrade.worker - INFO - Bot heartbeat. PID=22484, version='2026.6', state='RUNNING'
[2026-08-18 17:26:42] 2026-08-18 17:26:42,816 - freqtrade.worker - INFO - Bot heartbeat. PID=22484, version='2026.6', state='RUNNING'
[2026-08-18 17:27:42] 2026-08-18 17:27:42,912 - freqtrade.worker - INFO - Bot heartbeat. PID=22484, version='2026.6', state='RUNNING'
[2026-08-18 17:28:43] 2026-08-18 17:28:43,000 - freqtrade.worker - INFO - Bot heartbeat. PID=22484, version='2026.6', state='RUNNING'
[2026-08-18 17:29:43] 2026-08-18 17:29:43,064 - freqtrade.worker - INFO - Bot heartbeat. PID=22484, version='2026.6', state='RUNNING'
[2026-08-18 17:30:44] 2026-08-18 17:30:44,803 - freqtrade.worker - INFO - Bot heartbeat. PID=22484, version='2026.6', state='RUNNING'
[2026-08-18 17:31:06] 2026-08-18 17:31:06,094 - freqtrade.wallets - INFO - Wallets synced.
[2026-08-18 17:31:44] 2026-08-18 17:31:44,887 - freqtrade.worker - INFO - Bot heartbeat. PID=22484, version='2026.6', state='RUNNING'
[2026-08-18 17:32:45] 2026-08-18 17:32:44,956 - freqtrade.worker - INFO - Bot heartbeat. PID=22484, version='2026.6', state='RUNNING'
[2026-08-18 17:33:45] 2026-08-18 17:33:45,038 - freqtrade.worker - INFO - Bot heartbeat. PID=22484, version='2026.6', state='RUNNING'
[2026-08-18 17:34:45] 2026-08-18 17:34:45,127 - freqtrade.worker - INFO - Bot heartbeat. PID=22484, version='2026.6', state='RUNNING'
[2026-08-18 17:35:45] 2026-08-18 17:35:45,224 - freqtrade.worker - INFO - Bot heartbeat. PID=22484, version='2026.6', state='RUNNING'
[2026-08-18 17:36:45] 2026-08-18 17:36:45,321 - freqtrade.worker - INFO - Bot heartbeat. PID=22484, version='2026.6', state='RUNNING'
[2026-08-18 17:37:45] 2026-08-18 17:37:45,402 - freqtrade.worker - INFO - Bot heartbeat. PID=22484, version='2026.6', state='RUNNING'
[2026-08-18 17:38:45] 2026-08-18 17:38:45,502 - freqtrade.worker - INFO - Bot heartbeat. PID=22484, version='2026.6', state='RUNNING'
[2026-08-18 17:39:45] 2026-08-18 17:39:45,585 - freqtrade.worker - INFO - Bot heartbeat. PID=22484, version='2026.6', state='RUNNING'
[2026-08-18 17:40:45] 2026-08-18 17:40:45,685 - freqtrade.worker - INFO - Bot heartbeat. PID=22484, version='2026.6', state='RUNNING'
[2026-08-18 17:41:45] 2026-08-18 17:41:45,775 - freqtrade.worker - INFO - Bot heartbeat. PID=22484, version='2026.6', state='RUNNING'
[2026-08-18 17:42:45] 2026-08-18 17:42:45,783 - freqtrade.worker - INFO - Bot heartbeat. PID=22484, version='2026.6', state='RUNNING'
[2026-08-18 17:43:45] 2026-08-18 17:43:45,861 - freqtrade.worker - INFO - Bot heartbeat. PID=22484, version='2026.6', state='RUNNING'
[2026-08-18 17:44:46] 2026-08-18 17:44:45,966 - freqtrade.worker - INFO - Bot heartbeat. PID=22484, version='2026.6', state='RUNNING'
[2026-08-18 17:45:47] 2026-08-18 17:45:47,665 - freqtrade.worker - INFO - Bot heartbeat. PID=22484, version='2026.6', state='RUNNING'
[2026-08-18 17:46:47] 2026-08-18 17:46:47,732 - freqtrade.worker - INFO - Bot heartbeat. PID=22484, version='2026.6', state='RUNNING'
[2026-08-18 17:47:47] 2026-08-18 17:47:47,775 - freqtrade.worker - INFO - Bot heartbeat. PID=22484, version='2026.6', state='RUNNING'
[2026-08-18 17:48:47] 2026-08-18 17:48:47,825 - freqtrade.worker - INFO - Bot heartbeat. PID=22484, version='2026.6', state='RUNNING'
[2026-08-18 17:49:47] 2026-08-18 17:49:47,873 - freqtrade.worker - INFO - Bot heartbeat. PID=22484, version='2026.6', state='RUNNING'
[2026-08-18 17:50:47] 2026-08-18 17:50:47,922 - freqtrade.worker - INFO - Bot heartbeat. PID=22484, version='2026.6', state='RUNNING'
[2026-08-18 17:51:48] 2026-08-18 17:51:47,967 - freqtrade.worker - INFO - Bot heartbeat. PID=22484, version='2026.6', state='RUNNING'
[2026-08-18 17:52:48] 2026-08-18 17:52:48,044 - freqtrade.worker - INFO - Bot heartbeat. PID=22484, version='2026.6', state='RUNNING'
[2026-08-18 17:53:48] 2026-08-18 17:53:48,121 - freqtrade.worker - INFO - Bot heartbeat. PID=22484, version='2026.6', state='RUNNING'
[2026-08-18 17:54:48] 2026-08-18 17:54:48,185 - freqtrade.worker - INFO - Bot heartbeat. PID=22484, version='2026.6', state='RUNNING'
[2026-08-18 17:55:48] 2026-08-18 17:55:48,235 - freqtrade.worker - INFO - Bot heartbeat. PID=22484, version='2026.6', state='RUNNING'
[2026-08-18 17:56:48] 2026-08-18 17:56:48,274 - freqtrade.worker - INFO - Bot heartbeat. PID=22484, version='2026.6', state='RUNNING'
[2026-08-18 17:57:53] 2026-08-18 17:57:53,244 - freqtrade.worker - INFO - Bot heartbeat. PID=22484, version='2026.6', state='RUNNING'
[2026-08-18 17:58:53] 2026-08-18 17:58:53,288 - freqtrade.worker - INFO - Bot heartbeat. PID=22484, version='2026.6', state='RUNNING'
[2026-08-18 17:59:53] 2026-08-18 17:59:53,369 - freqtrade.worker - INFO - Bot heartbeat. PID=22484, version='2026.6', state='RUNNING'
[2026-08-18 18:00:18] 2026-08-18 18:00:18,445 - BreakoutV16GridV15QualityPfCombinedLiveParityFreqtrade - INFO - V16+Grid LIVE full context waiting: target=2026-08-18 08:00:00+00:00 ready=36/50
[2026-08-18 18:00:18] missing_or_stale=1000SHIB/USDT:USDT,AAVE/USDT:USDT,ADA/USDT:USDT,B/USDT:USDT,CRV/USDT:USDT,DASH/USDT:USDT,FIL/USDT:USDT,HBAR/USDT:USDT,INJ/USDT:USDT,JTO/USDT:USDT,SIREN/USDT:USDT,SOL/USDT:USDT,TAO/USD
[2026-08-18 18:00:18] T:USDT,XMR/USDT:USDT
[2026-08-18 18:00:32] 2026-08-18 18:00:32,811 - BreakoutV10FGridV8DualSideFreqtrade - INFO - LIVE context synchronized: target=2026-08-18 08:00:00+00:00 pairs=50 candidates=none
[2026-08-18 18:00:58] 2026-08-18 18:00:57,950 - freqtrade.worker - INFO - Bot heartbeat. PID=22484, version='2026.6', state='RUNNING'
[2026-08-18 18:01:04] 2026-08-18 18:01:04,004 - freqtrade.wallets - INFO - Wallets synced.
[2026-08-18 18:01:58] 2026-08-18 18:01:58,023 - freqtrade.worker - INFO - Bot heartbeat. PID=22484, version='2026.6', state='RUNNING'
[2026-08-18 18:02:58] 2026-08-18 18:02:58,100 - freqtrade.worker - INFO - Bot heartbeat. PID=22484, version='2026.6', state='RUNNING'
[2026-08-18 18:03:58] 2026-08-18 18:03:58,179 - freqtrade.worker - INFO - Bot heartbeat. PID=22484, version='2026.6', state='RUNNING'
[2026-08-18 18:04:58] 2026-08-18 18:04:58,247 - freqtrade.worker - INFO - Bot heartbeat. PID=22484, version='2026.6', state='RUNNING'
[2026-08-18 18:05:58] 2026-08-18 18:05:58,304 - freqtrade.worker - INFO - Bot heartbeat. PID=22484, version='2026.6', state='RUNNING'
[2026-08-18 18:06:58] 2026-08-18 18:06:58,386 - freqtrade.worker - INFO - Bot heartbeat. PID=22484, version='2026.6', state='RUNNING'
[2026-08-18 18:07:58] 2026-08-18 18:07:58,475 - freqtrade.worker - INFO - Bot heartbeat. PID=22484, version='2026.6', state='RUNNING'
[2026-08-18 18:08:58] 2026-08-18 18:08:58,570 - freqtrade.worker - INFO - Bot heartbeat. PID=22484, version='2026.6', state='RUNNING'
[2026-08-18 18:09:15] 2026-08-18 18:09:15,107 - freqtrade.plugins.pairlistmanager - INFO - Whitelist with 50 pairs: ['BTC/USDT:USDT', 'ETH/USDT:USDT', 'SOL/USDT:USDT', 'ZEC/USDT:USDT', 'HYPE/USDT:USDT', 'XRP/USDT:USDT',
[2026-08-18 18:09:15] 'DOGE/USDT:USDT', 'BNB/USDT:USDT', 'SIREN/USDT:USDT', '1000PEPE/USDT:USDT', 'TAO/USDT:USDT', 'NEAR/USDT:USDT', 'WLD/USDT:USDT', 'SUI/USDT:USDT', 'ADA/USDT:USDT', 'SEI/USDT:USDT', 'AVAX/USDT:USDT',
[2026-08-18 18:09:15] 'ENA/USDT:USDT', 'LINK/USDT:USDT', 'FIL/USDT:USDT', 'XLM/USDT:USDT', 'BCH/USDT:USDT', 'ONDO/USDT:USDT', 'TRUMP/USDT:USDT', 'AAVE/USDT:USDT', 'DOT/USDT:USDT', 'PENGU/USDT:USDT', 'LTC/USDT:USDT',
[2026-08-18 18:09:15] 'TRX/USDT:USDT', 'FET/USDT:USDT', 'UNI/USDT:USDT', 'INJ/USDT:USDT', 'DASH/USDT:USDT', 'B/USDT:USDT', 'ARB/USDT:USDT', '1000SHIB/USDT:USDT', 'APE/USDT:USDT', 'XMR/USDT:USDT', 'APT/USDT:USDT',
[2026-08-18 18:09:15] 'WIF/USDT:USDT', 'ICP/USDT:USDT', 'ETC/USDT:USDT', 'VIRTUAL/USDT:USDT', 'HBAR/USDT:USDT', 'RENDER/USDT:USDT', 'CRV/USDT:USDT', 'JTO/USDT:USDT', 'OP/USDT:USDT', 'CHZ/USDT:USDT', '1000BONK/USDT:USDT']
[2026-08-18 18:09:58] 2026-08-18 18:09:58,661 - freqtrade.worker - INFO - Bot heartbeat. PID=22484, version='2026.6', state='RUNNING'
[2026-08-18 18:10:58] 2026-08-18 18:10:58,751 - freqtrade.worker - INFO - Bot heartbeat. PID=22484, version='2026.6', state='RUNNING'
[2026-08-18 18:11:58] 2026-08-18 18:11:58,836 - freqtrade.worker - INFO - Bot heartbeat. PID=22484, version='2026.6', state='RUNNING'
[2026-08-18 18:12:58] 2026-08-18 18:12:58,912 - freqtrade.worker - INFO - Bot heartbeat. PID=22484, version='2026.6', state='RUNNING'
[2026-08-18 18:13:59] 2026-08-18 18:13:58,997 - freqtrade.worker - INFO - Bot heartbeat. PID=22484, version='2026.6', state='RUNNING'
[2026-08-18 18:14:59] 2026-08-18 18:14:59,071 - freqtrade.worker - INFO - Bot heartbeat. PID=22484, version='2026.6', state='RUNNING'
[2026-08-18 18:16:00] 2026-08-18 18:16:00,794 - freqtrade.worker - INFO - Bot heartbeat. PID=22484, version='2026.6', state='RUNNING'
[2026-08-18 18:17:00] 2026-08-18 18:17:00,868 - freqtrade.worker - INFO - Bot heartbeat. PID=22484, version='2026.6', state='RUNNING'
[2026-08-18 18:18:01] 2026-08-18 18:18:00,952 - freqtrade.worker - INFO - Bot heartbeat. PID=22484, version='2026.6', state='RUNNING'
[2026-08-18 18:19:01] 2026-08-18 18:19:01,047 - freqtrade.worker - INFO - Bot heartbeat. PID=22484, version='2026.6', state='RUNNING'
[2026-08-18 18:20:01] 2026-08-18 18:20:01,124 - freqtrade.worker - INFO - Bot heartbeat. PID=22484, version='2026.6', state='RUNNING'
[2026-08-18 18:21:01] 2026-08-18 18:21:01,214 - freqtrade.worker - INFO - Bot heartbeat. PID=22484, version='2026.6', state='RUNNING'
[2026-08-18 18:22:01] 2026-08-18 18:22:01,297 - freqtrade.worker - INFO - Bot heartbeat. PID=22484, version='2026.6', state='RUNNING'
[2026-08-18 18:23:01] 2026-08-18 18:23:01,372 - freqtrade.worker - INFO - Bot heartbeat. PID=22484, version='2026.6', state='RUNNING'
[2026-08-18 18:24:01] 2026-08-18 18:24:01,463 - freqtrade.worker - INFO - Bot heartbeat. PID=22484, version='2026.6', state='RUNNING'
[2026-08-18 18:25:01] 2026-08-18 18:25:01,557 - freqtrade.worker - INFO - Bot heartbeat. PID=22484, version='2026.6', state='RUNNING'
[2026-08-18 18:26:01] 2026-08-18 18:26:01,643 - freqtrade.worker - INFO - Bot heartbeat. PID=22484, version='2026.6', state='RUNNING'
[2026-08-18 18:27:01] 2026-08-18 18:27:01,733 - freqtrade.worker - INFO - Bot heartbeat. PID=22484, version='2026.6', state='RUNNING'
[2026-08-18 18:28:01] 2026-08-18 18:28:01,818 - freqtrade.worker - INFO - Bot heartbeat. PID=22484, version='2026.6', state='RUNNING'
[2026-08-18 18:29:01] 2026-08-18 18:29:01,903 - freqtrade.worker - INFO - Bot heartbeat. PID=22484, version='2026.6', state='RUNNING'
[2026-08-18 18:30:02] 2026-08-18 18:30:01,992 - freqtrade.worker - INFO - Bot heartbeat. PID=22484, version='2026.6', state='RUNNING'
[2026-08-18 18:31:03] 2026-08-18 18:31:03,744 - freqtrade.worker - INFO - Bot heartbeat. PID=22484, version='2026.6', state='RUNNING'
[2026-08-18 18:31:05] 2026-08-18 18:31:05,089 - freqtrade.wallets - INFO - Wallets synced.
[2026-08-18 18:32:03] 2026-08-18 18:32:03,818 - freqtrade.worker - INFO - Bot heartbeat. PID=22484, version='2026.6', state='RUNNING'
[2026-08-18 18:33:03] 2026-08-18 18:33:03,894 - freqtrade.worker - INFO - Bot heartbeat. PID=22484, version='2026.6', state='RUNNING'
[2026-08-18 18:34:04] 2026-08-18 18:34:03,963 - freqtrade.worker - INFO - Bot heartbeat. PID=22484, version='2026.6', state='RUNNING'
[2026-08-18 18:35:04] 2026-08-18 18:35:03,985 - freqtrade.worker - INFO - Bot heartbeat. PID=22484, version='2026.6', state='RUNNING'
[2026-08-18 18:36:04] 2026-08-18 18:36:04,041 - freqtrade.worker - INFO - Bot heartbeat. PID=22484, version='2026.6', state='RUNNING'
[2026-08-18 18:37:04] 2026-08-18 18:37:04,107 - freqtrade.worker - INFO - Bot heartbeat. PID=22484, version='2026.6', state='RUNNING'
[2026-08-18 18:38:04] 2026-08-18 18:38:04,207 - freqtrade.worker - INFO - Bot heartbeat. PID=22484, version='2026.6', state='RUNNING'
[2026-08-18 18:39:04] 2026-08-18 18:39:04,287 - freqtrade.worker - INFO - Bot heartbeat. PID=22484, version='2026.6', state='RUNNING'
[2026-08-18 18:40:04] 2026-08-18 18:40:04,385 - freqtrade.worker - INFO - Bot heartbeat. PID=22484, version='2026.6', state='RUNNING'
[2026-08-18 18:41:04] 2026-08-18 18:41:04,474 - freqtrade.worker - INFO - Bot heartbeat. PID=22484, version='2026.6', state='RUNNING'
[2026-08-18 18:42:04] 2026-08-18 18:42:04,564 - freqtrade.worker - INFO - Bot heartbeat. PID=22484, version='2026.6', state='RUNNING'
[2026-08-18 18:43:04] 2026-08-18 18:43:04,661 - freqtrade.worker - INFO - Bot heartbeat. PID=22484, version='2026.6', state='RUNNING'
[2026-08-18 18:44:04] 2026-08-18 18:44:04,758 - freqtrade.worker - INFO - Bot heartbeat. PID=22484, version='2026.6', state='RUNNING'
[2026-08-18 18:45:04] 2026-08-18 18:45:04,845 - freqtrade.worker - INFO - Bot heartbeat. PID=22484, version='2026.6', state='RUNNING'
[2026-08-18 18:46:06] 2026-08-18 18:46:06,528 - freqtrade.worker - INFO - Bot heartbeat. PID=22484, version='2026.6', state='RUNNING'
[2026-08-18 18:47:06] 2026-08-18 18:47:06,620 - freqtrade.worker - INFO - Bot heartbeat. PID=22484, version='2026.6', state='RUNNING'
[2026-08-18 18:48:06] 2026-08-18 18:48:06,721 - freqtrade.worker - INFO - Bot heartbeat. PID=22484, version='2026.6', state='RUNNING'
[2026-08-18 18:49:06] 2026-08-18 18:49:06,824 - freqtrade.worker - INFO - Bot heartbeat. PID=22484, version='2026.6', state='RUNNING'
[2026-08-18 18:50:06] 2026-08-18 18:50:06,907 - freqtrade.worker - INFO - Bot heartbeat. PID=22484, version='2026.6', state='RUNNING'
[2026-08-18 18:51:07] 2026-08-18 18:51:06,995 - freqtrade.worker - INFO - Bot heartbeat. PID=22484, version='2026.6', state='RUNNING'
[2026-08-18 18:52:07] 2026-08-18 18:52:07,070 - freqtrade.worker - INFO - Bot heartbeat. PID=22484, version='2026.6', state='RUNNING'
[2026-08-18 18:53:07] 2026-08-18 18:53:07,158 - freqtrade.worker - INFO - Bot heartbeat. PID=22484, version='2026.6', state='RUNNING'
[2026-08-18 18:54:07] 2026-08-18 18:54:07,255 - freqtrade.worker - INFO - Bot heartbeat. PID=22484, version='2026.6', state='RUNNING'
[2026-08-18 18:55:07] 2026-08-18 18:55:07,334 - freqtrade.worker - INFO - Bot heartbeat. PID=22484, version='2026.6', state='RUNNING'
[2026-08-18 18:56:07] 2026-08-18 18:56:07,422 - freqtrade.worker - INFO - Bot heartbeat. PID=22484, version='2026.6', state='RUNNING'
[2026-08-18 18:57:07] 2026-08-18 18:57:07,518 - freqtrade.worker - INFO - Bot heartbeat. PID=22484, version='2026.6', state='RUNNING'
[2026-08-18 18:58:07] 2026-08-18 18:58:07,607 - freqtrade.worker - INFO - Bot heartbeat. PID=22484, version='2026.6', state='RUNNING'
[2026-08-18 18:59:07] 2026-08-18 18:59:07,695 - freqtrade.worker - INFO - Bot heartbeat. PID=22484, version='2026.6', state='RUNNING'
[2026-08-18 19:00:18] 2026-08-18 19:00:18,363 - BreakoutV16GridV15QualityPfCombinedLiveParityFreqtrade - INFO - V16+Grid LIVE full context waiting: target=2026-08-18 09:00:00+00:00 ready=34/50
[2026-08-18 19:00:18] missing_or_stale=1000SHIB/USDT:USDT,AAVE/USDT:USDT,ARB/USDT:USDT,B/USDT:USDT,BCH/USDT:USDT,BNB/USDT:USDT,BTC/USDT:USDT,CRV/USDT:USDT,DOGE/USDT:USDT,DOT/USDT:USDT,FIL/USDT:USDT,HBAR/USDT:USDT,ICP/USDT:
[2026-08-18 19:00:18] USDT,SIREN/USDT:USDT,SOL/USDT:USDT,TAO/USDT:USDT
[2026-08-18 19:00:18] 2026-08-18 19:00:18,454 - freqtrade.worker - INFO - Bot heartbeat. PID=22484, version='2026.6', state='RUNNING'
[2026-08-18 19:00:33] 2026-08-18 19:00:33,166 - BreakoutV10FGridV8DualSideFreqtrade - INFO - LIVE context synchronized: target=2026-08-18 09:00:00+00:00 pairs=50 candidates=none
[2026-08-18 19:01:04] 2026-08-18 19:01:04,620 - freqtrade.wallets - INFO - Wallets synced.
[2026-08-18 19:01:23] 2026-08-18 19:01:23,341 - freqtrade.worker - INFO - Bot heartbeat. PID=22484, version='2026.6', state='RUNNING'
[2026-08-18 19:02:23] 2026-08-18 19:02:23,442 - freqtrade.worker - INFO - Bot heartbeat. PID=22484, version='2026.6', state='RUNNING'
[2026-08-18 19:03:23] 2026-08-18 19:03:23,531 - freqtrade.worker - INFO - Bot heartbeat. PID=22484, version='2026.6', state='RUNNING'
[2026-08-18 19:04:23] 2026-08-18 19:04:23,618 - freqtrade.worker - INFO - Bot heartbeat. PID=22484, version='2026.6', state='RUNNING'
[2026-08-18 19:05:23] 2026-08-18 19:05:23,682 - freqtrade.worker - INFO - Bot heartbeat. PID=22484, version='2026.6', state='RUNNING'
[2026-08-18 19:06:23] 2026-08-18 19:06:23,778 - freqtrade.worker - INFO - Bot heartbeat. PID=22484, version='2026.6', state='RUNNING'
[2026-08-18 19:07:23] 2026-08-18 19:07:23,881 - freqtrade.worker - INFO - Bot heartbeat. PID=22484, version='2026.6', state='RUNNING'
[2026-08-18 19:08:24] 2026-08-18 19:08:23,972 - freqtrade.worker - INFO - Bot heartbeat. PID=22484, version='2026.6', state='RUNNING'
[2026-08-18 19:09:20] 2026-08-18 19:09:20,645 - freqtrade.plugins.pairlistmanager - INFO - Whitelist with 50 pairs: ['BTC/USDT:USDT', 'ETH/USDT:USDT', 'SOL/USDT:USDT', 'ZEC/USDT:USDT', 'HYPE/USDT:USDT', 'XRP/USDT:USDT',
[2026-08-18 19:09:20] 'DOGE/USDT:USDT', 'BNB/USDT:USDT', 'SIREN/USDT:USDT', '1000PEPE/USDT:USDT', 'TAO/USDT:USDT', 'NEAR/USDT:USDT', 'WLD/USDT:USDT', 'SUI/USDT:USDT', 'ADA/USDT:USDT', 'SEI/USDT:USDT', 'AVAX/USDT:USDT',
[2026-08-18 19:09:20] 'ENA/USDT:USDT', 'LINK/USDT:USDT', 'FIL/USDT:USDT', 'XLM/USDT:USDT', 'BCH/USDT:USDT', 'ONDO/USDT:USDT', 'TRUMP/USDT:USDT', 'AAVE/USDT:USDT', 'DOT/USDT:USDT', 'PENGU/USDT:USDT', 'LTC/USDT:USDT',
[2026-08-18 19:09:20] 'TRX/USDT:USDT', 'FET/USDT:USDT', 'UNI/USDT:USDT', 'INJ/USDT:USDT', 'DASH/USDT:USDT', 'B/USDT:USDT', 'ARB/USDT:USDT', '1000SHIB/USDT:USDT', 'APE/USDT:USDT', 'XMR/USDT:USDT', 'APT/USDT:USDT',
[2026-08-18 19:09:20] 'WIF/USDT:USDT', 'ICP/USDT:USDT', 'ETC/USDT:USDT', 'VIRTUAL/USDT:USDT', 'HBAR/USDT:USDT', 'RENDER/USDT:USDT', 'CRV/USDT:USDT', 'JTO/USDT:USDT', 'OP/USDT:USDT', 'CHZ/USDT:USDT', '1000BONK/USDT:USDT']
[2026-08-18 19:09:24] 2026-08-18 19:09:24,062 - freqtrade.worker - INFO - Bot heartbeat. PID=22484, version='2026.6', state='RUNNING'
[2026-08-18 19:10:24] 2026-08-18 19:10:24,070 - freqtrade.worker - INFO - Bot heartbeat. PID=22484, version='2026.6', state='RUNNING'
[2026-08-18 19:11:24] 2026-08-18 19:11:24,166 - freqtrade.worker - INFO - Bot heartbeat. PID=22484, version='2026.6', state='RUNNING'
[2026-08-18 19:12:24] 2026-08-18 19:12:24,266 - freqtrade.worker - INFO - Bot heartbeat. PID=22484, version='2026.6', state='RUNNING'
[2026-08-18 19:13:24] 2026-08-18 19:13:24,347 - freqtrade.worker - INFO - Bot heartbeat. PID=22484, version='2026.6', state='RUNNING'
[2026-08-18 19:14:24] 2026-08-18 19:14:24,446 - freqtrade.worker - INFO - Bot heartbeat. PID=22484, version='2026.6', state='RUNNING'
[2026-08-18 19:15:26] 2026-08-18 19:15:26,058 - freqtrade.worker - INFO - Bot heartbeat. PID=22484, version='2026.6', state='RUNNING'
[2026-08-18 19:16:26] 2026-08-18 19:16:26,147 - freqtrade.worker - INFO - Bot heartbeat. PID=22484, version='2026.6', state='RUNNING'
[2026-08-18 19:17:26] 2026-08-18 19:17:26,238 - freqtrade.worker - INFO - Bot heartbeat. PID=22484, version='2026.6', state='RUNNING'
[2026-08-18 19:18:26] 2026-08-18 19:18:26,341 - freqtrade.worker - INFO - Bot heartbeat. PID=22484, version='2026.6', state='RUNNING'
[2026-08-18 19:19:26] 2026-08-18 19:19:26,446 - freqtrade.worker - INFO - Bot heartbeat. PID=22484, version='2026.6', state='RUNNING'
[2026-08-18 19:20:26] 2026-08-18 19:20:26,526 - freqtrade.worker - INFO - Bot heartbeat. PID=22484, version='2026.6', state='RUNNING'
[2026-08-18 19:21:26] 2026-08-18 19:21:26,633 - freqtrade.worker - INFO - Bot heartbeat. PID=22484, version='2026.6', state='RUNNING'
[2026-08-18 19:22:26] 2026-08-18 19:22:26,723 - freqtrade.worker - INFO - Bot heartbeat. PID=22484, version='2026.6', state='RUNNING'
[2026-08-18 19:23:26] 2026-08-18 19:23:26,799 - freqtrade.worker - INFO - Bot heartbeat. PID=22484, version='2026.6', state='RUNNING'
[2026-08-18 19:24:26] 2026-08-18 19:24:26,874 - freqtrade.worker - INFO - Bot heartbeat. PID=22484, version='2026.6', state='RUNNING'
[2026-08-18 19:25:27] 2026-08-18 19:25:26,956 - freqtrade.worker - INFO - Bot heartbeat. PID=22484, version='2026.6', state='RUNNING'
[2026-08-18 19:26:27] 2026-08-18 19:26:27,051 - freqtrade.worker - INFO - Bot heartbeat. PID=22484, version='2026.6', state='RUNNING'
[2026-08-18 19:27:27] 2026-08-18 19:27:27,124 - freqtrade.worker - INFO - Bot heartbeat. PID=22484, version='2026.6', state='RUNNING'
[2026-08-18 19:28:27] 2026-08-18 19:28:27,177 - freqtrade.worker - INFO - Bot heartbeat. PID=22484, version='2026.6', state='RUNNING'
[2026-08-18 19:29:27] 2026-08-18 19:29:27,267 - freqtrade.worker - INFO - Bot heartbeat. PID=22484, version='2026.6', state='RUNNING'
[2026-08-18 19:30:29] 2026-08-18 19:30:29,071 - freqtrade.worker - INFO - Bot heartbeat. PID=22484, version='2026.6', state='RUNNING'
[2026-08-18 19:31:05] 2026-08-18 19:31:05,139 - freqtrade.wallets - INFO - Wallets synced.
[2026-08-18 19:31:29] 2026-08-18 19:31:29,147 - freqtrade.worker - INFO - Bot heartbeat. PID=22484, version='2026.6', state='RUNNING'
[2026-08-18 19:32:29] 2026-08-18 19:32:29,240 - freqtrade.worker - INFO - Bot heartbeat. PID=22484, version='2026.6', state='RUNNING'
[2026-08-18 19:33:29] 2026-08-18 19:33:29,340 - freqtrade.worker - INFO - Bot heartbeat. PID=22484, version='2026.6', state='RUNNING'
[2026-08-18 19:34:29] 2026-08-18 19:34:29,408 - freqtrade.worker - INFO - Bot heartbeat. PID=22484, version='2026.6', state='RUNNING'
[2026-08-18 19:35:29] 2026-08-18 19:35:29,482 - freqtrade.worker - INFO - Bot heartbeat. PID=22484, version='2026.6', state='RUNNING'
[2026-08-18 19:36:29] 2026-08-18 19:36:29,577 - freqtrade.worker - INFO - Bot heartbeat. PID=22484, version='2026.6', state='RUNNING'
[2026-08-18 19:37:29] 2026-08-18 19:37:29,664 - freqtrade.worker - INFO - Bot heartbeat. PID=22484, version='2026.6', state='RUNNING'
[2026-08-18 19:38:29] 2026-08-18 19:38:29,764 - freqtrade.worker - INFO - Bot heartbeat. PID=22484, version='2026.6', state='RUNNING'
[2026-08-18 19:39:29] 2026-08-18 19:39:29,860 - freqtrade.worker - INFO - Bot heartbeat. PID=22484, version='2026.6', state='RUNNING'
[2026-08-18 19:40:29] 2026-08-18 19:40:29,940 - freqtrade.worker - INFO - Bot heartbeat. PID=22484, version='2026.6', state='RUNNING'
[2026-08-18 19:41:30] 2026-08-18 19:41:30,026 - freqtrade.worker - INFO - Bot heartbeat. PID=22484, version='2026.6', state='RUNNING'
[2026-08-18 19:42:30] 2026-08-18 19:42:30,124 - freqtrade.worker - INFO - Bot heartbeat. PID=22484, version='2026.6', state='RUNNING'
[2026-08-18 19:43:30] 2026-08-18 19:43:30,190 - freqtrade.worker - INFO - Bot heartbeat. PID=22484, version='2026.6', state='RUNNING'
[2026-08-18 19:44:30] 2026-08-18 19:44:30,276 - freqtrade.worker - INFO - Bot heartbeat. PID=22484, version='2026.6', state='RUNNING'
[2026-08-18 19:45:32] 2026-08-18 19:45:32,574 - freqtrade.worker - INFO - Bot heartbeat. PID=22484, version='2026.6', state='RUNNING'
[2026-08-18 19:46:32] 2026-08-18 19:46:32,655 - freqtrade.worker - INFO - Bot heartbeat. PID=22484, version='2026.6', state='RUNNING'
[2026-08-18 19:47:32] 2026-08-18 19:47:32,745 - freqtrade.worker - INFO - Bot heartbeat. PID=22484, version='2026.6', state='RUNNING'
[2026-08-18 19:48:32] 2026-08-18 19:48:32,834 - freqtrade.worker - INFO - Bot heartbeat. PID=22484, version='2026.6', state='RUNNING'
[2026-08-18 19:49:32] 2026-08-18 19:49:32,924 - freqtrade.worker - INFO - Bot heartbeat. PID=22484, version='2026.6', state='RUNNING'
[2026-08-18 19:50:33] 2026-08-18 19:50:33,012 - freqtrade.worker - INFO - Bot heartbeat. PID=22484, version='2026.6', state='RUNNING'
[2026-08-18 19:51:33] 2026-08-18 19:51:33,099 - freqtrade.worker - INFO - Bot heartbeat. PID=22484, version='2026.6', state='RUNNING'
[2026-08-18 19:52:33] 2026-08-18 19:52:33,184 - freqtrade.worker - INFO - Bot heartbeat. PID=22484, version='2026.6', state='RUNNING'
[2026-08-18 19:53:33] 2026-08-18 19:53:33,273 - freqtrade.worker - INFO - Bot heartbeat. PID=22484, version='2026.6', state='RUNNING'
[2026-08-18 19:54:33] 2026-08-18 19:54:33,360 - freqtrade.worker - INFO - Bot heartbeat. PID=22484, version='2026.6', state='RUNNING'
[2026-08-18 19:55:33] 2026-08-18 19:55:33,443 - freqtrade.worker - INFO - Bot heartbeat. PID=22484, version='2026.6', state='RUNNING'
[2026-08-18 19:56:33] 2026-08-18 19:56:33,529 - freqtrade.worker - INFO - Bot heartbeat. PID=22484, version='2026.6', state='RUNNING'
[2026-08-18 19:57:33] 2026-08-18 19:57:33,616 - freqtrade.worker - INFO - Bot heartbeat. PID=22484, version='2026.6', state='RUNNING'
[2026-08-18 19:58:33] 2026-08-18 19:58:33,701 - freqtrade.worker - INFO - Bot heartbeat. PID=22484, version='2026.6', state='RUNNING'
[2026-08-18 19:59:33] 2026-08-18 19:59:33,791 - freqtrade.worker - INFO - Bot heartbeat. PID=22484, version='2026.6', state='RUNNING'
[2026-08-18 20:00:19] 2026-08-18 20:00:19,116 - BreakoutV16GridV15QualityPfCombinedLiveParityFreqtrade - INFO - V16+Grid LIVE full context waiting: target=2026-08-18 10:00:00+00:00 ready=40/50
[2026-08-18 20:00:19] missing_or_stale=1000SHIB/USDT:USDT,ADA/USDT:USDT,B/USDT:USDT,CRV/USDT:USDT,DOGE/USDT:USDT,FIL/USDT:USDT,HBAR/USDT:USDT,ICP/USDT:USDT,PENGU/USDT:USDT,TAO/USDT:USDT
[2026-08-18 20:00:32] 2026-08-18 20:00:32,602 - BreakoutV10FGridV8DualSideFreqtrade - INFO - LIVE context synchronized: target=2026-08-18 10:00:00+00:00 pairs=50 candidates=none
[2026-08-18 20:00:37] 2026-08-18 20:00:37,696 - freqtrade.worker - INFO - Bot heartbeat. PID=22484, version='2026.6', state='RUNNING'
[2026-08-18 20:01:04] 2026-08-18 20:01:04,028 - freqtrade.wallets - INFO - Wallets synced.
[2026-08-18 20:01:37] 2026-08-18 20:01:37,792 - freqtrade.worker - INFO - Bot heartbeat. PID=22484, version='2026.6', state='RUNNING'
[2026-08-18 20:02:37] 2026-08-18 20:02:37,881 - freqtrade.worker - INFO - Bot heartbeat. PID=22484, version='2026.6', state='RUNNING'
[2026-08-18 20:03:38] 2026-08-18 20:03:37,987 - freqtrade.worker - INFO - Bot heartbeat. PID=22484, version='2026.6', state='RUNNING'
[2026-08-18 20:04:38] 2026-08-18 20:04:38,071 - freqtrade.worker - INFO - Bot heartbeat. PID=22484, version='2026.6', state='RUNNING'
[2026-08-18 20:05:38] 2026-08-18 20:05:38,155 - freqtrade.worker - INFO - Bot heartbeat. PID=22484, version='2026.6', state='RUNNING'
[2026-08-18 20:06:38] 2026-08-18 20:06:38,259 - freqtrade.worker - INFO - Bot heartbeat. PID=22484, version='2026.6', state='RUNNING'
[2026-08-18 20:07:38] 2026-08-18 20:07:38,361 - freqtrade.worker - INFO - Bot heartbeat. PID=22484, version='2026.6', state='RUNNING'
[2026-08-18 20:08:38] 2026-08-18 20:08:38,453 - freqtrade.worker - INFO - Bot heartbeat. PID=22484, version='2026.6', state='RUNNING'
[2026-08-18 20:09:25] 2026-08-18 20:09:25,108 - freqtrade.plugins.pairlistmanager - INFO - Whitelist with 50 pairs: ['BTC/USDT:USDT', 'ETH/USDT:USDT', 'SOL/USDT:USDT', 'ZEC/USDT:USDT', 'HYPE/USDT:USDT', 'XRP/USDT:USDT',
[2026-08-18 20:09:25] 'DOGE/USDT:USDT', 'BNB/USDT:USDT', 'SIREN/USDT:USDT', '1000PEPE/USDT:USDT', 'TAO/USDT:USDT', 'NEAR/USDT:USDT', 'WLD/USDT:USDT', 'SUI/USDT:USDT', 'ADA/USDT:USDT', 'SEI/USDT:USDT', 'AVAX/USDT:USDT',
[2026-08-18 20:09:25] 'ENA/USDT:USDT', 'LINK/USDT:USDT', 'FIL/USDT:USDT', 'XLM/USDT:USDT', 'BCH/USDT:USDT', 'ONDO/USDT:USDT', 'TRUMP/USDT:USDT', 'AAVE/USDT:USDT', 'DOT/USDT:USDT', 'PENGU/USDT:USDT', 'LTC/USDT:USDT',
[2026-08-18 20:09:25] 'TRX/USDT:USDT', 'FET/USDT:USDT', 'UNI/USDT:USDT', 'INJ/USDT:USDT', 'DASH/USDT:USDT', 'B/USDT:USDT', 'ARB/USDT:USDT', '1000SHIB/USDT:USDT', 'APE/USDT:USDT', 'XMR/USDT:USDT', 'APT/USDT:USDT',
[2026-08-18 20:09:25] 'WIF/USDT:USDT', 'ICP/USDT:USDT', 'ETC/USDT:USDT', 'VIRTUAL/USDT:USDT', 'HBAR/USDT:USDT', 'RENDER/USDT:USDT', 'CRV/USDT:USDT', 'JTO/USDT:USDT', 'OP/USDT:USDT', 'CHZ/USDT:USDT', '1000BONK/USDT:USDT']
[2026-08-18 20:09:38] 2026-08-18 20:09:38,556 - freqtrade.worker - INFO - Bot heartbeat. PID=22484, version='2026.6', state='RUNNING'
[2026-08-18 20:10:38] 2026-08-18 20:10:38,649 - freqtrade.worker - INFO - Bot heartbeat. PID=22484, version='2026.6', state='RUNNING'
[2026-08-18 20:11:38] 2026-08-18 20:11:38,739 - freqtrade.worker - INFO - Bot heartbeat. PID=22484, version='2026.6', state='RUNNING'
[2026-08-18 20:12:38] 2026-08-18 20:12:38,818 - freqtrade.worker - INFO - Bot heartbeat. PID=22484, version='2026.6', state='RUNNING'
[2026-08-18 20:13:38] 2026-08-18 20:13:38,916 - freqtrade.worker - INFO - Bot heartbeat. PID=22484, version='2026.6', state='RUNNING'
[2026-08-18 20:14:39] 2026-08-18 20:14:39,002 - freqtrade.worker - INFO - Bot heartbeat. PID=22484, version='2026.6', state='RUNNING'
[2026-08-18 20:15:40] 2026-08-18 20:15:40,697 - freqtrade.worker - INFO - Bot heartbeat. PID=22484, version='2026.6', state='RUNNING'
[2026-08-18 20:16:40] 2026-08-18 20:16:40,795 - freqtrade.worker - INFO - Bot heartbeat. PID=22484, version='2026.6', state='RUNNING'
[2026-08-18 20:17:40] 2026-08-18 20:17:40,882 - freqtrade.worker - INFO - Bot heartbeat. PID=22484, version='2026.6', state='RUNNING'
[2026-08-18 20:18:41] 2026-08-18 20:18:40,946 - freqtrade.worker - INFO - Bot heartbeat. PID=22484, version='2026.6', state='RUNNING'
[2026-08-18 20:19:41] 2026-08-18 20:19:41,033 - freqtrade.worker - INFO - Bot heartbeat. PID=22484, version='2026.6', state='RUNNING'
[2026-08-18 20:20:41] 2026-08-18 20:20:41,113 - freqtrade.worker - INFO - Bot heartbeat. PID=22484, version='2026.6', state='RUNNING'
[2026-08-18 20:21:41] 2026-08-18 20:21:41,182 - freqtrade.worker - INFO - Bot heartbeat. PID=22484, version='2026.6', state='RUNNING'
[2026-08-18 20:22:41] 2026-08-18 20:22:41,237 - freqtrade.worker - INFO - Bot heartbeat. PID=22484, version='2026.6', state='RUNNING'
[2026-08-18 20:23:41] 2026-08-18 20:23:41,334 - freqtrade.worker - INFO - Bot heartbeat. PID=22484, version='2026.6', state='RUNNING'
[2026-08-18 20:24:41] 2026-08-18 20:24:41,422 - freqtrade.worker - INFO - Bot heartbeat. PID=22484, version='2026.6', state='RUNNING'
[2026-08-18 20:25:41] 2026-08-18 20:25:41,498 - freqtrade.worker - INFO - Bot heartbeat. PID=22484, version='2026.6', state='RUNNING'
[2026-08-18 20:26:41] 2026-08-18 20:26:41,595 - freqtrade.worker - INFO - Bot heartbeat. PID=22484, version='2026.6', state='RUNNING'
[2026-08-18 20:27:41] 2026-08-18 20:27:41,679 - freqtrade.worker - INFO - Bot heartbeat. PID=22484, version='2026.6', state='RUNNING'
[2026-08-18 20:28:41] 2026-08-18 20:28:41,774 - freqtrade.worker - INFO - Bot heartbeat. PID=22484, version='2026.6', state='RUNNING'
[2026-08-18 20:29:41] 2026-08-18 20:29:41,870 - freqtrade.worker - INFO - Bot heartbeat. PID=22484, version='2026.6', state='RUNNING'
[2026-08-18 20:30:43] 2026-08-18 20:30:43,620 - freqtrade.worker - INFO - Bot heartbeat. PID=22484, version='2026.6', state='RUNNING'
[2026-08-18 20:31:05] 2026-08-18 20:31:05,042 - freqtrade.wallets - INFO - Wallets synced.
[2026-08-18 20:31:43] 2026-08-18 20:31:43,726 - freqtrade.worker - INFO - Bot heartbeat. PID=22484, version='2026.6', state='RUNNING'
[2026-08-18 20:32:43] 2026-08-18 20:32:43,811 - freqtrade.worker - INFO - Bot heartbeat. PID=22484, version='2026.6', state='RUNNING'
[2026-08-18 20:33:43] 2026-08-18 20:33:43,901 - freqtrade.worker - INFO - Bot heartbeat. PID=22484, version='2026.6', state='RUNNING'
[2026-08-18 20:34:44] 2026-08-18 20:34:43,989 - freqtrade.worker - INFO - Bot heartbeat. PID=22484, version='2026.6', state='RUNNING'
[2026-08-18 20:35:44] 2026-08-18 20:35:44,082 - freqtrade.worker - INFO - Bot heartbeat. PID=22484, version='2026.6', state='RUNNING'
[2026-08-18 20:36:44] 2026-08-18 20:36:44,177 - freqtrade.worker - INFO - Bot heartbeat. PID=22484, version='2026.6', state='RUNNING'
[2026-08-18 20:37:44] 2026-08-18 20:37:44,257 - freqtrade.worker - INFO - Bot heartbeat. PID=22484, version='2026.6', state='RUNNING'
[2026-08-18 20:38:44] 2026-08-18 20:38:44,348 - freqtrade.worker - INFO - Bot heartbeat. PID=22484, version='2026.6', state='RUNNING'
[2026-08-18 20:39:44] 2026-08-18 20:39:44,429 - freqtrade.worker - INFO - Bot heartbeat. PID=22484, version='2026.6', state='RUNNING'
[2026-08-18 20:40:44] 2026-08-18 20:40:44,511 - freqtrade.worker - INFO - Bot heartbeat. PID=22484, version='2026.6', state='RUNNING'
[2026-08-18 20:41:44] 2026-08-18 20:41:44,607 - freqtrade.worker - INFO - Bot heartbeat. PID=22484, version='2026.6', state='RUNNING'
[2026-08-18 20:42:44] 2026-08-18 20:42:44,695 - freqtrade.worker - INFO - Bot heartbeat. PID=22484, version='2026.6', state='RUNNING'
[2026-08-18 20:43:44] 2026-08-18 20:43:44,779 - freqtrade.worker - INFO - Bot heartbeat. PID=22484, version='2026.6', state='RUNNING'
[2026-08-18 20:44:44] 2026-08-18 20:44:44,872 - freqtrade.worker - INFO - Bot heartbeat. PID=22484, version='2026.6', state='RUNNING'
[2026-08-18 20:45:46] 2026-08-18 20:45:46,666 - freqtrade.worker - INFO - Bot heartbeat. PID=22484, version='2026.6', state='RUNNING'
[2026-08-18 20:46:46] 2026-08-18 20:46:46,756 - freqtrade.worker - INFO - Bot heartbeat. PID=22484, version='2026.6', state='RUNNING'
[2026-08-18 20:47:46] 2026-08-18 20:47:46,857 - freqtrade.worker - INFO - Bot heartbeat. PID=22484, version='2026.6', state='RUNNING'
[2026-08-18 20:48:46] 2026-08-18 20:48:46,957 - freqtrade.worker - INFO - Bot heartbeat. PID=22484, version='2026.6', state='RUNNING'
[2026-08-18 20:49:47] 2026-08-18 20:49:47,032 - freqtrade.worker - INFO - Bot heartbeat. PID=22484, version='2026.6', state='RUNNING'
[2026-08-18 20:50:47] 2026-08-18 20:50:47,114 - freqtrade.worker - INFO - Bot heartbeat. PID=22484, version='2026.6', state='RUNNING'
[2026-08-18 20:51:47] 2026-08-18 20:51:47,199 - freqtrade.worker - INFO - Bot heartbeat. PID=22484, version='2026.6', state='RUNNING'
[2026-08-18 20:52:47] 2026-08-18 20:52:47,302 - freqtrade.worker - INFO - Bot heartbeat. PID=22484, version='2026.6', state='RUNNING'
[2026-08-18 20:53:47] 2026-08-18 20:53:47,374 - freqtrade.worker - INFO - Bot heartbeat. PID=22484, version='2026.6', state='RUNNING'
[2026-08-18 20:54:47] 2026-08-18 20:54:47,470 - freqtrade.worker - INFO - Bot heartbeat. PID=22484, version='2026.6', state='RUNNING'
[2026-08-18 20:55:47] 2026-08-18 20:55:47,546 - freqtrade.worker - INFO - Bot heartbeat. PID=22484, version='2026.6', state='RUNNING'
[2026-08-18 20:56:47] 2026-08-18 20:56:47,635 - freqtrade.worker - INFO - Bot heartbeat. PID=22484, version='2026.6', state='RUNNING'
[2026-08-18 20:57:52] 2026-08-18 20:57:52,638 - freqtrade.worker - INFO - Bot heartbeat. PID=22484, version='2026.6', state='RUNNING'
[2026-08-18 20:58:52] 2026-08-18 20:58:52,733 - freqtrade.worker - INFO - Bot heartbeat. PID=22484, version='2026.6', state='RUNNING'
[2026-08-18 20:59:52] 2026-08-18 20:59:52,826 - freqtrade.worker - INFO - Bot heartbeat. PID=22484, version='2026.6', state='RUNNING'
[2026-08-18 21:00:18] 2026-08-18 21:00:18,592 - BreakoutV16GridV15QualityPfCombinedLiveParityFreqtrade - INFO - V16+Grid LIVE full context waiting: target=2026-08-18 11:00:00+00:00 ready=36/50
[2026-08-18 21:00:18] missing_or_stale=1000SHIB/USDT:USDT,ADA/USDT:USDT,B/USDT:USDT,BCH/USDT:USDT,BTC/USDT:USDT,CRV/USDT:USDT,DOGE/USDT:USDT,DOT/USDT:USDT,FIL/USDT:USDT,ICP/USDT:USDT,JTO/USDT:USDT,SIREN/USDT:USDT,SOL/USDT:
[2026-08-18 21:00:18] USDT,TAO/USDT:USDT
[2026-08-18 21:00:33] 2026-08-18 21:00:33,196 - BreakoutV10FGridV8DualSideFreqtrade - INFO - LIVE context synchronized: target=2026-08-18 11:00:00+00:00 pairs=50 candidates=none
[2026-08-18 21:00:53] 2026-08-18 21:00:53,310 - freqtrade.worker - INFO - Bot heartbeat. PID=22484, version='2026.6', state='RUNNING'
[2026-08-18 21:01:04] 2026-08-18 21:01:04,535 - freqtrade.wallets - INFO - Wallets synced.
[2026-08-18 21:01:53] 2026-08-18 21:01:53,367 - freqtrade.worker - INFO - Bot heartbeat. PID=22484, version='2026.6', state='RUNNING'
[2026-08-18 21:02:53] 2026-08-18 21:02:53,451 - freqtrade.worker - INFO - Bot heartbeat. PID=22484, version='2026.6', state='RUNNING'
[2026-08-18 21:03:53] 2026-08-18 21:03:53,537 - freqtrade.worker - INFO - Bot heartbeat. PID=22484, version='2026.6', state='RUNNING'
[2026-08-18 21:04:53] 2026-08-18 21:04:53,622 - freqtrade.worker - INFO - Bot heartbeat. PID=22484, version='2026.6', state='RUNNING'
[2026-08-18 21:05:53] 2026-08-18 21:05:53,716 - freqtrade.worker - INFO - Bot heartbeat. PID=22484, version='2026.6', state='RUNNING'
[2026-08-18 21:06:53] 2026-08-18 21:06:53,819 - freqtrade.worker - INFO - Bot heartbeat. PID=22484, version='2026.6', state='RUNNING'
[2026-08-18 21:07:54] 2026-08-18 21:07:53,915 - freqtrade.worker - INFO - Bot heartbeat. PID=22484, version='2026.6', state='RUNNING'
[2026-08-18 21:08:54] 2026-08-18 21:08:53,994 - freqtrade.worker - INFO - Bot heartbeat. PID=22484, version='2026.6', state='RUNNING'
[2026-08-18 21:09:30] 2026-08-18 21:09:30,576 - freqtrade.plugins.pairlistmanager - INFO - Whitelist with 50 pairs: ['BTC/USDT:USDT', 'ETH/USDT:USDT', 'SOL/USDT:USDT', 'ZEC/USDT:USDT', 'HYPE/USDT:USDT', 'XRP/USDT:USDT',
[2026-08-18 21:09:30] 'DOGE/USDT:USDT', 'BNB/USDT:USDT', 'SIREN/USDT:USDT', '1000PEPE/USDT:USDT', 'TAO/USDT:USDT', 'NEAR/USDT:USDT', 'WLD/USDT:USDT', 'SUI/USDT:USDT', 'ADA/USDT:USDT', 'SEI/USDT:USDT', 'AVAX/USDT:USDT',
[2026-08-18 21:09:30] 'ENA/USDT:USDT', 'LINK/USDT:USDT', 'FIL/USDT:USDT', 'XLM/USDT:USDT', 'BCH/USDT:USDT', 'ONDO/USDT:USDT', 'TRUMP/USDT:USDT', 'AAVE/USDT:USDT', 'DOT/USDT:USDT', 'PENGU/USDT:USDT', 'LTC/USDT:USDT',
[2026-08-18 21:09:30] 'TRX/USDT:USDT', 'FET/USDT:USDT', 'UNI/USDT:USDT', 'INJ/USDT:USDT', 'DASH/USDT:USDT', 'B/USDT:USDT', 'ARB/USDT:USDT', '1000SHIB/USDT:USDT', 'APE/USDT:USDT', 'XMR/USDT:USDT', 'APT/USDT:USDT',
[2026-08-18 21:09:30] 'WIF/USDT:USDT', 'ICP/USDT:USDT', 'ETC/USDT:USDT', 'VIRTUAL/USDT:USDT', 'HBAR/USDT:USDT', 'RENDER/USDT:USDT', 'CRV/USDT:USDT', 'JTO/USDT:USDT', 'OP/USDT:USDT', 'CHZ/USDT:USDT', '1000BONK/USDT:USDT']
[2026-08-18 21:09:54] 2026-08-18 21:09:54,075 - freqtrade.worker - INFO - Bot heartbeat. PID=22484, version='2026.6', state='RUNNING'
[2026-08-18 21:10:54] 2026-08-18 21:10:54,138 - freqtrade.worker - INFO - Bot heartbeat. PID=22484, version='2026.6', state='RUNNING'
[2026-08-18 21:11:54] 2026-08-18 21:11:54,219 - freqtrade.worker - INFO - Bot heartbeat. PID=22484, version='2026.6', state='RUNNING'
[2026-08-18 21:12:54] 2026-08-18 21:12:54,266 - freqtrade.worker - INFO - Bot heartbeat. PID=22484, version='2026.6', state='RUNNING'
[2026-08-18 21:13:54] 2026-08-18 21:13:54,338 - freqtrade.worker - INFO - Bot heartbeat. PID=22484, version='2026.6', state='RUNNING'
[2026-08-18 21:14:54] 2026-08-18 21:14:54,440 - freqtrade.worker - INFO - Bot heartbeat. PID=22484, version='2026.6', state='RUNNING'
[2026-08-18 21:15:56] 2026-08-18 21:15:56,103 - freqtrade.worker - INFO - Bot heartbeat. PID=22484, version='2026.6', state='RUNNING'
[2026-08-18 21:16:56] 2026-08-18 21:16:56,199 - freqtrade.worker - INFO - Bot heartbeat. PID=22484, version='2026.6', state='RUNNING'
[2026-08-18 21:17:56] 2026-08-18 21:17:56,296 - freqtrade.worker - INFO - Bot heartbeat. PID=22484, version='2026.6', state='RUNNING'
[2026-08-18 21:18:56] 2026-08-18 21:18:56,374 - freqtrade.worker - INFO - Bot heartbeat. PID=22484, version='2026.6', state='RUNNING'
[2026-08-18 21:19:56] 2026-08-18 21:19:56,454 - freqtrade.worker - INFO - Bot heartbeat. PID=22484, version='2026.6', state='RUNNING'
[2026-08-18 21:20:56] 2026-08-18 21:20:56,540 - freqtrade.worker - INFO - Bot heartbeat. PID=22484, version='2026.6', state='RUNNING'
[2026-08-18 21:21:56] 2026-08-18 21:21:56,621 - freqtrade.worker - INFO - Bot heartbeat. PID=22484, version='2026.6', state='RUNNING'
[2026-08-18 21:22:56] 2026-08-18 21:22:56,710 - freqtrade.worker - INFO - Bot heartbeat. PID=22484, version='2026.6', state='RUNNING'
[2026-08-18 21:23:56] 2026-08-18 21:23:56,801 - freqtrade.worker - INFO - Bot heartbeat. PID=22484, version='2026.6', state='RUNNING'
[2026-08-18 21:24:56] 2026-08-18 21:24:56,899 - freqtrade.worker - INFO - Bot heartbeat. PID=22484, version='2026.6', state='RUNNING'
[2026-08-18 21:25:57] 2026-08-18 21:25:56,995 - freqtrade.worker - INFO - Bot heartbeat. PID=22484, version='2026.6', state='RUNNING'
[2026-08-18 21:26:57] 2026-08-18 21:26:57,072 - freqtrade.worker - INFO - Bot heartbeat. PID=22484, version='2026.6', state='RUNNING'
[2026-08-18 21:27:57] 2026-08-18 21:27:57,157 - freqtrade.worker - INFO - Bot heartbeat. PID=22484, version='2026.6', state='RUNNING'
[2026-08-18 21:28:57] 2026-08-18 21:28:57,229 - freqtrade.worker - INFO - Bot heartbeat. PID=22484, version='2026.6', state='RUNNING'
[2026-08-18 21:29:57] 2026-08-18 21:29:57,305 - freqtrade.worker - INFO - Bot heartbeat. PID=22484, version='2026.6', state='RUNNING'
[2026-08-18 21:30:59] 2026-08-18 21:30:59,148 - freqtrade.worker - INFO - Bot heartbeat. PID=22484, version='2026.6', state='RUNNING'
[2026-08-18 21:31:05] 2026-08-18 21:31:05,581 - freqtrade.wallets - INFO - Wallets synced.
[2026-08-18 21:31:59] 2026-08-18 21:31:59,216 - freqtrade.worker - INFO - Bot heartbeat. PID=22484, version='2026.6', state='RUNNING'
[2026-08-18 21:32:59] 2026-08-18 21:32:59,305 - freqtrade.worker - INFO - Bot heartbeat. PID=22484, version='2026.6', state='RUNNING'
[2026-08-18 21:33:59] 2026-08-18 21:33:59,384 - freqtrade.worker - INFO - Bot heartbeat. PID=22484, version='2026.6', state='RUNNING'
[2026-08-18 21:34:59] 2026-08-18 21:34:59,476 - freqtrade.worker - INFO - Bot heartbeat. PID=22484, version='2026.6', state='RUNNING'
[2026-08-18 21:35:59] 2026-08-18 21:35:59,562 - freqtrade.worker - INFO - Bot heartbeat. PID=22484, version='2026.6', state='RUNNING'
[2026-08-18 21:36:59] 2026-08-18 21:36:59,661 - freqtrade.worker - INFO - Bot heartbeat. PID=22484, version='2026.6', state='RUNNING'
[2026-08-18 21:37:59] 2026-08-18 21:37:59,752 - freqtrade.worker - INFO - Bot heartbeat. PID=22484, version='2026.6', state='RUNNING'
[2026-08-18 21:38:59] 2026-08-18 21:38:59,842 - freqtrade.worker - INFO - Bot heartbeat. PID=22484, version='2026.6', state='RUNNING'
[2026-08-18 21:39:59] 2026-08-18 21:39:59,939 - freqtrade.worker - INFO - Bot heartbeat. PID=22484, version='2026.6', state='RUNNING'
[2026-08-18 21:41:00] 2026-08-18 21:41:00,027 - freqtrade.worker - INFO - Bot heartbeat. PID=22484, version='2026.6', state='RUNNING'
[2026-08-18 21:42:00] 2026-08-18 21:42:00,101 - freqtrade.worker - INFO - Bot heartbeat. PID=22484, version='2026.6', state='RUNNING'
[2026-08-18 21:43:00] 2026-08-18 21:43:00,160 - freqtrade.worker - INFO - Bot heartbeat. PID=22484, version='2026.6', state='RUNNING'
[2026-08-18 21:44:00] 2026-08-18 21:44:00,242 - freqtrade.worker - INFO - Bot heartbeat. PID=22484, version='2026.6', state='RUNNING'
[2026-08-18 21:45:00] 2026-08-18 21:45:00,328 - freqtrade.worker - INFO - Bot heartbeat. PID=22484, version='2026.6', state='RUNNING'
[2026-08-18 21:46:02] 2026-08-18 21:46:02,707 - freqtrade.worker - INFO - Bot heartbeat. PID=22484, version='2026.6', state='RUNNING'
[2026-08-18 21:47:02] 2026-08-18 21:47:02,792 - freqtrade.worker - INFO - Bot heartbeat. PID=22484, version='2026.6', state='RUNNING'
[2026-08-18 21:48:02] 2026-08-18 21:48:02,875 - freqtrade.worker - INFO - Bot heartbeat. PID=22484, version='2026.6', state='RUNNING'
[2026-08-18 21:49:03] 2026-08-18 21:49:02,946 - freqtrade.worker - INFO - Bot heartbeat. PID=22484, version='2026.6', state='RUNNING'
[2026-08-18 21:50:03] 2026-08-18 21:50:03,028 - freqtrade.worker - INFO - Bot heartbeat. PID=22484, version='2026.6', state='RUNNING'
[2026-08-18 21:51:03] 2026-08-18 21:51:03,116 - freqtrade.worker - INFO - Bot heartbeat. PID=22484, version='2026.6', state='RUNNING'
[2026-08-18 21:52:03] 2026-08-18 21:52:03,199 - freqtrade.worker - INFO - Bot heartbeat. PID=22484, version='2026.6', state='RUNNING'
[2026-08-18 21:53:03] 2026-08-18 21:53:03,286 - freqtrade.worker - INFO - Bot heartbeat. PID=22484, version='2026.6', state='RUNNING'
[2026-08-18 21:54:03] 2026-08-18 21:54:03,371 - freqtrade.worker - INFO - Bot heartbeat. PID=22484, version='2026.6', state='RUNNING'
[2026-08-18 21:55:03] 2026-08-18 21:55:03,462 - freqtrade.worker - INFO - Bot heartbeat. PID=22484, version='2026.6', state='RUNNING'
[2026-08-18 21:56:03] 2026-08-18 21:56:03,550 - freqtrade.worker - INFO - Bot heartbeat. PID=22484, version='2026.6', state='RUNNING'
[2026-08-18 21:57:03] 2026-08-18 21:57:03,634 - freqtrade.worker - INFO - Bot heartbeat. PID=22484, version='2026.6', state='RUNNING'
[2026-08-18 21:58:03] 2026-08-18 21:58:03,725 - freqtrade.worker - INFO - Bot heartbeat. PID=22484, version='2026.6', state='RUNNING'
[2026-08-18 21:59:03] 2026-08-18 21:59:03,814 - freqtrade.worker - INFO - Bot heartbeat. PID=22484, version='2026.6', state='RUNNING'
[2026-08-18 22:00:17] 2026-08-18 22:00:17,137 - BreakoutV16GridV15QualityPfCombinedLiveParityFreqtrade - INFO - V16+Grid LIVE full context waiting: target=2026-08-18 12:00:00+00:00 ready=27/50
[2026-08-18 22:00:17] missing_or_stale=1000SHIB/USDT:USDT,AAVE/USDT:USDT,ADA/USDT:USDT,B/USDT:USDT,BCH/USDT:USDT,BNB/USDT:USDT,BTC/USDT:USDT,CRV/USDT:USDT,DOGE/USDT:USDT,DOT/USDT:USDT,FIL/USDT:USDT,HBAR/USDT:USDT,ICP/USDT:
[2026-08-18 22:00:17] USDT,INJ/USDT:USDT,JTO/USDT:USDT,PENGU/USDT:USDT,SIREN/USDT:USDT,SOL/USDT:USDT,TAO/USDT:USDT,XLM/USDT:USDT,XMR/USDT:USDT,XRP/USDT:USDT,ZEC/USDT:USDT
[2026-08-18 22:00:17] 2026-08-18 22:00:17,234 - freqtrade.worker - INFO - Bot heartbeat. PID=22484, version='2026.6', state='RUNNING'
[2026-08-18 22:00:34] 2026-08-18 22:00:34,853 - BreakoutV10FGridV8DualSideFreqtrade - INFO - LIVE context synchronized: target=2026-08-18 12:00:00+00:00 pairs=50 candidates=none
[2026-08-18 22:01:06] 2026-08-18 22:01:06,159 - freqtrade.wallets - INFO - Wallets synced.
[2026-08-18 22:01:20] 2026-08-18 22:01:20,010 - freqtrade.worker - INFO - Bot heartbeat. PID=22484, version='2026.6', state='RUNNING'
[2026-08-18 22:02:20] 2026-08-18 22:02:20,094 - freqtrade.worker - INFO - Bot heartbeat. PID=22484, version='2026.6', state='RUNNING'
[2026-08-18 22:03:20] 2026-08-18 22:03:20,185 - freqtrade.worker - INFO - Bot heartbeat. PID=22484, version='2026.6', state='RUNNING'
[2026-08-18 22:04:20] 2026-08-18 22:04:20,252 - freqtrade.worker - INFO - Bot heartbeat. PID=22484, version='2026.6', state='RUNNING'
[2026-08-18 22:05:20] 2026-08-18 22:05:20,328 - freqtrade.worker - INFO - Bot heartbeat. PID=22484, version='2026.6', state='RUNNING'
[2026-08-18 22:06:20] 2026-08-18 22:06:20,412 - freqtrade.worker - INFO - Bot heartbeat. PID=22484, version='2026.6', state='RUNNING'
[2026-08-18 22:07:20] 2026-08-18 22:07:20,509 - freqtrade.worker - INFO - Bot heartbeat. PID=22484, version='2026.6', state='RUNNING'
[2026-08-18 22:08:25] 2026-08-18 22:08:25,471 - freqtrade.worker - INFO - Bot heartbeat. PID=22484, version='2026.6', state='RUNNING'
[2026-08-18 22:09:25] 2026-08-18 22:09:25,544 - freqtrade.worker - INFO - Bot heartbeat. PID=22484, version='2026.6', state='RUNNING'
[2026-08-18 22:09:32] 2026-08-18 22:09:32,064 - freqtrade.plugins.pairlistmanager - INFO - Whitelist with 50 pairs: ['BTC/USDT:USDT', 'ETH/USDT:USDT', 'SOL/USDT:USDT', 'ZEC/USDT:USDT', 'HYPE/USDT:USDT', 'XRP/USDT:USDT',
[2026-08-18 22:09:32] 'DOGE/USDT:USDT', 'BNB/USDT:USDT', 'SIREN/USDT:USDT', '1000PEPE/USDT:USDT', 'TAO/USDT:USDT', 'NEAR/USDT:USDT', 'WLD/USDT:USDT', 'SUI/USDT:USDT', 'ADA/USDT:USDT', 'SEI/USDT:USDT', 'AVAX/USDT:USDT',
[2026-08-18 22:09:32] 'ENA/USDT:USDT', 'LINK/USDT:USDT', 'FIL/USDT:USDT', 'XLM/USDT:USDT', 'BCH/USDT:USDT', 'ONDO/USDT:USDT', 'TRUMP/USDT:USDT', 'AAVE/USDT:USDT', 'DOT/USDT:USDT', 'PENGU/USDT:USDT', 'LTC/USDT:USDT',
[2026-08-18 22:09:32] 'TRX/USDT:USDT', 'FET/USDT:USDT', 'UNI/USDT:USDT', 'INJ/USDT:USDT', 'DASH/USDT:USDT', 'B/USDT:USDT', 'ARB/USDT:USDT', '1000SHIB/USDT:USDT', 'APE/USDT:USDT', 'XMR/USDT:USDT', 'APT/USDT:USDT',
[2026-08-18 22:09:32] 'WIF/USDT:USDT', 'ICP/USDT:USDT', 'ETC/USDT:USDT', 'VIRTUAL/USDT:USDT', 'HBAR/USDT:USDT', 'RENDER/USDT:USDT', 'CRV/USDT:USDT', 'JTO/USDT:USDT', 'OP/USDT:USDT', 'CHZ/USDT:USDT', '1000BONK/USDT:USDT']
[2026-08-18 22:10:25] 2026-08-18 22:10:25,634 - freqtrade.worker - INFO - Bot heartbeat. PID=22484, version='2026.6', state='RUNNING'
[2026-08-18 22:11:25] 2026-08-18 22:11:25,726 - freqtrade.worker - INFO - Bot heartbeat. PID=22484, version='2026.6', state='RUNNING'
[2026-08-18 22:12:25] 2026-08-18 22:12:25,800 - freqtrade.worker - INFO - Bot heartbeat. PID=22484, version='2026.6', state='RUNNING'
[2026-08-18 22:13:25] 2026-08-18 22:13:25,892 - freqtrade.worker - INFO - Bot heartbeat. PID=22484, version='2026.6', state='RUNNING'
[2026-08-18 22:14:26] 2026-08-18 22:14:25,990 - freqtrade.worker - INFO - Bot heartbeat. PID=22484, version='2026.6', state='RUNNING'
[2026-08-18 22:15:27] 2026-08-18 22:15:27,711 - freqtrade.worker - INFO - Bot heartbeat. PID=22484, version='2026.6', state='RUNNING'
[2026-08-18 22:16:27] 2026-08-18 22:16:27,816 - freqtrade.worker - INFO - Bot heartbeat. PID=22484, version='2026.6', state='RUNNING'
[2026-08-18 22:17:27] 2026-08-18 22:17:27,915 - freqtrade.worker - INFO - Bot heartbeat. PID=22484, version='2026.6', state='RUNNING'
[2026-08-18 22:18:28] 2026-08-18 22:18:28,004 - freqtrade.worker - INFO - Bot heartbeat. PID=22484, version='2026.6', state='RUNNING'
[2026-08-18 22:19:28] 2026-08-18 22:19:28,075 - freqtrade.worker - INFO - Bot heartbeat. PID=22484, version='2026.6', state='RUNNING'
[2026-08-18 22:20:28] 2026-08-18 22:20:28,152 - freqtrade.worker - INFO - Bot heartbeat. PID=22484, version='2026.6', state='RUNNING'
[2026-08-18 22:21:28] 2026-08-18 22:21:28,238 - freqtrade.worker - INFO - Bot heartbeat. PID=22484, version='2026.6', state='RUNNING'
[2026-08-18 22:22:28] 2026-08-18 22:22:28,325 - freqtrade.worker - INFO - Bot heartbeat. PID=22484, version='2026.6', state='RUNNING'
[2026-08-18 22:23:28] 2026-08-18 22:23:28,408 - freqtrade.worker - INFO - Bot heartbeat. PID=22484, version='2026.6', state='RUNNING'
[2026-08-18 22:24:28] 2026-08-18 22:24:28,494 - freqtrade.worker - INFO - Bot heartbeat. PID=22484, version='2026.6', state='RUNNING'
[2026-08-18 22:25:28] 2026-08-18 22:25:28,583 - freqtrade.worker - INFO - Bot heartbeat. PID=22484, version='2026.6', state='RUNNING'
[2026-08-18 22:26:28] 2026-08-18 22:26:28,678 - freqtrade.worker - INFO - Bot heartbeat. PID=22484, version='2026.6', state='RUNNING'
[2026-08-18 22:27:28] 2026-08-18 22:27:28,776 - freqtrade.worker - INFO - Bot heartbeat. PID=22484, version='2026.6', state='RUNNING'
[2026-08-18 22:28:28] 2026-08-18 22:28:28,851 - freqtrade.worker - INFO - Bot heartbeat. PID=22484, version='2026.6', state='RUNNING'
[2026-08-18 22:29:29] 2026-08-18 22:29:28,935 - freqtrade.worker - INFO - Bot heartbeat. PID=22484, version='2026.6', state='RUNNING'
[2026-08-18 22:30:30] 2026-08-18 22:30:30,606 - freqtrade.worker - INFO - Bot heartbeat. PID=22484, version='2026.6', state='RUNNING'
[2026-08-18 22:31:07] 2026-08-18 22:31:06,989 - freqtrade.wallets - INFO - Wallets synced.
[2026-08-18 22:31:30] 2026-08-18 22:31:30,689 - freqtrade.worker - INFO - Bot heartbeat. PID=22484, version='2026.6', state='RUNNING'
[2026-08-18 22:32:30] 2026-08-18 22:32:30,776 - freqtrade.worker - INFO - Bot heartbeat. PID=22484, version='2026.6', state='RUNNING'
[2026-08-18 22:33:30] 2026-08-18 22:33:30,873 - freqtrade.worker - INFO - Bot heartbeat. PID=22484, version='2026.6', state='RUNNING'
[2026-08-18 22:34:31] 2026-08-18 22:34:30,954 - freqtrade.worker - INFO - Bot heartbeat. PID=22484, version='2026.6', state='RUNNING'
[2026-08-18 22:35:31] 2026-08-18 22:35:31,053 - freqtrade.worker - INFO - Bot heartbeat. PID=22484, version='2026.6', state='RUNNING'
[2026-08-18 22:36:31] 2026-08-18 22:36:31,129 - freqtrade.worker - INFO - Bot heartbeat. PID=22484, version='2026.6', state='RUNNING'
[2026-08-18 22:37:31] 2026-08-18 22:37:31,227 - freqtrade.worker - INFO - Bot heartbeat. PID=22484, version='2026.6', state='RUNNING'
[2026-08-18 22:38:31] 2026-08-18 22:38:31,321 - freqtrade.worker - INFO - Bot heartbeat. PID=22484, version='2026.6', state='RUNNING'
[2026-08-18 22:39:31] 2026-08-18 22:39:31,406 - freqtrade.worker - INFO - Bot heartbeat. PID=22484, version='2026.6', state='RUNNING'
[2026-08-18 22:40:31] 2026-08-18 22:40:31,492 - freqtrade.worker - INFO - Bot heartbeat. PID=22484, version='2026.6', state='RUNNING'
[2026-08-18 22:41:31] 2026-08-18 22:41:31,580 - freqtrade.worker - INFO - Bot heartbeat. PID=22484, version='2026.6', state='RUNNING'
[2026-08-18 22:42:31] 2026-08-18 22:42:31,671 - freqtrade.worker - INFO - Bot heartbeat. PID=22484, version='2026.6', state='RUNNING'
[2026-08-18 22:43:31] 2026-08-18 22:43:31,764 - freqtrade.worker - INFO - Bot heartbeat. PID=22484, version='2026.6', state='RUNNING'
[2026-08-18 22:44:31] 2026-08-18 22:44:31,773 - freqtrade.worker - INFO - Bot heartbeat. PID=22484, version='2026.6', state='RUNNING'
[2026-08-18 22:45:33] 2026-08-18 22:45:33,478 - freqtrade.worker - INFO - Bot heartbeat. PID=22484, version='2026.6', state='RUNNING'
[2026-08-18 22:46:33] 2026-08-18 22:46:33,577 - freqtrade.worker - INFO - Bot heartbeat. PID=22484, version='2026.6', state='RUNNING'
[2026-08-18 22:47:33] 2026-08-18 22:47:33,669 - freqtrade.worker - INFO - Bot heartbeat. PID=22484, version='2026.6', state='RUNNING'
[2026-08-18 22:48:33] 2026-08-18 22:48:33,770 - freqtrade.worker - INFO - Bot heartbeat. PID=22484, version='2026.6', state='RUNNING'
[2026-08-18 22:49:33] 2026-08-18 22:49:33,859 - freqtrade.worker - INFO - Bot heartbeat. PID=22484, version='2026.6', state='RUNNING'
[2026-08-18 22:50:33] 2026-08-18 22:50:33,953 - freqtrade.worker - INFO - Bot heartbeat. PID=22484, version='2026.6', state='RUNNING'
[2026-08-18 22:51:34] 2026-08-18 22:51:34,022 - freqtrade.worker - INFO - Bot heartbeat. PID=22484, version='2026.6', state='RUNNING'
[2026-08-18 22:52:34] 2026-08-18 22:52:34,093 - freqtrade.worker - INFO - Bot heartbeat. PID=22484, version='2026.6', state='RUNNING'
[2026-08-18 22:53:34] 2026-08-18 22:53:34,164 - freqtrade.worker - INFO - Bot heartbeat. PID=22484, version='2026.6', state='RUNNING'
[2026-08-18 22:54:34] 2026-08-18 22:54:34,232 - freqtrade.worker - INFO - Bot heartbeat. PID=22484, version='2026.6', state='RUNNING'
[2026-08-18 22:55:34] 2026-08-18 22:55:34,324 - freqtrade.worker - INFO - Bot heartbeat. PID=22484, version='2026.6', state='RUNNING'
[2026-08-18 22:56:34] 2026-08-18 22:56:34,400 - freqtrade.worker - INFO - Bot heartbeat. PID=22484, version='2026.6', state='RUNNING'
[2026-08-18 22:57:34] 2026-08-18 22:57:34,488 - freqtrade.worker - INFO - Bot heartbeat. PID=22484, version='2026.6', state='RUNNING'
[2026-08-18 22:58:34] 2026-08-18 22:58:34,570 - freqtrade.worker - INFO - Bot heartbeat. PID=22484, version='2026.6', state='RUNNING'
[2026-08-18 22:59:34] 2026-08-18 22:59:34,874 - freqtrade.worker - INFO - Bot heartbeat. PID=22484, version='2026.6', state='RUNNING'
[2026-08-18 23:00:33] 2026-08-18 23:00:33,306 - BreakoutV10FGridV8DualSideFreqtrade - INFO - LIVE context synchronized: target=2026-08-18 13:00:00+00:00 pairs=50 candidates=none
[2026-08-18 23:00:38] 2026-08-18 23:00:38,398 - freqtrade.worker - INFO - Bot heartbeat. PID=22484, version='2026.6', state='RUNNING'
[2026-08-18 23:01:04] 2026-08-18 23:01:04,591 - freqtrade.wallets - INFO - Wallets synced.
[2026-08-18 23:01:38] 2026-08-18 23:01:38,489 - freqtrade.worker - INFO - Bot heartbeat. PID=22484, version='2026.6', state='RUNNING'
[2026-08-18 23:02:38] 2026-08-18 23:02:38,568 - freqtrade.worker - INFO - Bot heartbeat. PID=22484, version='2026.6', state='RUNNING'
[2026-08-18 23:03:38] 2026-08-18 23:03:38,656 - freqtrade.worker - INFO - Bot heartbeat. PID=22484, version='2026.6', state='RUNNING'
[2026-08-18 23:04:38] 2026-08-18 23:04:38,753 - freqtrade.worker - INFO - Bot heartbeat. PID=22484, version='2026.6', state='RUNNING'
[2026-08-18 23:05:38] 2026-08-18 23:05:38,834 - freqtrade.worker - INFO - Bot heartbeat. PID=22484, version='2026.6', state='RUNNING'
[2026-08-18 23:06:38] 2026-08-18 23:06:38,934 - freqtrade.worker - INFO - Bot heartbeat. PID=22484, version='2026.6', state='RUNNING'
[2026-08-18 23:07:39] 2026-08-18 23:07:39,008 - freqtrade.worker - INFO - Bot heartbeat. PID=22484, version='2026.6', state='RUNNING'
[2026-08-18 23:08:39] 2026-08-18 23:08:39,078 - freqtrade.worker - INFO - Bot heartbeat. PID=22484, version='2026.6', state='RUNNING'
[2026-08-18 23:09:36] 2026-08-18 23:09:36,087 - freqtrade.plugins.pairlistmanager - INFO - Whitelist with 50 pairs: ['BTC/USDT:USDT', 'ETH/USDT:USDT', 'SOL/USDT:USDT', 'ZEC/USDT:USDT', 'HYPE/USDT:USDT', 'XRP/USDT:USDT',
[2026-08-18 23:09:36] 'DOGE/USDT:USDT', 'BNB/USDT:USDT', 'SIREN/USDT:USDT', '1000PEPE/USDT:USDT', 'TAO/USDT:USDT', 'NEAR/USDT:USDT', 'WLD/USDT:USDT', 'SUI/USDT:USDT', 'ADA/USDT:USDT', 'SEI/USDT:USDT', 'AVAX/USDT:USDT',
[2026-08-18 23:09:36] 'ENA/USDT:USDT', 'LINK/USDT:USDT', 'FIL/USDT:USDT', 'XLM/USDT:USDT', 'BCH/USDT:USDT', 'ONDO/USDT:USDT', 'TRUMP/USDT:USDT', 'AAVE/USDT:USDT', 'DOT/USDT:USDT', 'PENGU/USDT:USDT', 'LTC/USDT:USDT',
[2026-08-18 23:09:36] 'TRX/USDT:USDT', 'FET/USDT:USDT', 'UNI/USDT:USDT', 'INJ/USDT:USDT', 'DASH/USDT:USDT', 'B/USDT:USDT', 'ARB/USDT:USDT', '1000SHIB/USDT:USDT', 'APE/USDT:USDT', 'XMR/USDT:USDT', 'APT/USDT:USDT',
[2026-08-18 23:09:36] 'WIF/USDT:USDT', 'ICP/USDT:USDT', 'ETC/USDT:USDT', 'VIRTUAL/USDT:USDT', 'HBAR/USDT:USDT', 'RENDER/USDT:USDT', 'CRV/USDT:USDT', 'JTO/USDT:USDT', 'OP/USDT:USDT', 'CHZ/USDT:USDT', '1000BONK/USDT:USDT']
[2026-08-18 23:09:39] 2026-08-18 23:09:39,152 - freqtrade.worker - INFO - Bot heartbeat. PID=22484, version='2026.6', state='RUNNING'
[2026-08-18 23:10:39] 2026-08-18 23:10:39,245 - freqtrade.worker - INFO - Bot heartbeat. PID=22484, version='2026.6', state='RUNNING'
[2026-08-18 23:11:39] 2026-08-18 23:11:39,339 - freqtrade.worker - INFO - Bot heartbeat. PID=22484, version='2026.6', state='RUNNING'
[2026-08-18 23:12:39] 2026-08-18 23:12:39,439 - freqtrade.worker - INFO - Bot heartbeat. PID=22484, version='2026.6', state='RUNNING'
[2026-08-18 23:13:39] 2026-08-18 23:13:39,522 - freqtrade.worker - INFO - Bot heartbeat. PID=22484, version='2026.6', state='RUNNING'
[2026-08-18 23:14:39] 2026-08-18 23:14:39,599 - freqtrade.worker - INFO - Bot heartbeat. PID=22484, version='2026.6', state='RUNNING'
[2026-08-18 23:15:41] 2026-08-18 23:15:41,237 - freqtrade.worker - INFO - Bot heartbeat. PID=22484, version='2026.6', state='RUNNING'
[2026-08-18 23:16:41] 2026-08-18 23:16:41,327 - freqtrade.worker - INFO - Bot heartbeat. PID=22484, version='2026.6', state='RUNNING'
[2026-08-18 23:17:41] 2026-08-18 23:17:41,410 - freqtrade.worker - INFO - Bot heartbeat. PID=22484, version='2026.6', state='RUNNING'
[2026-08-18 23:18:41] 2026-08-18 23:18:41,496 - freqtrade.worker - INFO - Bot heartbeat. PID=22484, version='2026.6', state='RUNNING'
[2026-08-18 23:19:41] 2026-08-18 23:19:41,581 - freqtrade.worker - INFO - Bot heartbeat. PID=22484, version='2026.6', state='RUNNING'
[2026-08-18 23:20:41] 2026-08-18 23:20:41,656 - freqtrade.worker - INFO - Bot heartbeat. PID=22484, version='2026.6', state='RUNNING'
[2026-08-18 23:21:41] 2026-08-18 23:21:41,751 - freqtrade.worker - INFO - Bot heartbeat. PID=22484, version='2026.6', state='RUNNING'
[2026-08-18 23:22:41] 2026-08-18 23:22:41,845 - freqtrade.worker - INFO - Bot heartbeat. PID=22484, version='2026.6', state='RUNNING'
[2026-08-18 23:23:42] 2026-08-18 23:23:41,939 - freqtrade.worker - INFO - Bot heartbeat. PID=22484, version='2026.6', state='RUNNING'
[2026-08-18 23:24:42] 2026-08-18 23:24:42,003 - freqtrade.worker - INFO - Bot heartbeat. PID=22484, version='2026.6', state='RUNNING'
[2026-08-18 23:25:42] 2026-08-18 23:25:42,079 - freqtrade.worker - INFO - Bot heartbeat. PID=22484, version='2026.6', state='RUNNING'
[2026-08-18 23:26:42] 2026-08-18 23:26:42,157 - freqtrade.worker - INFO - Bot heartbeat. PID=22484, version='2026.6', state='RUNNING'
[2026-08-18 23:27:42] 2026-08-18 23:27:42,246 - freqtrade.worker - INFO - Bot heartbeat. PID=22484, version='2026.6', state='RUNNING'
[2026-08-18 23:28:42] 2026-08-18 23:28:42,349 - freqtrade.worker - INFO - Bot heartbeat. PID=22484, version='2026.6', state='RUNNING'
[2026-08-18 23:29:42] 2026-08-18 23:29:42,425 - freqtrade.worker - INFO - Bot heartbeat. PID=22484, version='2026.6', state='RUNNING'
[2026-08-18 23:30:44] 2026-08-18 23:30:44,123 - freqtrade.worker - INFO - Bot heartbeat. PID=22484, version='2026.6', state='RUNNING'
[2026-08-18 23:31:05] 2026-08-18 23:31:05,710 - freqtrade.wallets - INFO - Wallets synced.
[2026-08-18 23:31:44] 2026-08-18 23:31:44,210 - freqtrade.worker - INFO - Bot heartbeat. PID=22484, version='2026.6', state='RUNNING'
[2026-08-18 23:32:44] 2026-08-18 23:32:44,289 - freqtrade.worker - INFO - Bot heartbeat. PID=22484, version='2026.6', state='RUNNING'
[2026-08-18 23:33:44] 2026-08-18 23:33:44,361 - freqtrade.worker - INFO - Bot heartbeat. PID=22484, version='2026.6', state='RUNNING'
[2026-08-18 23:34:44] 2026-08-18 23:34:44,446 - freqtrade.worker - INFO - Bot heartbeat. PID=22484, version='2026.6', state='RUNNING'
[2026-08-18 23:35:44] 2026-08-18 23:35:44,544 - freqtrade.worker - INFO - Bot heartbeat. PID=22484, version='2026.6', state='RUNNING'
[2026-08-18 23:36:44] 2026-08-18 23:36:44,626 - freqtrade.worker - INFO - Bot heartbeat. PID=22484, version='2026.6', state='RUNNING'
[2026-08-18 23:37:44] 2026-08-18 23:37:44,685 - freqtrade.worker - INFO - Bot heartbeat. PID=22484, version='2026.6', state='RUNNING'
[2026-08-18 23:38:44] 2026-08-18 23:38:44,762 - freqtrade.worker - INFO - Bot heartbeat. PID=22484, version='2026.6', state='RUNNING'
[2026-08-18 23:39:44] 2026-08-18 23:39:44,850 - freqtrade.worker - INFO - Bot heartbeat. PID=22484, version='2026.6', state='RUNNING'
[2026-08-18 23:40:45] 2026-08-18 23:40:44,942 - freqtrade.worker - INFO - Bot heartbeat. PID=22484, version='2026.6', state='RUNNING'
[2026-08-18 23:41:45] 2026-08-18 23:41:45,021 - freqtrade.worker - INFO - Bot heartbeat. PID=22484, version='2026.6', state='RUNNING'
[2026-08-18 23:42:45] 2026-08-18 23:42:45,097 - freqtrade.worker - INFO - Bot heartbeat. PID=22484, version='2026.6', state='RUNNING'
[2026-08-18 23:43:45] 2026-08-18 23:43:45,195 - freqtrade.worker - INFO - Bot heartbeat. PID=22484, version='2026.6', state='RUNNING'
[2026-08-18 23:44:45] 2026-08-18 23:44:45,270 - freqtrade.worker - INFO - Bot heartbeat. PID=22484, version='2026.6', state='RUNNING'
[2026-08-18 23:45:47] 2026-08-18 23:45:47,024 - freqtrade.worker - INFO - Bot heartbeat. PID=22484, version='2026.6', state='RUNNING'
[2026-08-18 23:46:47] 2026-08-18 23:46:47,114 - freqtrade.worker - INFO - Bot heartbeat. PID=22484, version='2026.6', state='RUNNING'
[2026-08-18 23:47:47] 2026-08-18 23:47:47,207 - freqtrade.worker - INFO - Bot heartbeat. PID=22484, version='2026.6', state='RUNNING'
[2026-08-18 23:48:47] 2026-08-18 23:48:47,280 - freqtrade.worker - INFO - Bot heartbeat. PID=22484, version='2026.6', state='RUNNING'
[2026-08-18 23:49:47] 2026-08-18 23:49:47,363 - freqtrade.worker - INFO - Bot heartbeat. PID=22484, version='2026.6', state='RUNNING'
[2026-08-18 23:50:47] 2026-08-18 23:50:47,447 - freqtrade.worker - INFO - Bot heartbeat. PID=22484, version='2026.6', state='RUNNING'
[2026-08-18 23:51:47] 2026-08-18 23:51:47,535 - freqtrade.worker - INFO - Bot heartbeat. PID=22484, version='2026.6', state='RUNNING'
[2026-08-18 23:52:47] 2026-08-18 23:52:47,623 - freqtrade.worker - INFO - Bot heartbeat. PID=22484, version='2026.6', state='RUNNING'
[2026-08-18 23:53:47] 2026-08-18 23:53:47,715 - freqtrade.worker - INFO - Bot heartbeat. PID=22484, version='2026.6', state='RUNNING'
[2026-08-18 23:54:47] 2026-08-18 23:54:47,798 - freqtrade.worker - INFO - Bot heartbeat. PID=22484, version='2026.6', state='RUNNING'
[2026-08-18 23:55:47] 2026-08-18 23:55:47,874 - freqtrade.worker - INFO - Bot heartbeat. PID=22484, version='2026.6', state='RUNNING'
[2026-08-18 23:56:48] 2026-08-18 23:56:47,948 - freqtrade.worker - INFO - Bot heartbeat. PID=22484, version='2026.6', state='RUNNING'
[2026-08-18 23:57:48] 2026-08-18 23:57:48,026 - freqtrade.worker - INFO - Bot heartbeat. PID=22484, version='2026.6', state='RUNNING'
[2026-08-18 23:58:48] 2026-08-18 23:58:48,107 - freqtrade.worker - INFO - Bot heartbeat. PID=22484, version='2026.6', state='RUNNING'
[2026-08-18 23:59:48] 2026-08-18 23:59:48,195 - freqtrade.worker - INFO - Bot heartbeat. PID=22484, version='2026.6', state='RUNNING'
[2026-08-19 00:00:18] 2026-08-19 00:00:18,689 - BreakoutV16GridV15QualityPfCombinedLiveParityFreqtrade - INFO - V16+Grid LIVE full context waiting: target=2026-08-18 14:00:00+00:00 ready=37/50
[2026-08-19 00:00:18] missing_or_stale=1000SHIB/USDT:USDT,AAVE/USDT:USDT,B/USDT:USDT,BCH/USDT:USDT,CRV/USDT:USDT,DASH/USDT:USDT,DOGE/USDT:USDT,FIL/USDT:USDT,HBAR/USDT:USDT,PENGU/USDT:USDT,SOL/USDT:USDT,TRUMP/USDT:USDT,XMR/
[2026-08-19 00:00:18] USDT:USDT
[2026-08-19 00:00:33] 2026-08-19 00:00:33,129 - BreakoutV10FGridV8DualSideFreqtrade - INFO - LIVE context synchronized: target=2026-08-18 14:00:00+00:00 pairs=50 candidates=none
[2026-08-19 00:00:48] 2026-08-19 00:00:48,255 - freqtrade.worker - INFO - Bot heartbeat. PID=22484, version='2026.6', state='RUNNING'
[2026-08-19 00:01:04] 2026-08-19 00:01:04,625 - freqtrade.wallets - INFO - Wallets synced.
[2026-08-19 00:01:48] 2026-08-19 00:01:48,336 - freqtrade.worker - INFO - Bot heartbeat. PID=22484, version='2026.6', state='RUNNING'
[2026-08-19 00:02:48] 2026-08-19 00:02:48,426 - freqtrade.worker - INFO - Bot heartbeat. PID=22484, version='2026.6', state='RUNNING'
[2026-08-19 00:03:48] 2026-08-19 00:03:48,510 - freqtrade.worker - INFO - Bot heartbeat. PID=22484, version='2026.6', state='RUNNING'
[2026-08-19 00:04:48] 2026-08-19 00:04:48,607 - freqtrade.worker - INFO - Bot heartbeat. PID=22484, version='2026.6', state='RUNNING'
[2026-08-19 00:05:48] 2026-08-19 00:05:48,686 - freqtrade.worker - INFO - Bot heartbeat. PID=22484, version='2026.6', state='RUNNING'
[2026-08-19 00:06:48] 2026-08-19 00:06:48,766 - freqtrade.worker - INFO - Bot heartbeat. PID=22484, version='2026.6', state='RUNNING'
[2026-08-19 00:07:48] 2026-08-19 00:07:48,864 - freqtrade.worker - INFO - Bot heartbeat. PID=22484, version='2026.6', state='RUNNING'
[2026-08-19 00:08:49] 2026-08-19 00:08:48,965 - freqtrade.worker - INFO - Bot heartbeat. PID=22484, version='2026.6', state='RUNNING'
[2026-08-19 00:09:41] 2026-08-19 00:09:41,115 - freqtrade.plugins.pairlistmanager - INFO - Whitelist with 50 pairs: ['BTC/USDT:USDT', 'ETH/USDT:USDT', 'SOL/USDT:USDT', 'ZEC/USDT:USDT', 'HYPE/USDT:USDT', 'XRP/USDT:USDT',
[2026-08-19 00:09:41] 'DOGE/USDT:USDT', 'BNB/USDT:USDT', 'SIREN/USDT:USDT', '1000PEPE/USDT:USDT', 'TAO/USDT:USDT', 'NEAR/USDT:USDT', 'WLD/USDT:USDT', 'SUI/USDT:USDT', 'ADA/USDT:USDT', 'SEI/USDT:USDT', 'AVAX/USDT:USDT',
[2026-08-19 00:09:41] 'ENA/USDT:USDT', 'LINK/USDT:USDT', 'FIL/USDT:USDT', 'XLM/USDT:USDT', 'BCH/USDT:USDT', 'ONDO/USDT:USDT', 'TRUMP/USDT:USDT', 'AAVE/USDT:USDT', 'DOT/USDT:USDT', 'PENGU/USDT:USDT', 'LTC/USDT:USDT',
[2026-08-19 00:09:41] 'TRX/USDT:USDT', 'FET/USDT:USDT', 'UNI/USDT:USDT', 'INJ/USDT:USDT', 'DASH/USDT:USDT', 'B/USDT:USDT', 'ARB/USDT:USDT', '1000SHIB/USDT:USDT', 'APE/USDT:USDT', 'XMR/USDT:USDT', 'APT/USDT:USDT',
[2026-08-19 00:09:41] 'WIF/USDT:USDT', 'ICP/USDT:USDT', 'ETC/USDT:USDT', 'VIRTUAL/USDT:USDT', 'HBAR/USDT:USDT', 'RENDER/USDT:USDT', 'CRV/USDT:USDT', 'JTO/USDT:USDT', 'OP/USDT:USDT', 'CHZ/USDT:USDT', '1000BONK/USDT:USDT']
[2026-08-19 00:09:49] 2026-08-19 00:09:49,057 - freqtrade.worker - INFO - Bot heartbeat. PID=22484, version='2026.6', state='RUNNING'
[2026-08-19 00:10:49] 2026-08-19 00:10:49,128 - freqtrade.worker - INFO - Bot heartbeat. PID=22484, version='2026.6', state='RUNNING'
[2026-08-19 00:11:49] 2026-08-19 00:11:49,193 - freqtrade.worker - INFO - Bot heartbeat. PID=22484, version='2026.6', state='RUNNING'
[2026-08-19 00:12:49] 2026-08-19 00:12:49,277 - freqtrade.worker - INFO - Bot heartbeat. PID=22484, version='2026.6', state='RUNNING'
[2026-08-19 00:13:49] 2026-08-19 00:13:49,352 - freqtrade.worker - INFO - Bot heartbeat. PID=22484, version='2026.6', state='RUNNING'
[2026-08-19 00:14:49] 2026-08-19 00:14:49,452 - freqtrade.worker - INFO - Bot heartbeat. PID=22484, version='2026.6', state='RUNNING'
[2026-08-19 00:15:51] 2026-08-19 00:15:51,185 - freqtrade.worker - INFO - Bot heartbeat. PID=22484, version='2026.6', state='RUNNING'
[2026-08-19 00:16:51] 2026-08-19 00:16:51,275 - freqtrade.worker - INFO - Bot heartbeat. PID=22484, version='2026.6', state='RUNNING'
[2026-08-19 00:17:51] 2026-08-19 00:17:51,356 - freqtrade.worker - INFO - Bot heartbeat. PID=22484, version='2026.6', state='RUNNING'
[2026-08-19 00:18:51] 2026-08-19 00:18:51,443 - freqtrade.worker - INFO - Bot heartbeat. PID=22484, version='2026.6', state='RUNNING'
[2026-08-19 00:19:51] 2026-08-19 00:19:51,512 - freqtrade.worker - INFO - Bot heartbeat. PID=22484, version='2026.6', state='RUNNING'
[2026-08-19 00:20:51] 2026-08-19 00:20:51,603 - freqtrade.worker - INFO - Bot heartbeat. PID=22484, version='2026.6', state='RUNNING'
[2026-08-19 00:21:51] 2026-08-19 00:21:51,696 - freqtrade.worker - INFO - Bot heartbeat. PID=22484, version='2026.6', state='RUNNING'
[2026-08-19 00:22:51] 2026-08-19 00:22:51,779 - freqtrade.worker - INFO - Bot heartbeat. PID=22484, version='2026.6', state='RUNNING'
[2026-08-19 00:23:51] 2026-08-19 00:23:51,880 - freqtrade.worker - INFO - Bot heartbeat. PID=22484, version='2026.6', state='RUNNING'
[2026-08-19 00:24:51] 2026-08-19 00:24:51,960 - freqtrade.worker - INFO - Bot heartbeat. PID=22484, version='2026.6', state='RUNNING'
[2026-08-19 00:25:52] 2026-08-19 00:25:52,033 - freqtrade.worker - INFO - Bot heartbeat. PID=22484, version='2026.6', state='RUNNING'
[2026-08-19 00:26:52] 2026-08-19 00:26:52,119 - freqtrade.worker - INFO - Bot heartbeat. PID=22484, version='2026.6', state='RUNNING'
[2026-08-19 00:27:52] 2026-08-19 00:27:52,215 - freqtrade.worker - INFO - Bot heartbeat. PID=22484, version='2026.6', state='RUNNING'
[2026-08-19 00:28:52] 2026-08-19 00:28:52,303 - freqtrade.worker - INFO - Bot heartbeat. PID=22484, version='2026.6', state='RUNNING'
[2026-08-19 00:29:52] 2026-08-19 00:29:52,394 - freqtrade.worker - INFO - Bot heartbeat. PID=22484, version='2026.6', state='RUNNING'
[2026-08-19 00:30:54] 2026-08-19 00:30:54,112 - freqtrade.worker - INFO - Bot heartbeat. PID=22484, version='2026.6', state='RUNNING'
[2026-08-19 00:31:05] 2026-08-19 00:31:05,190 - freqtrade.wallets - INFO - Wallets synced.
[2026-08-19 00:31:54] 2026-08-19 00:31:54,202 - freqtrade.worker - INFO - Bot heartbeat. PID=22484, version='2026.6', state='RUNNING'
[2026-08-19 00:32:54] 2026-08-19 00:32:54,278 - freqtrade.worker - INFO - Bot heartbeat. PID=22484, version='2026.6', state='RUNNING'
[2026-08-19 00:33:54] 2026-08-19 00:33:54,382 - freqtrade.worker - INFO - Bot heartbeat. PID=22484, version='2026.6', state='RUNNING'
[2026-08-19 00:34:54] 2026-08-19 00:34:54,476 - freqtrade.worker - INFO - Bot heartbeat. PID=22484, version='2026.6', state='RUNNING'
[2026-08-19 00:35:54] 2026-08-19 00:35:54,563 - freqtrade.worker - INFO - Bot heartbeat. PID=22484, version='2026.6', state='RUNNING'
[2026-08-19 00:36:54] 2026-08-19 00:36:54,648 - freqtrade.worker - INFO - Bot heartbeat. PID=22484, version='2026.6', state='RUNNING'
[2026-08-19 00:37:54] 2026-08-19 00:37:54,654 - freqtrade.worker - INFO - Bot heartbeat. PID=22484, version='2026.6', state='RUNNING'
[2026-08-19 00:38:54] 2026-08-19 00:38:54,751 - freqtrade.worker - INFO - Bot heartbeat. PID=22484, version='2026.6', state='RUNNING'
[2026-08-19 00:39:54] 2026-08-19 00:39:54,853 - freqtrade.worker - INFO - Bot heartbeat. PID=22484, version='2026.6', state='RUNNING'
[2026-08-19 00:40:54] 2026-08-19 00:40:54,942 - freqtrade.worker - INFO - Bot heartbeat. PID=22484, version='2026.6', state='RUNNING'
[2026-08-19 00:41:55] 2026-08-19 00:41:55,029 - freqtrade.worker - INFO - Bot heartbeat. PID=22484, version='2026.6', state='RUNNING'
[2026-08-19 00:42:55] 2026-08-19 00:42:55,126 - freqtrade.worker - INFO - Bot heartbeat. PID=22484, version='2026.6', state='RUNNING'
[2026-08-19 00:43:55] 2026-08-19 00:43:55,206 - freqtrade.worker - INFO - Bot heartbeat. PID=22484, version='2026.6', state='RUNNING'
[2026-08-19 00:44:55] 2026-08-19 00:44:55,298 - freqtrade.worker - INFO - Bot heartbeat. PID=22484, version='2026.6', state='RUNNING'
[2026-08-19 00:45:57] 2026-08-19 00:45:57,688 - freqtrade.worker - INFO - Bot heartbeat. PID=22484, version='2026.6', state='RUNNING'
[2026-08-19 00:46:57] 2026-08-19 00:46:57,780 - freqtrade.worker - INFO - Bot heartbeat. PID=22484, version='2026.6', state='RUNNING'
[2026-08-19 00:47:57] 2026-08-19 00:47:57,842 - freqtrade.worker - INFO - Bot heartbeat. PID=22484, version='2026.6', state='RUNNING'
[2026-08-19 00:48:57] 2026-08-19 00:48:57,935 - freqtrade.worker - INFO - Bot heartbeat. PID=22484, version='2026.6', state='RUNNING'
[2026-08-19 00:49:58] 2026-08-19 00:49:58,033 - freqtrade.worker - INFO - Bot heartbeat. PID=22484, version='2026.6', state='RUNNING'
[2026-08-19 00:50:58] 2026-08-19 00:50:58,131 - freqtrade.worker - INFO - Bot heartbeat. PID=22484, version='2026.6', state='RUNNING'
[2026-08-19 00:51:58] 2026-08-19 00:51:58,230 - freqtrade.worker - INFO - Bot heartbeat. PID=22484, version='2026.6', state='RUNNING'
[2026-08-19 00:52:58] 2026-08-19 00:52:58,321 - freqtrade.worker - INFO - Bot heartbeat. PID=22484, version='2026.6', state='RUNNING'
[2026-08-19 00:53:58] 2026-08-19 00:53:58,423 - freqtrade.worker - INFO - Bot heartbeat. PID=22484, version='2026.6', state='RUNNING'
[2026-08-19 00:54:58] 2026-08-19 00:54:58,500 - freqtrade.worker - INFO - Bot heartbeat. PID=22484, version='2026.6', state='RUNNING'
[2026-08-19 00:55:58] 2026-08-19 00:55:58,575 - freqtrade.worker - INFO - Bot heartbeat. PID=22484, version='2026.6', state='RUNNING'
[2026-08-19 00:56:58] 2026-08-19 00:56:58,668 - freqtrade.worker - INFO - Bot heartbeat. PID=22484, version='2026.6', state='RUNNING'
[2026-08-19 00:57:58] 2026-08-19 00:57:58,769 - freqtrade.worker - INFO - Bot heartbeat. PID=22484, version='2026.6', state='RUNNING'
[2026-08-19 00:58:58] 2026-08-19 00:58:58,870 - freqtrade.worker - INFO - Bot heartbeat. PID=22484, version='2026.6', state='RUNNING'
[2026-08-19 00:59:59] 2026-08-19 00:59:58,958 - freqtrade.worker - INFO - Bot heartbeat. PID=22484, version='2026.6', state='RUNNING'
[2026-08-19 01:00:18] 2026-08-19 01:00:18,390 - BreakoutV16GridV15QualityPfCombinedLiveParityFreqtrade - INFO - V16+Grid LIVE full context waiting: target=2026-08-18 15:00:00+00:00 ready=35/50
[2026-08-19 01:00:18] missing_or_stale=1000SHIB/USDT:USDT,AAVE/USDT:USDT,ADA/USDT:USDT,B/USDT:USDT,BCH/USDT:USDT,CRV/USDT:USDT,DOGE/USDT:USDT,DOT/USDT:USDT,ETC/USDT:USDT,HBAR/USDT:USDT,JTO/USDT:USDT,PENGU/USDT:USDT,SOL/USD
[2026-08-19 01:00:18] T:USDT,TAO/USDT:USDT,XLM/USDT:USDT
[2026-08-19 01:00:33] 2026-08-19 01:00:33,615 - BreakoutV10FGridV8DualSideFreqtrade - INFO - LIVE context synchronized: target=2026-08-18 15:00:00+00:00 pairs=50 candidates=none
[2026-08-19 01:01:03] 2026-08-19 01:01:03,749 - freqtrade.worker - INFO - Bot heartbeat. PID=22484, version='2026.6', state='RUNNING'
[2026-08-19 01:01:05] 2026-08-19 01:01:05,209 - freqtrade.wallets - INFO - Wallets synced.
[2026-08-19 01:02:03] 2026-08-19 01:02:03,853 - freqtrade.worker - INFO - Bot heartbeat. PID=22484, version='2026.6', state='RUNNING'
[2026-08-19 01:03:03] 2026-08-19 01:03:03,947 - freqtrade.worker - INFO - Bot heartbeat. PID=22484, version='2026.6', state='RUNNING'
[2026-08-19 01:04:04] 2026-08-19 01:04:04,037 - freqtrade.worker - INFO - Bot heartbeat. PID=22484, version='2026.6', state='RUNNING'
[2026-08-19 01:05:04] 2026-08-19 01:05:04,108 - freqtrade.worker - INFO - Bot heartbeat. PID=22484, version='2026.6', state='RUNNING'
[2026-08-19 01:06:04] 2026-08-19 01:06:04,207 - freqtrade.worker - INFO - Bot heartbeat. PID=22484, version='2026.6', state='RUNNING'
[2026-08-19 01:07:04] 2026-08-19 01:07:04,289 - freqtrade.worker - INFO - Bot heartbeat. PID=22484, version='2026.6', state='RUNNING'
[2026-08-19 01:08:04] 2026-08-19 01:08:04,393 - freqtrade.worker - INFO - Bot heartbeat. PID=22484, version='2026.6', state='RUNNING'
[2026-08-19 01:09:04] 2026-08-19 01:09:04,479 - freqtrade.worker - INFO - Bot heartbeat. PID=22484, version='2026.6', state='RUNNING'
[2026-08-19 01:09:46] 2026-08-19 01:09:46,705 - freqtrade.plugins.pairlistmanager - INFO - Whitelist with 50 pairs: ['BTC/USDT:USDT', 'ETH/USDT:USDT', 'SOL/USDT:USDT', 'ZEC/USDT:USDT', 'HYPE/USDT:USDT', 'XRP/USDT:USDT',
[2026-08-19 01:09:46] 'DOGE/USDT:USDT', 'BNB/USDT:USDT', 'SIREN/USDT:USDT', '1000PEPE/USDT:USDT', 'TAO/USDT:USDT', 'NEAR/USDT:USDT', 'WLD/USDT:USDT', 'SUI/USDT:USDT', 'ADA/USDT:USDT', 'SEI/USDT:USDT', 'AVAX/USDT:USDT',
[2026-08-19 01:09:46] 'ENA/USDT:USDT', 'LINK/USDT:USDT', 'FIL/USDT:USDT', 'XLM/USDT:USDT', 'BCH/USDT:USDT', 'ONDO/USDT:USDT', 'TRUMP/USDT:USDT', 'AAVE/USDT:USDT', 'DOT/USDT:USDT', 'PENGU/USDT:USDT', 'LTC/USDT:USDT',
[2026-08-19 01:09:46] 'TRX/USDT:USDT', 'FET/USDT:USDT', 'UNI/USDT:USDT', 'INJ/USDT:USDT', 'DASH/USDT:USDT', 'B/USDT:USDT', 'ARB/USDT:USDT', '1000SHIB/USDT:USDT', 'APE/USDT:USDT', 'XMR/USDT:USDT', 'APT/USDT:USDT',
[2026-08-19 01:09:46] 'WIF/USDT:USDT', 'ICP/USDT:USDT', 'ETC/USDT:USDT', 'VIRTUAL/USDT:USDT', 'HBAR/USDT:USDT', 'RENDER/USDT:USDT', 'CRV/USDT:USDT', 'JTO/USDT:USDT', 'OP/USDT:USDT', 'CHZ/USDT:USDT', '1000BONK/USDT:USDT']
[2026-08-19 01:10:04] 2026-08-19 01:10:04,565 - freqtrade.worker - INFO - Bot heartbeat. PID=22484, version='2026.6', state='RUNNING'
[2026-08-19 01:11:04] 2026-08-19 01:11:04,656 - freqtrade.worker - INFO - Bot heartbeat. PID=22484, version='2026.6', state='RUNNING'
[2026-08-19 01:12:04] 2026-08-19 01:12:04,746 - freqtrade.worker - INFO - Bot heartbeat. PID=22484, version='2026.6', state='RUNNING'
[2026-08-19 01:13:04] 2026-08-19 01:13:04,754 - freqtrade.worker - INFO - Bot heartbeat. PID=22484, version='2026.6', state='RUNNING'
[2026-08-19 01:14:04] 2026-08-19 01:14:04,841 - freqtrade.worker - INFO - Bot heartbeat. PID=22484, version='2026.6', state='RUNNING'
[2026-08-19 01:15:04] 2026-08-19 01:15:04,934 - freqtrade.worker - INFO - Bot heartbeat. PID=22484, version='2026.6', state='RUNNING'
[2026-08-19 01:16:06] 2026-08-19 01:16:06,579 - freqtrade.worker - INFO - Bot heartbeat. PID=22484, version='2026.6', state='RUNNING'
[2026-08-19 01:17:06] 2026-08-19 01:17:06,667 - freqtrade.worker - INFO - Bot heartbeat. PID=22484, version='2026.6', state='RUNNING'
[2026-08-19 01:18:06] 2026-08-19 01:18:06,759 - freqtrade.worker - INFO - Bot heartbeat. PID=22484, version='2026.6', state='RUNNING'
[2026-08-19 01:19:06] 2026-08-19 01:19:06,842 - freqtrade.worker - INFO - Bot heartbeat. PID=22484, version='2026.6', state='RUNNING'
[2026-08-19 01:20:06] 2026-08-19 01:20:06,918 - freqtrade.worker - INFO - Bot heartbeat. PID=22484, version='2026.6', state='RUNNING'
[2026-08-19 01:21:07] 2026-08-19 01:21:07,013 - freqtrade.worker - INFO - Bot heartbeat. PID=22484, version='2026.6', state='RUNNING'
[2026-08-19 01:22:07] 2026-08-19 01:22:07,104 - freqtrade.worker - INFO - Bot heartbeat. PID=22484, version='2026.6', state='RUNNING'
[2026-08-19 01:23:07] 2026-08-19 01:23:07,172 - freqtrade.worker - INFO - Bot heartbeat. PID=22484, version='2026.6', state='RUNNING'
[2026-08-19 01:24:07] 2026-08-19 01:24:07,264 - freqtrade.worker - INFO - Bot heartbeat. PID=22484, version='2026.6', state='RUNNING'
[2026-08-19 01:25:07] 2026-08-19 01:25:07,348 - freqtrade.worker - INFO - Bot heartbeat. PID=22484, version='2026.6', state='RUNNING'
[2026-08-19 01:26:07] 2026-08-19 01:26:07,445 - freqtrade.worker - INFO - Bot heartbeat. PID=22484, version='2026.6', state='RUNNING'
[2026-08-19 01:27:07] 2026-08-19 01:27:07,547 - freqtrade.worker - INFO - Bot heartbeat. PID=22484, version='2026.6', state='RUNNING'
[2026-08-19 01:28:12] 2026-08-19 01:28:12,548 - freqtrade.worker - INFO - Bot heartbeat. PID=22484, version='2026.6', state='RUNNING'
[2026-08-19 01:29:12] 2026-08-19 01:29:12,631 - freqtrade.worker - INFO - Bot heartbeat. PID=22484, version='2026.6', state='RUNNING'
[2026-08-19 01:30:14] 2026-08-19 01:30:14,283 - freqtrade.worker - INFO - Bot heartbeat. PID=22484, version='2026.6', state='RUNNING'
[2026-08-19 01:31:05] 2026-08-19 01:31:05,589 - freqtrade.wallets - INFO - Wallets synced.
[2026-08-19 01:31:14] 2026-08-19 01:31:14,377 - freqtrade.worker - INFO - Bot heartbeat. PID=22484, version='2026.6', state='RUNNING'
[2026-08-19 01:32:14] 2026-08-19 01:32:14,466 - freqtrade.worker - INFO - Bot heartbeat. PID=22484, version='2026.6', state='RUNNING'
[2026-08-19 01:33:14] 2026-08-19 01:33:14,549 - freqtrade.worker - INFO - Bot heartbeat. PID=22484, version='2026.6', state='RUNNING'
[2026-08-19 01:34:14] 2026-08-19 01:34:14,628 - freqtrade.worker - INFO - Bot heartbeat. PID=22484, version='2026.6', state='RUNNING'
[2026-08-19 01:35:14] 2026-08-19 01:35:14,735 - freqtrade.worker - INFO - Bot heartbeat. PID=22484, version='2026.6', state='RUNNING'
[2026-08-19 01:36:14] 2026-08-19 01:36:14,835 - freqtrade.worker - INFO - Bot heartbeat. PID=22484, version='2026.6', state='RUNNING'
[2026-08-19 01:37:14] 2026-08-19 01:37:14,929 - freqtrade.worker - INFO - Bot heartbeat. PID=22484, version='2026.6', state='RUNNING'
[2026-08-19 01:38:15] 2026-08-19 01:38:15,007 - freqtrade.worker - INFO - Bot heartbeat. PID=22484, version='2026.6', state='RUNNING'
[2026-08-19 01:39:15] 2026-08-19 01:39:15,087 - freqtrade.worker - INFO - Bot heartbeat. PID=22484, version='2026.6', state='RUNNING'
[2026-08-19 01:40:15] 2026-08-19 01:40:15,163 - freqtrade.worker - INFO - Bot heartbeat. PID=22484, version='2026.6', state='RUNNING'
[2026-08-19 01:41:15] 2026-08-19 01:41:15,262 - freqtrade.worker - INFO - Bot heartbeat. PID=22484, version='2026.6', state='RUNNING'
[2026-08-19 01:42:15] 2026-08-19 01:42:15,325 - freqtrade.worker - INFO - Bot heartbeat. PID=22484, version='2026.6', state='RUNNING'
[2026-08-19 01:43:15] 2026-08-19 01:43:15,406 - freqtrade.worker - INFO - Bot heartbeat. PID=22484, version='2026.6', state='RUNNING'
[2026-08-19 01:44:15] 2026-08-19 01:44:15,474 - freqtrade.worker - INFO - Bot heartbeat. PID=22484, version='2026.6', state='RUNNING'
[2026-08-19 01:45:17] 2026-08-19 01:45:17,307 - freqtrade.worker - INFO - Bot heartbeat. PID=22484, version='2026.6', state='RUNNING'
[2026-08-19 01:46:17] 2026-08-19 01:46:17,389 - freqtrade.worker - INFO - Bot heartbeat. PID=22484, version='2026.6', state='RUNNING'
[2026-08-19 01:47:17] 2026-08-19 01:47:17,470 - freqtrade.worker - INFO - Bot heartbeat. PID=22484, version='2026.6', state='RUNNING'
[2026-08-19 01:48:17] 2026-08-19 01:48:17,571 - freqtrade.worker - INFO - Bot heartbeat. PID=22484, version='2026.6', state='RUNNING'
[2026-08-19 01:49:17] 2026-08-19 01:49:17,669 - freqtrade.worker - INFO - Bot heartbeat. PID=22484, version='2026.6', state='RUNNING'
[2026-08-19 01:50:17] 2026-08-19 01:50:17,758 - freqtrade.worker - INFO - Bot heartbeat. PID=22484, version='2026.6', state='RUNNING'
[2026-08-19 01:51:17] 2026-08-19 01:51:17,845 - freqtrade.worker - INFO - Bot heartbeat. PID=22484, version='2026.6', state='RUNNING'
[2026-08-19 01:52:17] 2026-08-19 01:52:17,938 - freqtrade.worker - INFO - Bot heartbeat. PID=22484, version='2026.6', state='RUNNING'
[2026-08-19 01:53:18] 2026-08-19 01:53:18,018 - freqtrade.worker - INFO - Bot heartbeat. PID=22484, version='2026.6', state='RUNNING'
[2026-08-19 01:54:18] 2026-08-19 01:54:18,090 - freqtrade.worker - INFO - Bot heartbeat. PID=22484, version='2026.6', state='RUNNING'
[2026-08-19 01:55:18] 2026-08-19 01:55:18,156 - freqtrade.worker - INFO - Bot heartbeat. PID=22484, version='2026.6', state='RUNNING'
[2026-08-19 01:56:18] 2026-08-19 01:56:18,237 - freqtrade.worker - INFO - Bot heartbeat. PID=22484, version='2026.6', state='RUNNING'
[2026-08-19 01:57:18] 2026-08-19 01:57:18,314 - freqtrade.worker - INFO - Bot heartbeat. PID=22484, version='2026.6', state='RUNNING'
[2026-08-19 01:58:18] 2026-08-19 01:58:18,392 - freqtrade.worker - INFO - Bot heartbeat. PID=22484, version='2026.6', state='RUNNING'
[2026-08-19 01:59:18] 2026-08-19 01:59:18,478 - freqtrade.worker - INFO - Bot heartbeat. PID=22484, version='2026.6', state='RUNNING'
[2026-08-19 02:00:18] 2026-08-19 02:00:18,220 - BreakoutV16GridV15QualityPfCombinedLiveParityFreqtrade - INFO - V16+Grid LIVE full context waiting: target=2026-08-18 16:00:00+00:00 ready=34/50
[2026-08-19 02:00:18] missing_or_stale=1000SHIB/USDT:USDT,ADA/USDT:USDT,AVAX/USDT:USDT,B/USDT:USDT,BCH/USDT:USDT,CRV/USDT:USDT,DASH/USDT:USDT,FIL/USDT:USDT,HBAR/USDT:USDT,ICP/USDT:USDT,JTO/USDT:USDT,OP/USDT:USDT,SIREN/USDT
[2026-08-19 02:00:18] :USDT,TRUMP/USDT:USDT,XLM/USDT:USDT,XMR/USDT:USDT
[2026-08-19 02:00:34] 2026-08-19 02:00:34,364 - BreakoutV10FGridV8DualSideFreqtrade - INFO - LIVE context synchronized: target=2026-08-18 16:00:00+00:00 pairs=50 candidates=none
[2026-08-19 02:00:34] 2026-08-19 02:00:34,459 - freqtrade.worker - INFO - Bot heartbeat. PID=22484, version='2026.6', state='RUNNING'
[2026-08-19 02:01:05] 2026-08-19 02:01:05,473 - freqtrade.wallets - INFO - Wallets synced.
[2026-08-19 02:01:34] 2026-08-19 02:01:34,552 - freqtrade.worker - INFO - Bot heartbeat. PID=22484, version='2026.6', state='RUNNING'
[2026-08-19 02:02:34] 2026-08-19 02:02:34,634 - freqtrade.worker - INFO - Bot heartbeat. PID=22484, version='2026.6', state='RUNNING'
[2026-08-19 02:03:34] 2026-08-19 02:03:34,687 - freqtrade.worker - INFO - Bot heartbeat. PID=22484, version='2026.6', state='RUNNING'
[2026-08-19 02:04:34] 2026-08-19 02:04:34,768 - freqtrade.worker - INFO - Bot heartbeat. PID=22484, version='2026.6', state='RUNNING'
[2026-08-19 02:05:34] 2026-08-19 02:05:34,873 - freqtrade.worker - INFO - Bot heartbeat. PID=22484, version='2026.6', state='RUNNING'
[2026-08-19 02:06:34] 2026-08-19 02:06:34,941 - freqtrade.worker - INFO - Bot heartbeat. PID=22484, version='2026.6', state='RUNNING'
[2026-08-19 02:07:35] 2026-08-19 02:07:35,027 - freqtrade.worker - INFO - Bot heartbeat. PID=22484, version='2026.6', state='RUNNING'
[2026-08-19 02:08:35] 2026-08-19 02:08:35,097 - freqtrade.worker - INFO - Bot heartbeat. PID=22484, version='2026.6', state='RUNNING'
[2026-08-19 02:09:35] 2026-08-19 02:09:35,170 - freqtrade.worker - INFO - Bot heartbeat. PID=22484, version='2026.6', state='RUNNING'
[2026-08-19 02:09:51] 2026-08-19 02:09:51,636 - freqtrade.plugins.pairlistmanager - INFO - Whitelist with 50 pairs: ['BTC/USDT:USDT', 'ETH/USDT:USDT', 'SOL/USDT:USDT', 'ZEC/USDT:USDT', 'HYPE/USDT:USDT', 'XRP/USDT:USDT',
[2026-08-19 02:09:51] 'DOGE/USDT:USDT', 'BNB/USDT:USDT', 'SIREN/USDT:USDT', '1000PEPE/USDT:USDT', 'TAO/USDT:USDT', 'NEAR/USDT:USDT', 'WLD/USDT:USDT', 'SUI/USDT:USDT', 'ADA/USDT:USDT', 'SEI/USDT:USDT', 'AVAX/USDT:USDT',
[2026-08-19 02:09:51] 'ENA/USDT:USDT', 'LINK/USDT:USDT', 'FIL/USDT:USDT', 'XLM/USDT:USDT', 'BCH/USDT:USDT', 'ONDO/USDT:USDT', 'TRUMP/USDT:USDT', 'AAVE/USDT:USDT', 'DOT/USDT:USDT', 'PENGU/USDT:USDT', 'LTC/USDT:USDT',
[2026-08-19 02:09:51] 'TRX/USDT:USDT', 'FET/USDT:USDT', 'UNI/USDT:USDT', 'INJ/USDT:USDT', 'DASH/USDT:USDT', 'B/USDT:USDT', 'ARB/USDT:USDT', '1000SHIB/USDT:USDT', 'APE/USDT:USDT', 'XMR/USDT:USDT', 'APT/USDT:USDT',
[2026-08-19 02:09:51] 'WIF/USDT:USDT', 'ICP/USDT:USDT', 'ETC/USDT:USDT', 'VIRTUAL/USDT:USDT', 'HBAR/USDT:USDT', 'RENDER/USDT:USDT', 'CRV/USDT:USDT', 'JTO/USDT:USDT', 'OP/USDT:USDT', 'CHZ/USDT:USDT', '1000BONK/USDT:USDT']
[2026-08-19 02:10:35] 2026-08-19 02:10:35,261 - freqtrade.worker - INFO - Bot heartbeat. PID=22484, version='2026.6', state='RUNNING'
[2026-08-19 02:11:35] 2026-08-19 02:11:35,361 - freqtrade.worker - INFO - Bot heartbeat. PID=22484, version='2026.6', state='RUNNING'
[2026-08-19 02:12:35] 2026-08-19 02:12:35,443 - freqtrade.worker - INFO - Bot heartbeat. PID=22484, version='2026.6', state='RUNNING'
[2026-08-19 02:13:35] 2026-08-19 02:13:35,536 - freqtrade.worker - INFO - Bot heartbeat. PID=22484, version='2026.6', state='RUNNING'
[2026-08-19 02:14:35] 2026-08-19 02:14:35,623 - freqtrade.worker - INFO - Bot heartbeat. PID=22484, version='2026.6', state='RUNNING'
[2026-08-19 02:15:38] 2026-08-19 02:15:38,063 - freqtrade.worker - INFO - Bot heartbeat. PID=22484, version='2026.6', state='RUNNING'
[2026-08-19 02:16:38] 2026-08-19 02:16:38,143 - freqtrade.worker - INFO - Bot heartbeat. PID=22484, version='2026.6', state='RUNNING'
[2026-08-19 02:17:38] 2026-08-19 02:17:38,230 - freqtrade.worker - INFO - Bot heartbeat. PID=22484, version='2026.6', state='RUNNING'
[2026-08-19 02:18:38] 2026-08-19 02:18:38,319 - freqtrade.worker - INFO - Bot heartbeat. PID=22484, version='2026.6', state='RUNNING'
[2026-08-19 02:19:38] 2026-08-19 02:19:38,405 - freqtrade.worker - INFO - Bot heartbeat. PID=22484, version='2026.6', state='RUNNING'
[2026-08-19 02:20:38] 2026-08-19 02:20:38,496 - freqtrade.worker - INFO - Bot heartbeat. PID=22484, version='2026.6', state='RUNNING'
[2026-08-19 02:21:38] 2026-08-19 02:21:38,595 - freqtrade.worker - INFO - Bot heartbeat. PID=22484, version='2026.6', state='RUNNING'
[2026-08-19 02:22:38] 2026-08-19 02:22:38,690 - freqtrade.worker - INFO - Bot heartbeat. PID=22484, version='2026.6', state='RUNNING'
[2026-08-19 02:23:38] 2026-08-19 02:23:38,770 - freqtrade.worker - INFO - Bot heartbeat. PID=22484, version='2026.6', state='RUNNING'
[2026-08-19 02:24:38] 2026-08-19 02:24:38,853 - freqtrade.worker - INFO - Bot heartbeat. PID=22484, version='2026.6', state='RUNNING'
[2026-08-19 02:25:38] 2026-08-19 02:25:38,941 - freqtrade.worker - INFO - Bot heartbeat. PID=22484, version='2026.6', state='RUNNING'
[2026-08-19 02:26:39] 2026-08-19 02:26:39,027 - freqtrade.worker - INFO - Bot heartbeat. PID=22484, version='2026.6', state='RUNNING'
[2026-08-19 02:27:39] 2026-08-19 02:27:39,107 - freqtrade.worker - INFO - Bot heartbeat. PID=22484, version='2026.6', state='RUNNING'
[2026-08-19 02:28:39] 2026-08-19 02:28:39,184 - freqtrade.worker - INFO - Bot heartbeat. PID=22484, version='2026.6', state='RUNNING'
[2026-08-19 02:29:39] 2026-08-19 02:29:39,269 - freqtrade.worker - INFO - Bot heartbeat. PID=22484, version='2026.6', state='RUNNING'
[2026-08-19 02:30:40] 2026-08-19 02:30:40,961 - freqtrade.worker - INFO - Bot heartbeat. PID=22484, version='2026.6', state='RUNNING'
[2026-08-19 02:31:07] 2026-08-19 02:31:07,160 - freqtrade.wallets - INFO - Wallets synced.
[2026-08-19 02:31:41] 2026-08-19 02:31:41,055 - freqtrade.worker - INFO - Bot heartbeat. PID=22484, version='2026.6', state='RUNNING'
[2026-08-19 02:32:41] 2026-08-19 02:32:41,136 - freqtrade.worker - INFO - Bot heartbeat. PID=22484, version='2026.6', state='RUNNING'
[2026-08-19 02:33:41] 2026-08-19 02:33:41,221 - freqtrade.worker - INFO - Bot heartbeat. PID=22484, version='2026.6', state='RUNNING'
[2026-08-19 02:34:41] 2026-08-19 02:34:41,307 - freqtrade.worker - INFO - Bot heartbeat. PID=22484, version='2026.6', state='RUNNING'
[2026-08-19 02:35:41] 2026-08-19 02:35:41,390 - freqtrade.worker - INFO - Bot heartbeat. PID=22484, version='2026.6', state='RUNNING'
[2026-08-19 02:36:41] 2026-08-19 02:36:41,478 - freqtrade.worker - INFO - Bot heartbeat. PID=22484, version='2026.6', state='RUNNING'
[2026-08-19 02:37:41] 2026-08-19 02:37:41,573 - freqtrade.worker - INFO - Bot heartbeat. PID=22484, version='2026.6', state='RUNNING'
[2026-08-19 02:38:41] 2026-08-19 02:38:41,666 - freqtrade.worker - INFO - Bot heartbeat. PID=22484, version='2026.6', state='RUNNING'
[2026-08-19 02:39:41] 2026-08-19 02:39:41,741 - freqtrade.worker - INFO - Bot heartbeat. PID=22484, version='2026.6', state='RUNNING'
[2026-08-19 02:40:46] 2026-08-19 02:40:46,745 - freqtrade.worker - INFO - Bot heartbeat. PID=22484, version='2026.6', state='RUNNING'
[2026-08-19 02:41:46] 2026-08-19 02:41:46,843 - freqtrade.worker - INFO - Bot heartbeat. PID=22484, version='2026.6', state='RUNNING'
[2026-08-19 02:42:46] 2026-08-19 02:42:46,918 - freqtrade.worker - INFO - Bot heartbeat. PID=22484, version='2026.6', state='RUNNING'
[2026-08-19 02:43:47] 2026-08-19 02:43:47,002 - freqtrade.worker - INFO - Bot heartbeat. PID=22484, version='2026.6', state='RUNNING'
[2026-08-19 02:44:47] 2026-08-19 02:44:47,088 - freqtrade.worker - INFO - Bot heartbeat. PID=22484, version='2026.6', state='RUNNING'
[2026-08-19 02:45:48] 2026-08-19 02:45:48,769 - freqtrade.worker - INFO - Bot heartbeat. PID=22484, version='2026.6', state='RUNNING'
[2026-08-19 02:46:48] 2026-08-19 02:46:48,856 - freqtrade.worker - INFO - Bot heartbeat. PID=22484, version='2026.6', state='RUNNING'
[2026-08-19 02:47:48] 2026-08-19 02:47:48,946 - freqtrade.worker - INFO - Bot heartbeat. PID=22484, version='2026.6', state='RUNNING'
[2026-08-19 02:48:49] 2026-08-19 02:48:49,027 - freqtrade.worker - INFO - Bot heartbeat. PID=22484, version='2026.6', state='RUNNING'
[2026-08-19 02:49:49] 2026-08-19 02:49:49,115 - freqtrade.worker - INFO - Bot heartbeat. PID=22484, version='2026.6', state='RUNNING'
[2026-08-19 02:50:49] 2026-08-19 02:50:49,204 - freqtrade.worker - INFO - Bot heartbeat. PID=22484, version='2026.6', state='RUNNING'
[2026-08-19 02:51:49] 2026-08-19 02:51:49,285 - freqtrade.worker - INFO - Bot heartbeat. PID=22484, version='2026.6', state='RUNNING'
[2026-08-19 02:52:49] 2026-08-19 02:52:49,370 - freqtrade.worker - INFO - Bot heartbeat. PID=22484, version='2026.6', state='RUNNING'
[2026-08-19 02:53:49] 2026-08-19 02:53:49,469 - freqtrade.worker - INFO - Bot heartbeat. PID=22484, version='2026.6', state='RUNNING'
[2026-08-19 02:54:52] 2026-08-19 02:54:52,369 - freqtrade.worker - INFO - Bot heartbeat. PID=22484, version='2026.6', state='RUNNING'
[2026-08-19 02:55:52] 2026-08-19 02:55:52,473 - freqtrade.worker - INFO - Bot heartbeat. PID=22484, version='2026.6', state='RUNNING'
[2026-08-19 02:56:52] 2026-08-19 02:56:52,548 - freqtrade.worker - INFO - Bot heartbeat. PID=22484, version='2026.6', state='RUNNING'
[2026-08-19 02:57:52] 2026-08-19 02:57:52,642 - freqtrade.worker - INFO - Bot heartbeat. PID=22484, version='2026.6', state='RUNNING'
[2026-08-19 02:58:52] 2026-08-19 02:58:52,734 - freqtrade.worker - INFO - Bot heartbeat. PID=22484, version='2026.6', state='RUNNING'
[2026-08-19 02:59:52] 2026-08-19 02:59:52,825 - freqtrade.worker - INFO - Bot heartbeat. PID=22484, version='2026.6', state='RUNNING'
[2026-08-19 03:00:18] 2026-08-19 03:00:18,742 - BreakoutV16GridV15QualityPfCombinedLiveParityFreqtrade - INFO - V16+Grid LIVE full context waiting: target=2026-08-18 17:00:00+00:00 ready=37/50
[2026-08-19 03:00:18] missing_or_stale=1000SHIB/USDT:USDT,AAVE/USDT:USDT,B/USDT:USDT,BCH/USDT:USDT,CRV/USDT:USDT,FIL/USDT:USDT,HBAR/USDT:USDT,ICP/USDT:USDT,JTO/USDT:USDT,PENGU/USDT:USDT,SOL/USDT:USDT,TAO/USDT:USDT,XMR/USDT
[2026-08-19 03:00:18] :USDT
[2026-08-19 03:00:32] 2026-08-19 03:00:32,421 - BreakoutV10FGridV8DualSideFreqtrade - INFO - LIVE context synchronized: target=2026-08-18 17:00:00+00:00 pairs=50 candidates=none
[2026-08-19 03:00:57] 2026-08-19 03:00:57,544 - freqtrade.worker - INFO - Bot heartbeat. PID=22484, version='2026.6', state='RUNNING'
[2026-08-19 03:01:04] 2026-08-19 03:01:03,964 - freqtrade.wallets - INFO - Wallets synced.
[2026-08-19 03:01:57] 2026-08-19 03:01:57,625 - freqtrade.worker - INFO - Bot heartbeat. PID=22484, version='2026.6', state='RUNNING'
[2026-08-19 03:02:57] 2026-08-19 03:02:57,705 - freqtrade.worker - INFO - Bot heartbeat. PID=22484, version='2026.6', state='RUNNING'
[2026-08-19 03:03:57] 2026-08-19 03:03:57,804 - freqtrade.worker - INFO - Bot heartbeat. PID=22484, version='2026.6', state='RUNNING'
[2026-08-19 03:04:58] 2026-08-19 03:04:57,899 - freqtrade.worker - INFO - Bot heartbeat. PID=22484, version='2026.6', state='RUNNING'
[2026-08-19 03:05:58] 2026-08-19 03:05:57,991 - freqtrade.worker - INFO - Bot heartbeat. PID=22484, version='2026.6', state='RUNNING'
[2026-08-19 03:06:58] 2026-08-19 03:06:58,068 - freqtrade.worker - INFO - Bot heartbeat. PID=22484, version='2026.6', state='RUNNING'
[2026-08-19 03:07:58] 2026-08-19 03:07:58,149 - freqtrade.worker - INFO - Bot heartbeat. PID=22484, version='2026.6', state='RUNNING'
[2026-08-19 03:08:58] 2026-08-19 03:08:58,212 - freqtrade.worker - INFO - Bot heartbeat. PID=22484, version='2026.6', state='RUNNING'
[2026-08-19 03:09:57] 2026-08-19 03:09:57,199 - freqtrade.plugins.pairlistmanager - INFO - Whitelist with 50 pairs: ['BTC/USDT:USDT', 'ETH/USDT:USDT', 'SOL/USDT:USDT', 'ZEC/USDT:USDT', 'HYPE/USDT:USDT', 'XRP/USDT:USDT',
[2026-08-19 03:09:57] 'DOGE/USDT:USDT', 'BNB/USDT:USDT', 'SIREN/USDT:USDT', '1000PEPE/USDT:USDT', 'TAO/USDT:USDT', 'NEAR/USDT:USDT', 'WLD/USDT:USDT', 'SUI/USDT:USDT', 'ADA/USDT:USDT', 'SEI/USDT:USDT', 'AVAX/USDT:USDT',
[2026-08-19 03:09:57] 'ENA/USDT:USDT', 'LINK/USDT:USDT', 'FIL/USDT:USDT', 'XLM/USDT:USDT', 'BCH/USDT:USDT', 'ONDO/USDT:USDT', 'TRUMP/USDT:USDT', 'AAVE/USDT:USDT', 'DOT/USDT:USDT', 'PENGU/USDT:USDT', 'LTC/USDT:USDT',
[2026-08-19 03:09:57] 'TRX/USDT:USDT', 'FET/USDT:USDT', 'UNI/USDT:USDT', 'INJ/USDT:USDT', 'DASH/USDT:USDT', 'B/USDT:USDT', 'ARB/USDT:USDT', '1000SHIB/USDT:USDT', 'APE/USDT:USDT', 'XMR/USDT:USDT', 'APT/USDT:USDT',
[2026-08-19 03:09:57] 'WIF/USDT:USDT', 'ICP/USDT:USDT', 'ETC/USDT:USDT', 'VIRTUAL/USDT:USDT', 'HBAR/USDT:USDT', 'RENDER/USDT:USDT', 'CRV/USDT:USDT', 'JTO/USDT:USDT', 'OP/USDT:USDT', 'CHZ/USDT:USDT', '1000BONK/USDT:USDT']
[2026-08-19 03:10:00] 2026-08-19 03:10:00,449 - freqtrade.worker - INFO - Bot heartbeat. PID=22484, version='2026.6', state='RUNNING'
[2026-08-19 03:11:00] 2026-08-19 03:11:00,551 - freqtrade.worker - INFO - Bot heartbeat. PID=22484, version='2026.6', state='RUNNING'
[2026-08-19 03:12:00] 2026-08-19 03:12:00,649 - freqtrade.worker - INFO - Bot heartbeat. PID=22484, version='2026.6', state='RUNNING'
[2026-08-19 03:13:00] 2026-08-19 03:13:00,739 - freqtrade.worker - INFO - Bot heartbeat. PID=22484, version='2026.6', state='RUNNING'
[2026-08-19 03:14:00] 2026-08-19 03:14:00,820 - freqtrade.worker - INFO - Bot heartbeat. PID=22484, version='2026.6', state='RUNNING'
[2026-08-19 03:15:00] 2026-08-19 03:15:00,919 - freqtrade.worker - INFO - Bot heartbeat. PID=22484, version='2026.6', state='RUNNING'
[2026-08-19 03:16:02] 2026-08-19 03:16:02,573 - freqtrade.worker - INFO - Bot heartbeat. PID=22484, version='2026.6', state='RUNNING'
[2026-08-19 03:17:02] 2026-08-19 03:17:02,647 - freqtrade.worker - INFO - Bot heartbeat. PID=22484, version='2026.6', state='RUNNING'
[2026-08-19 03:18:02] 2026-08-19 03:18:02,733 - freqtrade.worker - INFO - Bot heartbeat. PID=22484, version='2026.6', state='RUNNING'
[2026-08-19 03:19:02] 2026-08-19 03:19:02,816 - freqtrade.worker - INFO - Bot heartbeat. PID=22484, version='2026.6', state='RUNNING'
[2026-08-19 03:20:02] 2026-08-19 03:20:02,893 - freqtrade.worker - INFO - Bot heartbeat. PID=22484, version='2026.6', state='RUNNING'
[2026-08-19 03:21:03] 2026-08-19 03:21:02,993 - freqtrade.worker - INFO - Bot heartbeat. PID=22484, version='2026.6', state='RUNNING'
[2026-08-19 03:22:03] 2026-08-19 03:22:03,061 - freqtrade.worker - INFO - Bot heartbeat. PID=22484, version='2026.6', state='RUNNING'
[2026-08-19 03:23:03] 2026-08-19 03:23:03,154 - freqtrade.worker - INFO - Bot heartbeat. PID=22484, version='2026.6', state='RUNNING'
[2026-08-19 03:24:03] 2026-08-19 03:24:03,257 - freqtrade.worker - INFO - Bot heartbeat. PID=22484, version='2026.6', state='RUNNING'
[2026-08-19 03:25:03] 2026-08-19 03:25:03,331 - freqtrade.worker - INFO - Bot heartbeat. PID=22484, version='2026.6', state='RUNNING'
[2026-08-19 03:26:03] 2026-08-19 03:26:03,396 - freqtrade.worker - INFO - Bot heartbeat. PID=22484, version='2026.6', state='RUNNING'
[2026-08-19 03:27:03] 2026-08-19 03:27:03,495 - freqtrade.worker - INFO - Bot heartbeat. PID=22484, version='2026.6', state='RUNNING'
[2026-08-19 03:28:03] 2026-08-19 03:28:03,583 - freqtrade.worker - INFO - Bot heartbeat. PID=22484, version='2026.6', state='RUNNING'
[2026-08-19 03:29:03] 2026-08-19 03:29:03,675 - freqtrade.worker - INFO - Bot heartbeat. PID=22484, version='2026.6', state='RUNNING'
[2026-08-19 03:30:03] 2026-08-19 03:30:03,764 - freqtrade.worker - INFO - Bot heartbeat. PID=22484, version='2026.6', state='RUNNING'
[2026-08-19 03:31:05] 2026-08-19 03:31:05,439 - freqtrade.worker - INFO - Bot heartbeat. PID=22484, version='2026.6', state='RUNNING'
[2026-08-19 03:31:06] 2026-08-19 03:31:06,670 - freqtrade.wallets - INFO - Wallets synced.
[2026-08-19 03:32:05] 2026-08-19 03:32:05,515 - freqtrade.worker - INFO - Bot heartbeat. PID=22484, version='2026.6', state='RUNNING'
[2026-08-19 03:33:05] 2026-08-19 03:33:05,596 - freqtrade.worker - INFO - Bot heartbeat. PID=22484, version='2026.6', state='RUNNING'
[2026-08-19 03:34:05] 2026-08-19 03:34:05,690 - freqtrade.worker - INFO - Bot heartbeat. PID=22484, version='2026.6', state='RUNNING'
[2026-08-19 03:35:05] 2026-08-19 03:35:05,763 - freqtrade.worker - INFO - Bot heartbeat. PID=22484, version='2026.6', state='RUNNING'
[2026-08-19 03:36:05] 2026-08-19 03:36:05,841 - freqtrade.worker - INFO - Bot heartbeat. PID=22484, version='2026.6', state='RUNNING'
[2026-08-19 03:37:05] 2026-08-19 03:37:05,928 - freqtrade.worker - INFO - Bot heartbeat. PID=22484, version='2026.6', state='RUNNING'
[2026-08-19 03:38:06] 2026-08-19 03:38:06,030 - freqtrade.worker - INFO - Bot heartbeat. PID=22484, version='2026.6', state='RUNNING'
[2026-08-19 03:39:06] 2026-08-19 03:39:06,132 - freqtrade.worker - INFO - Bot heartbeat. PID=22484, version='2026.6', state='RUNNING'
[2026-08-19 03:40:06] 2026-08-19 03:40:06,198 - freqtrade.worker - INFO - Bot heartbeat. PID=22484, version='2026.6', state='RUNNING'
[2026-08-19 03:41:06] 2026-08-19 03:41:06,257 - freqtrade.worker - INFO - Bot heartbeat. PID=22484, version='2026.6', state='RUNNING'
[2026-08-19 03:42:06] 2026-08-19 03:42:06,350 - freqtrade.worker - INFO - Bot heartbeat. PID=22484, version='2026.6', state='RUNNING'
[2026-08-19 03:43:06] 2026-08-19 03:43:06,452 - freqtrade.worker - INFO - Bot heartbeat. PID=22484, version='2026.6', state='RUNNING'
[2026-08-19 03:44:06] 2026-08-19 03:44:06,543 - freqtrade.worker - INFO - Bot heartbeat. PID=22484, version='2026.6', state='RUNNING'
[2026-08-19 03:45:08] 2026-08-19 03:45:08,307 - freqtrade.worker - INFO - Bot heartbeat. PID=22484, version='2026.6', state='RUNNING'
[2026-08-19 03:46:08] 2026-08-19 03:46:08,381 - freqtrade.worker - INFO - Bot heartbeat. PID=22484, version='2026.6', state='RUNNING'
[2026-08-19 03:47:08] 2026-08-19 03:47:08,471 - freqtrade.worker - INFO - Bot heartbeat. PID=22484, version='2026.6', state='RUNNING'
[2026-08-19 03:48:08] 2026-08-19 03:48:08,561 - freqtrade.worker - INFO - Bot heartbeat. PID=22484, version='2026.6', state='RUNNING'
[2026-08-19 03:49:08] 2026-08-19 03:49:08,657 - freqtrade.worker - INFO - Bot heartbeat. PID=22484, version='2026.6', state='RUNNING'
[2026-08-19 03:50:08] 2026-08-19 03:50:08,753 - freqtrade.worker - INFO - Bot heartbeat. PID=22484, version='2026.6', state='RUNNING'
[2026-08-19 03:51:08] 2026-08-19 03:51:08,831 - freqtrade.worker - INFO - Bot heartbeat. PID=22484, version='2026.6', state='RUNNING'
[2026-08-19 03:52:08] 2026-08-19 03:52:08,902 - freqtrade.worker - INFO - Bot heartbeat. PID=22484, version='2026.6', state='RUNNING'
[2026-08-19 03:53:09] 2026-08-19 03:53:08,992 - freqtrade.worker - INFO - Bot heartbeat. PID=22484, version='2026.6', state='RUNNING'
[2026-08-19 03:54:09] 2026-08-19 03:54:09,067 - freqtrade.worker - INFO - Bot heartbeat. PID=22484, version='2026.6', state='RUNNING'
[2026-08-19 03:55:09] 2026-08-19 03:55:09,130 - freqtrade.worker - INFO - Bot heartbeat. PID=22484, version='2026.6', state='RUNNING'
[2026-08-19 03:56:09] 2026-08-19 03:56:09,212 - freqtrade.worker - INFO - Bot heartbeat. PID=22484, version='2026.6', state='RUNNING'
[2026-08-19 03:57:09] 2026-08-19 03:57:09,293 - freqtrade.worker - INFO - Bot heartbeat. PID=22484, version='2026.6', state='RUNNING'
[2026-08-19 03:58:09] 2026-08-19 03:58:09,375 - freqtrade.worker - INFO - Bot heartbeat. PID=22484, version='2026.6', state='RUNNING'
[2026-08-19 03:59:09] 2026-08-19 03:59:09,455 - freqtrade.worker - INFO - Bot heartbeat. PID=22484, version='2026.6', state='RUNNING'
[2026-08-19 04:00:24] 2026-08-19 04:00:24,033 - BreakoutV16GridV15QualityPfCombinedLiveParityFreqtrade - INFO - V16+Grid LIVE full context waiting: target=2026-08-18 18:00:00+00:00 ready=47/50
[2026-08-19 04:00:24] missing_or_stale=B/USDT:USDT,BCH/USDT:USDT,SOL/USDT:USDT
[2026-08-19 04:00:24] 2026-08-19 04:00:24,133 - freqtrade.worker - INFO - Bot heartbeat. PID=22484, version='2026.6', state='RUNNING'
[2026-08-19 04:00:34] 2026-08-19 04:00:34,735 - BreakoutV10FGridV8DualSideFreqtrade - INFO - LIVE context synchronized: target=2026-08-18 18:00:00+00:00 pairs=50 candidates=none
[2026-08-19 04:01:06] 2026-08-19 04:01:06,136 - freqtrade.wallets - INFO - Wallets synced.
[2026-08-19 04:01:24] 2026-08-19 04:01:24,899 - freqtrade.worker - INFO - Bot heartbeat. PID=22484, version='2026.6', state='RUNNING'
[2026-08-19 04:02:25] 2026-08-19 04:02:24,985 - freqtrade.worker - INFO - Bot heartbeat. PID=22484, version='2026.6', state='RUNNING'
[2026-08-19 04:03:25] 2026-08-19 04:03:25,074 - freqtrade.worker - INFO - Bot heartbeat. PID=22484, version='2026.6', state='RUNNING'
[2026-08-19 04:04:25] 2026-08-19 04:04:25,166 - freqtrade.worker - INFO - Bot heartbeat. PID=22484, version='2026.6', state='RUNNING'
[2026-08-19 04:05:25] 2026-08-19 04:05:25,265 - freqtrade.worker - INFO - Bot heartbeat. PID=22484, version='2026.6', state='RUNNING'
[2026-08-19 04:06:25] 2026-08-19 04:06:25,369 - freqtrade.worker - INFO - Bot heartbeat. PID=22484, version='2026.6', state='RUNNING'
[2026-08-19 04:07:25] 2026-08-19 04:07:25,464 - freqtrade.worker - INFO - Bot heartbeat. PID=22484, version='2026.6', state='RUNNING'
[2026-08-19 04:08:25] 2026-08-19 04:08:25,548 - freqtrade.worker - INFO - Bot heartbeat. PID=22484, version='2026.6', state='RUNNING'
[2026-08-19 04:09:25] 2026-08-19 04:09:25,637 - freqtrade.worker - INFO - Bot heartbeat. PID=22484, version='2026.6', state='RUNNING'
[2026-08-19 04:10:03] 2026-08-19 04:10:03,483 - freqtrade.plugins.pairlistmanager - INFO - Whitelist with 50 pairs: ['BTC/USDT:USDT', 'ETH/USDT:USDT', 'SOL/USDT:USDT', 'ZEC/USDT:USDT', 'HYPE/USDT:USDT', 'XRP/USDT:USDT',
[2026-08-19 04:10:03] 'DOGE/USDT:USDT', 'BNB/USDT:USDT', 'SIREN/USDT:USDT', '1000PEPE/USDT:USDT', 'TAO/USDT:USDT', 'NEAR/USDT:USDT', 'WLD/USDT:USDT', 'SUI/USDT:USDT', 'ADA/USDT:USDT', 'SEI/USDT:USDT', 'AVAX/USDT:USDT',
[2026-08-19 04:10:03] 'ENA/USDT:USDT', 'LINK/USDT:USDT', 'FIL/USDT:USDT', 'XLM/USDT:USDT', 'BCH/USDT:USDT', 'ONDO/USDT:USDT', 'TRUMP/USDT:USDT', 'AAVE/USDT:USDT', 'DOT/USDT:USDT', 'PENGU/USDT:USDT', 'LTC/USDT:USDT',
[2026-08-19 04:10:03] 'TRX/USDT:USDT', 'FET/USDT:USDT', 'UNI/USDT:USDT', 'INJ/USDT:USDT', 'DASH/USDT:USDT', 'B/USDT:USDT', 'ARB/USDT:USDT', '1000SHIB/USDT:USDT', 'APE/USDT:USDT', 'XMR/USDT:USDT', 'APT/USDT:USDT',
[2026-08-19 04:10:03] 'WIF/USDT:USDT', 'ICP/USDT:USDT', 'ETC/USDT:USDT', 'VIRTUAL/USDT:USDT', 'HBAR/USDT:USDT', 'RENDER/USDT:USDT', 'CRV/USDT:USDT', 'JTO/USDT:USDT', 'OP/USDT:USDT', 'CHZ/USDT:USDT', '1000BONK/USDT:USDT']
[2026-08-19 04:10:25] 2026-08-19 04:10:25,726 - freqtrade.worker - INFO - Bot heartbeat. PID=22484, version='2026.6', state='RUNNING'
[2026-08-19 04:11:25] 2026-08-19 04:11:25,819 - freqtrade.worker - INFO - Bot heartbeat. PID=22484, version='2026.6', state='RUNNING'
[2026-08-19 04:12:25] 2026-08-19 04:12:25,911 - freqtrade.worker - INFO - Bot heartbeat. PID=22484, version='2026.6', state='RUNNING'
[2026-08-19 04:13:26] 2026-08-19 04:13:25,999 - freqtrade.worker - INFO - Bot heartbeat. PID=22484, version='2026.6', state='RUNNING'
[2026-08-19 04:14:26] 2026-08-19 04:14:26,088 - freqtrade.worker - INFO - Bot heartbeat. PID=22484, version='2026.6', state='RUNNING'
[2026-08-19 04:15:28] 2026-08-19 04:15:27,945 - freqtrade.worker - INFO - Bot heartbeat. PID=22484, version='2026.6', state='RUNNING'
[2026-08-19 04:16:28] 2026-08-19 04:16:28,022 - freqtrade.worker - INFO - Bot heartbeat. PID=22484, version='2026.6', state='RUNNING'
[2026-08-19 04:17:28] 2026-08-19 04:17:28,105 - freqtrade.worker - INFO - Bot heartbeat. PID=22484, version='2026.6', state='RUNNING'
[2026-08-19 04:18:28] 2026-08-19 04:18:28,182 - freqtrade.worker - INFO - Bot heartbeat. PID=22484, version='2026.6', state='RUNNING'
[2026-08-19 04:19:28] 2026-08-19 04:19:28,265 - freqtrade.worker - INFO - Bot heartbeat. PID=22484, version='2026.6', state='RUNNING'
[2026-08-19 04:20:28] 2026-08-19 04:20:28,363 - freqtrade.worker - INFO - Bot heartbeat. PID=22484, version='2026.6', state='RUNNING'
[2026-08-19 04:21:28] 2026-08-19 04:21:28,448 - freqtrade.worker - INFO - Bot heartbeat. PID=22484, version='2026.6', state='RUNNING'
[2026-08-19 04:22:28] 2026-08-19 04:22:28,533 - freqtrade.worker - INFO - Bot heartbeat. PID=22484, version='2026.6', state='RUNNING'
[2026-08-19 04:23:28] 2026-08-19 04:23:28,622 - freqtrade.worker - INFO - Bot heartbeat. PID=22484, version='2026.6', state='RUNNING'
[2026-08-19 04:24:28] 2026-08-19 04:24:28,695 - freqtrade.worker - INFO - Bot heartbeat. PID=22484, version='2026.6', state='RUNNING'
[2026-08-19 04:25:28] 2026-08-19 04:25:28,767 - freqtrade.worker - INFO - Bot heartbeat. PID=22484, version='2026.6', state='RUNNING'
[2026-08-19 04:26:28] 2026-08-19 04:26:28,852 - freqtrade.worker - INFO - Bot heartbeat. PID=22484, version='2026.6', state='RUNNING'
[2026-08-19 04:27:28] 2026-08-19 04:27:28,951 - freqtrade.worker - INFO - Bot heartbeat. PID=22484, version='2026.6', state='RUNNING'
[2026-08-19 04:28:29] 2026-08-19 04:28:29,041 - freqtrade.worker - INFO - Bot heartbeat. PID=22484, version='2026.6', state='RUNNING'
[2026-08-19 04:29:29] 2026-08-19 04:29:29,128 - freqtrade.worker - INFO - Bot heartbeat. PID=22484, version='2026.6', state='RUNNING'
[2026-08-19 04:30:30] 2026-08-19 04:30:30,809 - freqtrade.worker - INFO - Bot heartbeat. PID=22484, version='2026.6', state='RUNNING'
[2026-08-19 04:31:07] 2026-08-19 04:31:07,185 - freqtrade.wallets - INFO - Wallets synced.
[2026-08-19 04:31:30] 2026-08-19 04:31:30,880 - freqtrade.worker - INFO - Bot heartbeat. PID=22484, version='2026.6', state='RUNNING'
[2026-08-19 04:32:30] 2026-08-19 04:32:30,880 - freqtrade.worker - INFO - Bot heartbeat. PID=22484, version='2026.6', state='RUNNING'
[2026-08-19 04:33:31] 2026-08-19 04:33:30,969 - freqtrade.worker - INFO - Bot heartbeat. PID=22484, version='2026.6', state='RUNNING'
[2026-08-19 04:34:31] 2026-08-19 04:34:31,052 - freqtrade.worker - INFO - Bot heartbeat. PID=22484, version='2026.6', state='RUNNING'
[2026-08-19 04:35:31] 2026-08-19 04:35:31,129 - freqtrade.worker - INFO - Bot heartbeat. PID=22484, version='2026.6', state='RUNNING'
[2026-08-19 04:36:31] 2026-08-19 04:36:31,230 - freqtrade.worker - INFO - Bot heartbeat. PID=22484, version='2026.6', state='RUNNING'
[2026-08-19 04:37:31] 2026-08-19 04:37:31,301 - freqtrade.worker - INFO - Bot heartbeat. PID=22484, version='2026.6', state='RUNNING'
[2026-08-19 04:38:31] 2026-08-19 04:38:31,391 - freqtrade.worker - INFO - Bot heartbeat. PID=22484, version='2026.6', state='RUNNING'
[2026-08-19 04:39:31] 2026-08-19 04:39:31,460 - freqtrade.worker - INFO - Bot heartbeat. PID=22484, version='2026.6', state='RUNNING'
[2026-08-19 04:40:31] 2026-08-19 04:40:31,545 - freqtrade.worker - INFO - Bot heartbeat. PID=22484, version='2026.6', state='RUNNING'
[2026-08-19 04:41:31] 2026-08-19 04:41:31,633 - freqtrade.worker - INFO - Bot heartbeat. PID=22484, version='2026.6', state='RUNNING'
[2026-08-19 04:42:31] 2026-08-19 04:42:31,711 - freqtrade.worker - INFO - Bot heartbeat. PID=22484, version='2026.6', state='RUNNING'
[2026-08-19 04:43:31] 2026-08-19 04:43:31,789 - freqtrade.worker - INFO - Bot heartbeat. PID=22484, version='2026.6', state='RUNNING'
[2026-08-19 04:44:31] 2026-08-19 04:44:31,880 - freqtrade.worker - INFO - Bot heartbeat. PID=22484, version='2026.6', state='RUNNING'
[2026-08-19 04:45:33] 2026-08-19 04:45:33,548 - freqtrade.worker - INFO - Bot heartbeat. PID=22484, version='2026.6', state='RUNNING'
[2026-08-19 04:46:33] 2026-08-19 04:46:33,616 - freqtrade.worker - INFO - Bot heartbeat. PID=22484, version='2026.6', state='RUNNING'
[2026-08-19 04:47:33] 2026-08-19 04:47:33,754 - freqtrade.worker - INFO - Bot heartbeat. PID=22484, version='2026.6', state='RUNNING'
[2026-08-19 04:48:33] 2026-08-19 04:48:33,833 - freqtrade.worker - INFO - Bot heartbeat. PID=22484, version='2026.6', state='RUNNING'
[2026-08-19 04:49:33] 2026-08-19 04:49:33,920 - freqtrade.worker - INFO - Bot heartbeat. PID=22484, version='2026.6', state='RUNNING'
[2026-08-19 04:50:34] 2026-08-19 04:50:34,002 - freqtrade.worker - INFO - Bot heartbeat. PID=22484, version='2026.6', state='RUNNING'
[2026-08-19 04:51:34] 2026-08-19 04:51:34,083 - freqtrade.worker - INFO - Bot heartbeat. PID=22484, version='2026.6', state='RUNNING'
[2026-08-19 04:52:34] 2026-08-19 04:52:34,168 - freqtrade.worker - INFO - Bot heartbeat. PID=22484, version='2026.6', state='RUNNING'
[2026-08-19 04:53:34] 2026-08-19 04:53:34,271 - freqtrade.worker - INFO - Bot heartbeat. PID=22484, version='2026.6', state='RUNNING'
[2026-08-19 04:54:34] 2026-08-19 04:54:34,375 - freqtrade.worker - INFO - Bot heartbeat. PID=22484, version='2026.6', state='RUNNING'
[2026-08-19 04:55:34] 2026-08-19 04:55:34,478 - freqtrade.worker - INFO - Bot heartbeat. PID=22484, version='2026.6', state='RUNNING'
[2026-08-19 04:56:34] 2026-08-19 04:56:34,592 - freqtrade.worker - INFO - Bot heartbeat. PID=22484, version='2026.6', state='RUNNING'
[2026-08-19 04:57:34] 2026-08-19 04:57:34,685 - freqtrade.worker - INFO - Bot heartbeat. PID=22484, version='2026.6', state='RUNNING'
[2026-08-19 04:58:34] 2026-08-19 04:58:34,769 - freqtrade.worker - INFO - Bot heartbeat. PID=22484, version='2026.6', state='RUNNING'
[2026-08-19 04:59:34] 2026-08-19 04:59:34,825 - freqtrade.worker - INFO - Bot heartbeat. PID=22484, version='2026.6', state='RUNNING'
[2026-08-19 05:00:24] 2026-08-19 05:00:24,312 - BreakoutV16GridV15QualityPfCombinedLiveParityFreqtrade - INFO - V16+Grid LIVE full context waiting: target=2026-08-18 19:00:00+00:00 ready=48/50
[2026-08-19 05:00:24] missing_or_stale=CRV/USDT:USDT,HBAR/USDT:USDT
[2026-08-19 05:00:34] 2026-08-19 05:00:34,061 - BreakoutV10FGridV8DualSideFreqtrade - INFO - LIVE context synchronized: target=2026-08-18 19:00:00+00:00 pairs=50 candidates=none
[2026-08-19 05:00:39] 2026-08-19 05:00:39,160 - freqtrade.worker - INFO - Bot heartbeat. PID=22484, version='2026.6', state='RUNNING'
[2026-08-19 05:01:05] 2026-08-19 05:01:05,230 - freqtrade.wallets - INFO - Wallets synced.
[2026-08-19 05:01:39] 2026-08-19 05:01:39,251 - freqtrade.worker - INFO - Bot heartbeat. PID=22484, version='2026.6', state='RUNNING'
[2026-08-19 05:02:39] 2026-08-19 05:02:39,326 - freqtrade.worker - INFO - Bot heartbeat. PID=22484, version='2026.6', state='RUNNING'
[2026-08-19 05:03:39] 2026-08-19 05:03:39,423 - freqtrade.worker - INFO - Bot heartbeat. PID=22484, version='2026.6', state='RUNNING'
[2026-08-19 05:04:39] 2026-08-19 05:04:39,509 - freqtrade.worker - INFO - Bot heartbeat. PID=22484, version='2026.6', state='RUNNING'
[2026-08-19 05:05:39] 2026-08-19 05:05:39,604 - freqtrade.worker - INFO - Bot heartbeat. PID=22484, version='2026.6', state='RUNNING'
[2026-08-19 05:06:39] 2026-08-19 05:06:39,682 - freqtrade.worker - INFO - Bot heartbeat. PID=22484, version='2026.6', state='RUNNING'
[2026-08-19 05:07:39] 2026-08-19 05:07:39,773 - freqtrade.worker - INFO - Bot heartbeat. PID=22484, version='2026.6', state='RUNNING'
[2026-08-19 05:08:39] 2026-08-19 05:08:39,856 - freqtrade.worker - INFO - Bot heartbeat. PID=22484, version='2026.6', state='RUNNING'
[2026-08-19 05:09:39] 2026-08-19 05:09:39,952 - freqtrade.worker - INFO - Bot heartbeat. PID=22484, version='2026.6', state='RUNNING'
[2026-08-19 05:10:06] 2026-08-19 05:10:06,264 - freqtrade.plugins.pairlistmanager - INFO - Whitelist with 50 pairs: ['BTC/USDT:USDT', 'ETH/USDT:USDT', 'SOL/USDT:USDT', 'ZEC/USDT:USDT', 'HYPE/USDT:USDT', 'XRP/USDT:USDT',
[2026-08-19 05:10:06] 'DOGE/USDT:USDT', 'BNB/USDT:USDT', 'SIREN/USDT:USDT', '1000PEPE/USDT:USDT', 'TAO/USDT:USDT', 'NEAR/USDT:USDT', 'WLD/USDT:USDT', 'SUI/USDT:USDT', 'ADA/USDT:USDT', 'SEI/USDT:USDT', 'AVAX/USDT:USDT',
[2026-08-19 05:10:06] 'ENA/USDT:USDT', 'LINK/USDT:USDT', 'FIL/USDT:USDT', 'XLM/USDT:USDT', 'BCH/USDT:USDT', 'ONDO/USDT:USDT', 'TRUMP/USDT:USDT', 'AAVE/USDT:USDT', 'DOT/USDT:USDT', 'PENGU/USDT:USDT', 'LTC/USDT:USDT',
[2026-08-19 05:10:06] 'TRX/USDT:USDT', 'FET/USDT:USDT', 'UNI/USDT:USDT', 'INJ/USDT:USDT', 'DASH/USDT:USDT', 'B/USDT:USDT', 'ARB/USDT:USDT', '1000SHIB/USDT:USDT', 'APE/USDT:USDT', 'XMR/USDT:USDT', 'APT/USDT:USDT',
[2026-08-19 05:10:06] 'WIF/USDT:USDT', 'ICP/USDT:USDT', 'ETC/USDT:USDT', 'VIRTUAL/USDT:USDT', 'HBAR/USDT:USDT', 'RENDER/USDT:USDT', 'CRV/USDT:USDT', 'JTO/USDT:USDT', 'OP/USDT:USDT', 'CHZ/USDT:USDT', '1000BONK/USDT:USDT']
[2026-08-19 05:10:40] 2026-08-19 05:10:40,045 - freqtrade.worker - INFO - Bot heartbeat. PID=22484, version='2026.6', state='RUNNING'
[2026-08-19 05:11:40] 2026-08-19 05:11:40,136 - freqtrade.worker - INFO - Bot heartbeat. PID=22484, version='2026.6', state='RUNNING'
[2026-08-19 05:12:40] 2026-08-19 05:12:40,224 - freqtrade.worker - INFO - Bot heartbeat. PID=22484, version='2026.6', state='RUNNING'
[2026-08-19 05:13:40] 2026-08-19 05:13:40,302 - freqtrade.worker - INFO - Bot heartbeat. PID=22484, version='2026.6', state='RUNNING'
[2026-08-19 05:14:40] 2026-08-19 05:14:40,384 - freqtrade.worker - INFO - Bot heartbeat. PID=22484, version='2026.6', state='RUNNING'
[2026-08-19 05:15:42] 2026-08-19 05:15:42,294 - freqtrade.worker - INFO - Bot heartbeat. PID=22484, version='2026.6', state='RUNNING'
[2026-08-19 05:16:42] 2026-08-19 05:16:42,402 - freqtrade.worker - INFO - Bot heartbeat. PID=22484, version='2026.6', state='RUNNING'
[2026-08-19 05:17:42] 2026-08-19 05:17:42,488 - freqtrade.worker - INFO - Bot heartbeat. PID=22484, version='2026.6', state='RUNNING'
[2026-08-19 05:18:42] 2026-08-19 05:18:42,569 - freqtrade.worker - INFO - Bot heartbeat. PID=22484, version='2026.6', state='RUNNING'
[2026-08-19 05:19:42] 2026-08-19 05:19:42,660 - freqtrade.worker - INFO - Bot heartbeat. PID=22484, version='2026.6', state='RUNNING'
[2026-08-19 05:20:42] 2026-08-19 05:20:42,753 - freqtrade.worker - INFO - Bot heartbeat. PID=22484, version='2026.6', state='RUNNING'
[2026-08-19 05:21:42] 2026-08-19 05:21:42,838 - freqtrade.worker - INFO - Bot heartbeat. PID=22484, version='2026.6', state='RUNNING'
[2026-08-19 05:22:42] 2026-08-19 05:22:42,933 - freqtrade.worker - INFO - Bot heartbeat. PID=22484, version='2026.6', state='RUNNING'
[2026-08-19 05:23:48] 2026-08-19 05:23:47,912 - freqtrade.worker - INFO - Bot heartbeat. PID=22484, version='2026.6', state='RUNNING'
[2026-08-19 05:24:48] 2026-08-19 05:24:48,014 - freqtrade.worker - INFO - Bot heartbeat. PID=22484, version='2026.6', state='RUNNING'
[2026-08-19 05:25:48] 2026-08-19 05:25:48,088 - freqtrade.worker - INFO - Bot heartbeat. PID=22484, version='2026.6', state='RUNNING'
[2026-08-19 05:26:48] 2026-08-19 05:26:48,180 - freqtrade.worker - INFO - Bot heartbeat. PID=22484, version='2026.6', state='RUNNING'
[2026-08-19 05:27:48] 2026-08-19 05:27:48,279 - freqtrade.worker - INFO - Bot heartbeat. PID=22484, version='2026.6', state='RUNNING'
[2026-08-19 05:28:48] 2026-08-19 05:28:48,362 - freqtrade.worker - INFO - Bot heartbeat. PID=22484, version='2026.6', state='RUNNING'
[2026-08-19 05:29:48] 2026-08-19 05:29:48,433 - freqtrade.worker - INFO - Bot heartbeat. PID=22484, version='2026.6', state='RUNNING'
[2026-08-19 05:30:50] 2026-08-19 05:30:50,155 - freqtrade.worker - INFO - Bot heartbeat. PID=22484, version='2026.6', state='RUNNING'
[2026-08-19 05:31:06] 2026-08-19 05:31:06,210 - freqtrade.wallets - INFO - Wallets synced.
[2026-08-19 05:31:50] 2026-08-19 05:31:50,230 - freqtrade.worker - INFO - Bot heartbeat. PID=22484, version='2026.6', state='RUNNING'
[2026-08-19 05:32:50] 2026-08-19 05:32:50,312 - freqtrade.worker - INFO - Bot heartbeat. PID=22484, version='2026.6', state='RUNNING'
[2026-08-19 05:33:50] 2026-08-19 05:33:50,412 - freqtrade.worker - INFO - Bot heartbeat. PID=22484, version='2026.6', state='RUNNING'
[2026-08-19 05:34:50] 2026-08-19 05:34:50,516 - freqtrade.worker - INFO - Bot heartbeat. PID=22484, version='2026.6', state='RUNNING'
[2026-08-19 05:35:50] 2026-08-19 05:35:50,599 - freqtrade.worker - INFO - Bot heartbeat. PID=22484, version='2026.6', state='RUNNING'
[2026-08-19 05:36:50] 2026-08-19 05:36:50,663 - freqtrade.worker - INFO - Bot heartbeat. PID=22484, version='2026.6', state='RUNNING'
[2026-08-19 05:37:50] 2026-08-19 05:37:50,765 - freqtrade.worker - INFO - Bot heartbeat. PID=22484, version='2026.6', state='RUNNING'
[2026-08-19 05:38:50] 2026-08-19 05:38:50,850 - freqtrade.worker - INFO - Bot heartbeat. PID=22484, version='2026.6', state='RUNNING'
[2026-08-19 05:39:50] 2026-08-19 05:39:50,942 - freqtrade.worker - INFO - Bot heartbeat. PID=22484, version='2026.6', state='RUNNING'
[2026-08-19 05:40:51] 2026-08-19 05:40:51,034 - freqtrade.worker - INFO - Bot heartbeat. PID=22484, version='2026.6', state='RUNNING'
[2026-08-19 05:41:51] 2026-08-19 05:41:51,103 - freqtrade.worker - INFO - Bot heartbeat. PID=22484, version='2026.6', state='RUNNING'
[2026-08-19 05:42:51] 2026-08-19 05:42:51,199 - freqtrade.worker - INFO - Bot heartbeat. PID=22484, version='2026.6', state='RUNNING'
[2026-08-19 05:43:51] 2026-08-19 05:43:51,279 - freqtrade.worker - INFO - Bot heartbeat. PID=22484, version='2026.6', state='RUNNING'
[2026-08-19 05:44:51] 2026-08-19 05:44:51,379 - freqtrade.worker - INFO - Bot heartbeat. PID=22484, version='2026.6', state='RUNNING'
[2026-08-19 05:45:53] 2026-08-19 05:45:53,294 - freqtrade.worker - INFO - Bot heartbeat. PID=22484, version='2026.6', state='RUNNING'
[2026-08-19 05:46:53] 2026-08-19 05:46:53,380 - freqtrade.worker - INFO - Bot heartbeat. PID=22484, version='2026.6', state='RUNNING'
[2026-08-19 05:47:53] 2026-08-19 05:47:53,481 - freqtrade.worker - INFO - Bot heartbeat. PID=22484, version='2026.6', state='RUNNING'
[2026-08-19 05:48:53] 2026-08-19 05:48:53,559 - freqtrade.worker - INFO - Bot heartbeat. PID=22484, version='2026.6', state='RUNNING'
[2026-08-19 05:49:53] 2026-08-19 05:49:53,635 - freqtrade.worker - INFO - Bot heartbeat. PID=22484, version='2026.6', state='RUNNING'
[2026-08-19 05:50:53] 2026-08-19 05:50:53,724 - freqtrade.worker - INFO - Bot heartbeat. PID=22484, version='2026.6', state='RUNNING'
[2026-08-19 05:51:53] 2026-08-19 05:51:53,797 - freqtrade.worker - INFO - Bot heartbeat. PID=22484, version='2026.6', state='RUNNING'
[2026-08-19 05:52:53] 2026-08-19 05:52:53,889 - freqtrade.worker - INFO - Bot heartbeat. PID=22484, version='2026.6', state='RUNNING'
[2026-08-19 05:53:54] 2026-08-19 05:53:53,992 - freqtrade.worker - INFO - Bot heartbeat. PID=22484, version='2026.6', state='RUNNING'
[2026-08-19 05:54:54] 2026-08-19 05:54:54,056 - freqtrade.worker - INFO - Bot heartbeat. PID=22484, version='2026.6', state='RUNNING'
[2026-08-19 05:55:54] 2026-08-19 05:55:54,149 - freqtrade.worker - INFO - Bot heartbeat. PID=22484, version='2026.6', state='RUNNING'
[2026-08-19 05:56:54] 2026-08-19 05:56:54,255 - freqtrade.worker - INFO - Bot heartbeat. PID=22484, version='2026.6', state='RUNNING'
[2026-08-19 05:57:54] 2026-08-19 05:57:54,342 - freqtrade.worker - INFO - Bot heartbeat. PID=22484, version='2026.6', state='RUNNING'
[2026-08-19 05:58:54] 2026-08-19 05:58:54,428 - freqtrade.worker - INFO - Bot heartbeat. PID=22484, version='2026.6', state='RUNNING'
[2026-08-19 05:59:54] 2026-08-19 05:59:54,520 - freqtrade.worker - INFO - Bot heartbeat. PID=22484, version='2026.6', state='RUNNING'
[2026-08-19 06:00:24] 2026-08-19 06:00:24,441 - BreakoutV16GridV15QualityPfCombinedLiveParityFreqtrade - INFO - V16+Grid LIVE full context waiting: target=2026-08-18 20:00:00+00:00 ready=47/50
[2026-08-19 06:00:24] missing_or_stale=CRV/USDT:USDT,HBAR/USDT:USDT,PENGU/USDT:USDT
[2026-08-19 06:00:34] 2026-08-19 06:00:34,825 - BreakoutV10FGridV8DualSideFreqtrade - INFO - LIVE context synchronized: target=2026-08-18 20:00:00+00:00 pairs=50 candidates=DASH/USDT:USDT:SHORT
[2026-08-19 06:00:35] 2026-08-19 06:00:34,971 - freqtrade.wallets - INFO - Wallets synced.
[2026-08-19 06:00:35] 2026-08-19 06:00:35,101 - freqtrade.freqtradebot - INFO - Short signal found: about create a new trade for DASH/USDT:USDT with stake_amount: 371.78707556582714 and price: 29.78 ...
[2026-08-19 06:00:35] 2026-08-19 06:00:35,299 - BreakoutV16GridV15QualityPfCombinedLiveParityFreqtrade - INFO - V16+Grid LIVE parity entry decision: pair=DASH/USDT:USDT component=breakout side=short target=2026-08-18
[2026-08-19 06:00:35] 20:00:00+00:00 age=35.102s rank=1 candidates=1 accepted=True
[2026-08-19 06:00:35] 2026-08-19 06:00:35,574 - freqtrade.freqtradebot - INFO - Order 10546863263 was created for DASH/USDT:USDT and status is closed.
[2026-08-19 06:00:35] 2026-08-19 06:00:35,693 - freqtrade.wallets - INFO - Wallets synced.
[2026-08-19 06:00:35] 2026-08-19 06:00:35,695 - freqtrade.rpc.rpc_manager - INFO - Sending rpc message: {'trade_id': 12, 'type': entry, 'buy_tag': 'bo_v9_s2_r30294_c0_l0', 'enter_tag': 'bo_v9_s2_r30294_c0_l0', 'exchange':
[2026-08-19 06:00:35] 'Binance', 'pair': 'DASH/USDT:USDT', 'leverage': 10.0, 'direction': 'Short', 'limit': 29.78, 'order_rate': 29.78, 'open_rate': 29.78, 'order_type': 'market', 'stake_amount': 371.785432,
[2026-08-19 06:00:35] 'stake_currency': 'USDT', 'base_currency': 'DASH', 'quote_currency': 'USDT', 'fiat_currency': None, 'amount': 124.844, 'open_date': datetime.datetime(2026, 8, 18, 21, 0, 35, 576506,
[2026-08-19 06:00:35] tzinfo=datetime.timezone.utc), 'current_rate': 29.78, 'sub_trade': False}
[2026-08-19 06:00:35] 2026-08-19 06:00:35,696 - freqtrade.freqtradebot - INFO - Found open order for Trade(id=12, pair=DASH/USDT:USDT, amount=124.844, is_short=True, leverage=10, open_rate=29.78, open_since=2026-08-18
[2026-08-19 06:00:35] 21:00:35)
[2026-08-19 06:00:35] 2026-08-19 06:00:35,958 - freqtrade.persistence.trade_model - INFO - Updating trade (id=12) ...
[2026-08-19 06:00:35] 2026-08-19 06:00:35,959 - freqtrade.persistence.trade_model - INFO - MARKET_SELL has been fulfilled for Trade(id=12, pair=DASH/USDT:USDT, amount=124.844, is_short=True, leverage=10, open_rate=29.78,
[2026-08-19 06:00:35] open_since=2026-08-18 21:00:35).
[2026-08-19 06:00:36] 2026-08-19 06:00:36,011 - BreakoutV16GridV15PrecisionGuardLiveParityFreqtrade - INFO - Breakout precision stop initialized: pair=DASH/USDT:USDT side=short soft=29.9095024068 inward=29.9 outward=29.91
[2026-08-19 06:00:36] hard=29.93 tick_atr=0.0595 confirm_1m=True stake_scale=0.8963
[2026-08-19 06:00:36] 2026-08-19 06:00:36,257 - freqtrade.wallets - INFO - Wallets synced.
[2026-08-19 06:00:36] 2026-08-19 06:00:36,264 - freqtrade.rpc.rpc_manager - INFO - Sending rpc message: {'trade_id': 12, 'type': entry_fill, 'buy_tag': 'bo_v9_s2_r30294_c0_l0', 'enter_tag': 'bo_v9_s2_r30294_c0_l0',
[2026-08-19 06:00:36] 'exchange': 'Binance', 'pair': 'DASH/USDT:USDT', 'leverage': 10.0, 'direction': 'Short', 'limit': 29.78, 'order_rate': 29.78, 'open_rate': 29.78, 'order_type': 'market', 'stake_amount': 371.785432,
[2026-08-19 06:00:36] 'stake_currency': 'USDT', 'base_currency': 'DASH', 'quote_currency': 'USDT', 'fiat_currency': None, 'amount': 124.844, 'open_date': datetime.datetime(2026, 8, 18, 21, 0, 35, 576506,
[2026-08-19 06:00:36] tzinfo=datetime.timezone.utc), 'current_rate': 29.78, 'sub_trade': False}
[2026-08-19 06:00:37] 2026-08-19 06:00:37,490 - freqtrade.exchange.exchange - INFO - stoploss market order added for DASH/USDT:USDT. stop price: 29.92. limit: None
[2026-08-19 06:00:56] 2026-08-19 06:00:56,336 - freqtrade.worker - INFO - Bot heartbeat. PID=22484, version='2026.6', state='RUNNING'
[2026-08-19 06:01:04] 2026-08-19 06:01:04,195 - freqtrade.wallets - INFO - Wallets synced.
[2026-08-19 06:01:56] 2026-08-19 06:01:56,412 - freqtrade.worker - INFO - Bot heartbeat. PID=22484, version='2026.6', state='RUNNING'
[2026-08-19 06:02:56] 2026-08-19 06:02:56,496 - freqtrade.worker - INFO - Bot heartbeat. PID=22484, version='2026.6', state='RUNNING'
[2026-08-19 06:03:56] 2026-08-19 06:03:56,596 - freqtrade.worker - INFO - Bot heartbeat. PID=22484, version='2026.6', state='RUNNING'
[2026-08-19 06:04:56] 2026-08-19 06:04:56,676 - freqtrade.worker - INFO - Bot heartbeat. PID=22484, version='2026.6', state='RUNNING'
[2026-08-19 06:05:56] 2026-08-19 06:05:56,776 - freqtrade.worker - INFO - Bot heartbeat. PID=22484, version='2026.6', state='RUNNING'
[2026-08-19 06:06:56] 2026-08-19 06:06:56,868 - freqtrade.worker - INFO - Bot heartbeat. PID=22484, version='2026.6', state='RUNNING'
[2026-08-19 06:07:57] 2026-08-19 06:07:56,964 - freqtrade.worker - INFO - Bot heartbeat. PID=22484, version='2026.6', state='RUNNING'
[2026-08-19 06:08:57] 2026-08-19 06:08:57,045 - freqtrade.worker - INFO - Bot heartbeat. PID=22484, version='2026.6', state='RUNNING'
[2026-08-19 06:09:57] 2026-08-19 06:09:57,109 - freqtrade.worker - INFO - Bot heartbeat. PID=22484, version='2026.6', state='RUNNING'
[2026-08-19 06:10:08] 2026-08-19 06:10:08,623 - freqtrade.plugins.pairlistmanager - INFO - Whitelist with 50 pairs: ['BTC/USDT:USDT', 'ETH/USDT:USDT', 'SOL/USDT:USDT', 'ZEC/USDT:USDT', 'HYPE/USDT:USDT', 'XRP/USDT:USDT',
[2026-08-19 06:10:08] 'DOGE/USDT:USDT', 'BNB/USDT:USDT', 'SIREN/USDT:USDT', '1000PEPE/USDT:USDT', 'TAO/USDT:USDT', 'NEAR/USDT:USDT', 'WLD/USDT:USDT', 'SUI/USDT:USDT', 'ADA/USDT:USDT', 'SEI/USDT:USDT', 'AVAX/USDT:USDT',
[2026-08-19 06:10:08] 'ENA/USDT:USDT', 'LINK/USDT:USDT', 'FIL/USDT:USDT', 'XLM/USDT:USDT', 'BCH/USDT:USDT', 'ONDO/USDT:USDT', 'TRUMP/USDT:USDT', 'AAVE/USDT:USDT', 'DOT/USDT:USDT', 'PENGU/USDT:USDT', 'LTC/USDT:USDT',
[2026-08-19 06:10:08] 'TRX/USDT:USDT', 'FET/USDT:USDT', 'UNI/USDT:USDT', 'INJ/USDT:USDT', 'DASH/USDT:USDT', 'B/USDT:USDT', 'ARB/USDT:USDT', '1000SHIB/USDT:USDT', 'APE/USDT:USDT', 'XMR/USDT:USDT', 'APT/USDT:USDT',
[2026-08-19 06:10:08] 'WIF/USDT:USDT', 'ICP/USDT:USDT', 'ETC/USDT:USDT', 'VIRTUAL/USDT:USDT', 'HBAR/USDT:USDT', 'RENDER/USDT:USDT', 'CRV/USDT:USDT', 'JTO/USDT:USDT', 'OP/USDT:USDT', 'CHZ/USDT:USDT', '1000BONK/USDT:USDT']
[2026-08-19 06:10:57] 2026-08-19 06:10:57,196 - freqtrade.worker - INFO - Bot heartbeat. PID=22484, version='2026.6', state='RUNNING'
[2026-08-19 06:11:57] 2026-08-19 06:11:57,276 - freqtrade.worker - INFO - Bot heartbeat. PID=22484, version='2026.6', state='RUNNING'
[2026-08-19 06:12:57] 2026-08-19 06:12:57,370 - freqtrade.worker - INFO - Bot heartbeat. PID=22484, version='2026.6', state='RUNNING'
[2026-08-19 06:13:57] 2026-08-19 06:13:57,457 - freqtrade.worker - INFO - Bot heartbeat. PID=22484, version='2026.6', state='RUNNING'
[2026-08-19 06:14:57] 2026-08-19 06:14:57,543 - freqtrade.worker - INFO - Bot heartbeat. PID=22484, version='2026.6', state='RUNNING'
[2026-08-19 06:15:59] 2026-08-19 06:15:59,636 - freqtrade.worker - INFO - Bot heartbeat. PID=22484, version='2026.6', state='RUNNING'
[2026-08-19 06:16:59] 2026-08-19 06:16:59,726 - freqtrade.worker - INFO - Bot heartbeat. PID=22484, version='2026.6', state='RUNNING'
[2026-08-19 06:17:59] 2026-08-19 06:17:59,826 - freqtrade.worker - INFO - Bot heartbeat. PID=22484, version='2026.6', state='RUNNING'
[2026-08-19 06:18:59] 2026-08-19 06:18:59,906 - freqtrade.worker - INFO - Bot heartbeat. PID=22484, version='2026.6', state='RUNNING'
[2026-08-19 06:20:00] 2026-08-19 06:19:59,992 - freqtrade.worker - INFO - Bot heartbeat. PID=22484, version='2026.6', state='RUNNING'
[2026-08-19 06:21:00] 2026-08-19 06:21:00,095 - freqtrade.worker - INFO - Bot heartbeat. PID=22484, version='2026.6', state='RUNNING'
[2026-08-19 06:22:00] 2026-08-19 06:22:00,174 - freqtrade.worker - INFO - Bot heartbeat. PID=22484, version='2026.6', state='RUNNING'
[2026-08-19 06:23:00] 2026-08-19 06:23:00,256 - freqtrade.worker - INFO - Bot heartbeat. PID=22484, version='2026.6', state='RUNNING'
[2026-08-19 06:24:00] 2026-08-19 06:24:00,333 - freqtrade.worker - INFO - Bot heartbeat. PID=22484, version='2026.6', state='RUNNING'
[2026-08-19 06:25:00] 2026-08-19 06:25:00,407 - freqtrade.worker - INFO - Bot heartbeat. PID=22484, version='2026.6', state='RUNNING'
[2026-08-19 06:26:00] 2026-08-19 06:26:00,491 - freqtrade.worker - INFO - Bot heartbeat. PID=22484, version='2026.6', state='RUNNING'
[2026-08-19 06:27:00] 2026-08-19 06:27:00,563 - freqtrade.worker - INFO - Bot heartbeat. PID=22484, version='2026.6', state='RUNNING'
[2026-08-19 06:28:00] 2026-08-19 06:28:00,638 - freqtrade.worker - INFO - Bot heartbeat. PID=22484, version='2026.6', state='RUNNING'
[2026-08-19 06:29:00] 2026-08-19 06:29:00,732 - freqtrade.worker - INFO - Bot heartbeat. PID=22484, version='2026.6', state='RUNNING'
[2026-08-19 06:30:00] 2026-08-19 06:30:00,827 - freqtrade.worker - INFO - Bot heartbeat. PID=22484, version='2026.6', state='RUNNING'
[2026-08-19 06:31:03] 2026-08-19 06:31:03,727 - freqtrade.worker - INFO - Bot heartbeat. PID=22484, version='2026.6', state='RUNNING'
[2026-08-19 06:31:06] 2026-08-19 06:31:06,809 - freqtrade.wallets - INFO - Wallets synced.
[2026-08-19 06:32:03] 2026-08-19 06:32:03,827 - freqtrade.worker - INFO - Bot heartbeat. PID=22484, version='2026.6', state='RUNNING'
[2026-08-19 06:33:03] 2026-08-19 06:33:03,918 - freqtrade.worker - INFO - Bot heartbeat. PID=22484, version='2026.6', state='RUNNING'
[2026-08-19 06:34:04] 2026-08-19 06:34:04,017 - freqtrade.worker - INFO - Bot heartbeat. PID=22484, version='2026.6', state='RUNNING'
[2026-08-19 06:35:04] 2026-08-19 06:35:04,108 - freqtrade.worker - INFO - Bot heartbeat. PID=22484, version='2026.6', state='RUNNING'
[2026-08-19 06:36:04] 2026-08-19 06:36:04,183 - freqtrade.worker - INFO - Bot heartbeat. PID=22484, version='2026.6', state='RUNNING'
[2026-08-19 06:37:04] 2026-08-19 06:37:04,247 - freqtrade.worker - INFO - Bot heartbeat. PID=22484, version='2026.6', state='RUNNING'
[2026-08-19 06:38:04] 2026-08-19 06:38:04,340 - freqtrade.worker - INFO - Bot heartbeat. PID=22484, version='2026.6', state='RUNNING'
[2026-08-19 06:39:04] 2026-08-19 06:39:04,445 - freqtrade.worker - INFO - Bot heartbeat. PID=22484, version='2026.6', state='RUNNING'
[2026-08-19 06:40:04] 2026-08-19 06:40:04,549 - freqtrade.worker - INFO - Bot heartbeat. PID=22484, version='2026.6', state='RUNNING'
[2026-08-19 06:41:04] 2026-08-19 06:41:04,633 - freqtrade.worker - INFO - Bot heartbeat. PID=22484, version='2026.6', state='RUNNING'
[2026-08-19 06:42:04] 2026-08-19 06:42:04,716 - freqtrade.worker - INFO - Bot heartbeat. PID=22484, version='2026.6', state='RUNNING'
[2026-08-19 06:43:04] 2026-08-19 06:43:04,812 - freqtrade.worker - INFO - Bot heartbeat. PID=22484, version='2026.6', state='RUNNING'
[2026-08-19 06:44:04] 2026-08-19 06:44:04,901 - freqtrade.worker - INFO - Bot heartbeat. PID=22484, version='2026.6', state='RUNNING'
[2026-08-19 06:45:07] 2026-08-19 06:45:06,994 - freqtrade.worker - INFO - Bot heartbeat. PID=22484, version='2026.6', state='RUNNING'
[2026-08-19 06:46:08] 2026-08-19 06:46:08,138 - freqtrade.worker - INFO - Bot heartbeat. PID=22484, version='2026.6', state='RUNNING'
[2026-08-19 06:47:08] 2026-08-19 06:47:08,238 - freqtrade.worker - INFO - Bot heartbeat. PID=22484, version='2026.6', state='RUNNING'
[2026-08-19 06:48:08] 2026-08-19 06:48:08,304 - freqtrade.worker - INFO - Bot heartbeat. PID=22484, version='2026.6', state='RUNNING'
[2026-08-19 06:49:08] 2026-08-19 06:49:08,390 - freqtrade.worker - INFO - Bot heartbeat. PID=22484, version='2026.6', state='RUNNING'
[2026-08-19 06:50:08] 2026-08-19 06:50:08,471 - freqtrade.worker - INFO - Bot heartbeat. PID=22484, version='2026.6', state='RUNNING'
[2026-08-19 06:51:08] 2026-08-19 06:51:08,547 - freqtrade.worker - INFO - Bot heartbeat. PID=22484, version='2026.6', state='RUNNING'
[2026-08-19 06:52:08] 2026-08-19 06:52:08,633 - freqtrade.worker - INFO - Bot heartbeat. PID=22484, version='2026.6', state='RUNNING'
[2026-08-19 06:53:08] 2026-08-19 06:53:08,727 - freqtrade.worker - INFO - Bot heartbeat. PID=22484, version='2026.6', state='RUNNING'
[2026-08-19 06:54:08] 2026-08-19 06:54:08,810 - freqtrade.worker - INFO - Bot heartbeat. PID=22484, version='2026.6', state='RUNNING'
[2026-08-19 06:55:08] 2026-08-19 06:55:08,906 - freqtrade.worker - INFO - Bot heartbeat. PID=22484, version='2026.6', state='RUNNING'
[2026-08-19 06:56:09] 2026-08-19 06:56:08,996 - freqtrade.worker - INFO - Bot heartbeat. PID=22484, version='2026.6', state='RUNNING'
[2026-08-19 06:57:09] 2026-08-19 06:57:09,070 - freqtrade.worker - INFO - Bot heartbeat. PID=22484, version='2026.6', state='RUNNING'
[2026-08-19 06:58:09] 2026-08-19 06:58:09,148 - freqtrade.worker - INFO - Bot heartbeat. PID=22484, version='2026.6', state='RUNNING'
[2026-08-19 06:59:09] 2026-08-19 06:59:09,249 - freqtrade.worker - INFO - Bot heartbeat. PID=22484, version='2026.6', state='RUNNING'
[2026-08-19 07:00:23] 2026-08-19 07:00:23,034 - BreakoutV16GridV15QualityPfCombinedLiveParityFreqtrade - INFO - V16+Grid LIVE full context waiting: target=2026-08-18 21:00:00+00:00 ready=43/50
[2026-08-19 07:00:23] missing_or_stale=1000SHIB/USDT:USDT,AAVE/USDT:USDT,B/USDT:USDT,CRV/USDT:USDT,FIL/USDT:USDT,HBAR/USDT:USDT,SOL/USDT:USDT
[2026-08-19 07:00:23] 2026-08-19 07:00:23,362 - freqtrade.worker - INFO - Bot heartbeat. PID=22484, version='2026.6', state='RUNNING'
[2026-08-19 07:00:34] 2026-08-19 07:00:34,871 - BreakoutV10FGridV8DualSideFreqtrade - INFO - LIVE context synchronized: target=2026-08-18 21:00:00+00:00 pairs=50 candidates=none
[2026-08-19 07:01:08] 2026-08-19 07:01:08,213 - freqtrade.wallets - INFO - Wallets synced.
[2026-08-19 07:01:25] 2026-08-19 07:01:25,261 - freqtrade.worker - INFO - Bot heartbeat. PID=22484, version='2026.6', state='RUNNING'
[2026-08-19 07:02:25] 2026-08-19 07:02:25,352 - freqtrade.worker - INFO - Bot heartbeat. PID=22484, version='2026.6', state='RUNNING'
[2026-08-19 07:03:25] 2026-08-19 07:03:25,442 - freqtrade.worker - INFO - Bot heartbeat. PID=22484, version='2026.6', state='RUNNING'
[2026-08-19 07:04:25] 2026-08-19 07:04:25,548 - freqtrade.worker - INFO - Bot heartbeat. PID=22484, version='2026.6', state='RUNNING'
[2026-08-19 07:05:25] 2026-08-19 07:05:25,629 - freqtrade.worker - INFO - Bot heartbeat. PID=22484, version='2026.6', state='RUNNING'
[2026-08-19 07:06:25] 2026-08-19 07:06:25,715 - freqtrade.worker - INFO - Bot heartbeat. PID=22484, version='2026.6', state='RUNNING'
[2026-08-19 07:07:25] 2026-08-19 07:07:25,797 - freqtrade.worker - INFO - Bot heartbeat. PID=22484, version='2026.6', state='RUNNING'
[2026-08-19 07:08:25] 2026-08-19 07:08:25,884 - freqtrade.worker - INFO - Bot heartbeat. PID=22484, version='2026.6', state='RUNNING'
[2026-08-19 07:09:26] 2026-08-19 07:09:25,985 - freqtrade.worker - INFO - Bot heartbeat. PID=22484, version='2026.6', state='RUNNING'
[2026-08-19 07:10:12] 2026-08-19 07:10:12,242 - freqtrade.plugins.pairlistmanager - INFO - Whitelist with 50 pairs: ['BTC/USDT:USDT', 'ETH/USDT:USDT', 'SOL/USDT:USDT', 'ZEC/USDT:USDT', 'HYPE/USDT:USDT', 'XRP/USDT:USDT',
[2026-08-19 07:10:12] 'DOGE/USDT:USDT', 'BNB/USDT:USDT', 'SIREN/USDT:USDT', '1000PEPE/USDT:USDT', 'TAO/USDT:USDT', 'NEAR/USDT:USDT', 'WLD/USDT:USDT', 'SUI/USDT:USDT', 'ADA/USDT:USDT', 'SEI/USDT:USDT', 'AVAX/USDT:USDT',
[2026-08-19 07:10:12] 'ENA/USDT:USDT', 'LINK/USDT:USDT', 'FIL/USDT:USDT', 'XLM/USDT:USDT', 'BCH/USDT:USDT', 'ONDO/USDT:USDT', 'TRUMP/USDT:USDT', 'AAVE/USDT:USDT', 'DOT/USDT:USDT', 'PENGU/USDT:USDT', 'LTC/USDT:USDT',
[2026-08-19 07:10:12] 'TRX/USDT:USDT', 'FET/USDT:USDT', 'UNI/USDT:USDT', 'INJ/USDT:USDT', 'DASH/USDT:USDT', 'B/USDT:USDT', 'ARB/USDT:USDT', '1000SHIB/USDT:USDT', 'APE/USDT:USDT', 'XMR/USDT:USDT', 'APT/USDT:USDT',
[2026-08-19 07:10:12] 'WIF/USDT:USDT', 'ICP/USDT:USDT', 'ETC/USDT:USDT', 'VIRTUAL/USDT:USDT', 'HBAR/USDT:USDT', 'RENDER/USDT:USDT', 'CRV/USDT:USDT', 'JTO/USDT:USDT', 'OP/USDT:USDT', 'CHZ/USDT:USDT', '1000BONK/USDT:USDT']
[2026-08-19 07:10:26] 2026-08-19 07:10:26,064 - freqtrade.worker - INFO - Bot heartbeat. PID=22484, version='2026.6', state='RUNNING'
[2026-08-19 07:11:26] 2026-08-19 07:11:26,160 - freqtrade.worker - INFO - Bot heartbeat. PID=22484, version='2026.6', state='RUNNING'
[2026-08-19 07:12:26] 2026-08-19 07:12:26,234 - freqtrade.worker - INFO - Bot heartbeat. PID=22484, version='2026.6', state='RUNNING'
[2026-08-19 07:13:26] 2026-08-19 07:13:26,320 - freqtrade.worker - INFO - Bot heartbeat. PID=22484, version='2026.6', state='RUNNING'
[2026-08-19 07:14:26] 2026-08-19 07:14:26,403 - freqtrade.worker - INFO - Bot heartbeat. PID=22484, version='2026.6', state='RUNNING'
[2026-08-19 07:15:29] 2026-08-19 07:15:29,215 - freqtrade.worker - INFO - Bot heartbeat. PID=22484, version='2026.6', state='RUNNING'
[2026-08-19 07:16:29] 2026-08-19 07:16:29,307 - freqtrade.worker - INFO - Bot heartbeat. PID=22484, version='2026.6', state='RUNNING'
[2026-08-19 07:17:29] 2026-08-19 07:17:29,396 - freqtrade.worker - INFO - Bot heartbeat. PID=22484, version='2026.6', state='RUNNING'
[2026-08-19 07:18:29] 2026-08-19 07:18:29,496 - freqtrade.worker - INFO - Bot heartbeat. PID=22484, version='2026.6', state='RUNNING'
[2026-08-19 07:19:29] 2026-08-19 07:19:29,593 - freqtrade.worker - INFO - Bot heartbeat. PID=22484, version='2026.6', state='RUNNING'
[2026-08-19 07:20:29] 2026-08-19 07:20:29,660 - freqtrade.worker - INFO - Bot heartbeat. PID=22484, version='2026.6', state='RUNNING'
[2026-08-19 07:21:29] 2026-08-19 07:21:29,755 - freqtrade.worker - INFO - Bot heartbeat. PID=22484, version='2026.6', state='RUNNING'
[2026-08-19 07:22:29] 2026-08-19 07:22:29,845 - freqtrade.worker - INFO - Bot heartbeat. PID=22484, version='2026.6', state='RUNNING'
[2026-08-19 07:23:30] 2026-08-19 07:23:29,936 - freqtrade.worker - INFO - Bot heartbeat. PID=22484, version='2026.6', state='RUNNING'
[2026-08-19 07:24:30] 2026-08-19 07:24:30,021 - freqtrade.worker - INFO - Bot heartbeat. PID=22484, version='2026.6', state='RUNNING'
[2026-08-19 07:25:30] 2026-08-19 07:25:30,110 - freqtrade.worker - INFO - Bot heartbeat. PID=22484, version='2026.6', state='RUNNING'
[2026-08-19 07:26:30] 2026-08-19 07:26:30,208 - freqtrade.worker - INFO - Bot heartbeat. PID=22484, version='2026.6', state='RUNNING'
[2026-08-19 07:27:30] 2026-08-19 07:27:30,302 - freqtrade.worker - INFO - Bot heartbeat. PID=22484, version='2026.6', state='RUNNING'
[2026-08-19 07:28:30] 2026-08-19 07:28:30,366 - freqtrade.worker - INFO - Bot heartbeat. PID=22484, version='2026.6', state='RUNNING'
[2026-08-19 07:29:30] 2026-08-19 07:29:30,441 - freqtrade.worker - INFO - Bot heartbeat. PID=22484, version='2026.6', state='RUNNING'
[2026-08-19 07:30:33] 2026-08-19 07:30:33,277 - freqtrade.worker - INFO - Bot heartbeat. PID=22484, version='2026.6', state='RUNNING'
[2026-08-19 07:31:06] 2026-08-19 07:31:06,338 - freqtrade.wallets - INFO - Wallets synced.
[2026-08-19 07:31:33] 2026-08-19 07:31:33,371 - freqtrade.worker - INFO - Bot heartbeat. PID=22484, version='2026.6', state='RUNNING'
[2026-08-19 07:32:33] 2026-08-19 07:32:33,456 - freqtrade.worker - INFO - Bot heartbeat. PID=22484, version='2026.6', state='RUNNING'
[2026-08-19 07:33:33] 2026-08-19 07:33:33,546 - freqtrade.worker - INFO - Bot heartbeat. PID=22484, version='2026.6', state='RUNNING'
[2026-08-19 07:34:33] 2026-08-19 07:34:33,633 - freqtrade.worker - INFO - Bot heartbeat. PID=22484, version='2026.6', state='RUNNING'
[2026-08-19 07:35:33] 2026-08-19 07:35:33,734 - freqtrade.worker - INFO - Bot heartbeat. PID=22484, version='2026.6', state='RUNNING'
[2026-08-19 07:36:33] 2026-08-19 07:36:33,834 - freqtrade.worker - INFO - Bot heartbeat. PID=22484, version='2026.6', state='RUNNING'
[2026-08-19 07:37:33] 2026-08-19 07:37:33,925 - freqtrade.worker - INFO - Bot heartbeat. PID=22484, version='2026.6', state='RUNNING'
[2026-08-19 07:38:34] 2026-08-19 07:38:34,009 - freqtrade.worker - INFO - Bot heartbeat. PID=22484, version='2026.6', state='RUNNING'
[2026-08-19 07:39:34] 2026-08-19 07:39:34,086 - freqtrade.worker - INFO - Bot heartbeat. PID=22484, version='2026.6', state='RUNNING'
[2026-08-19 07:40:34] 2026-08-19 07:40:34,180 - freqtrade.worker - INFO - Bot heartbeat. PID=22484, version='2026.6', state='RUNNING'
[2026-08-19 07:41:34] 2026-08-19 07:41:34,268 - freqtrade.worker - INFO - Bot heartbeat. PID=22484, version='2026.6', state='RUNNING'
[2026-08-19 07:42:34] 2026-08-19 07:42:34,352 - freqtrade.worker - INFO - Bot heartbeat. PID=22484, version='2026.6', state='RUNNING'
[2026-08-19 07:43:34] 2026-08-19 07:43:34,439 - freqtrade.worker - INFO - Bot heartbeat. PID=22484, version='2026.6', state='RUNNING'
[2026-08-19 07:44:34] 2026-08-19 07:44:34,520 - freqtrade.worker - INFO - Bot heartbeat. PID=22484, version='2026.6', state='RUNNING'
[2026-08-19 07:45:36] 2026-08-19 07:45:36,600 - freqtrade.worker - INFO - Bot heartbeat. PID=22484, version='2026.6', state='RUNNING'
[2026-08-19 07:46:36] 2026-08-19 07:46:36,672 - freqtrade.worker - INFO - Bot heartbeat. PID=22484, version='2026.6', state='RUNNING'
[2026-08-19 07:47:36] 2026-08-19 07:47:36,751 - freqtrade.worker - INFO - Bot heartbeat. PID=22484, version='2026.6', state='RUNNING'
[2026-08-19 07:48:36] 2026-08-19 07:48:36,827 - freqtrade.worker - INFO - Bot heartbeat. PID=22484, version='2026.6', state='RUNNING'
[2026-08-19 07:49:37] 2026-08-19 07:49:36,915 - freqtrade.worker - INFO - Bot heartbeat. PID=22484, version='2026.6', state='RUNNING'
[2026-08-19 07:50:37] 2026-08-19 07:50:36,922 - freqtrade.worker - INFO - Bot heartbeat. PID=22484, version='2026.6', state='RUNNING'
[2026-08-19 07:51:37] 2026-08-19 07:51:37,022 - freqtrade.worker - INFO - Bot heartbeat. PID=22484, version='2026.6', state='RUNNING'
[2026-08-19 07:52:37] 2026-08-19 07:52:37,096 - freqtrade.worker - INFO - Bot heartbeat. PID=22484, version='2026.6', state='RUNNING'
[2026-08-19 07:53:37] 2026-08-19 07:53:37,195 - freqtrade.worker - INFO - Bot heartbeat. PID=22484, version='2026.6', state='RUNNING'
[2026-08-19 07:54:37] 2026-08-19 07:54:37,285 - freqtrade.worker - INFO - Bot heartbeat. PID=22484, version='2026.6', state='RUNNING'
[2026-08-19 07:55:37] 2026-08-19 07:55:37,370 - freqtrade.worker - INFO - Bot heartbeat. PID=22484, version='2026.6', state='RUNNING'
[2026-08-19 07:56:37] 2026-08-19 07:56:37,438 - freqtrade.worker - INFO - Bot heartbeat. PID=22484, version='2026.6', state='RUNNING'
[2026-08-19 07:57:37] 2026-08-19 07:57:37,532 - freqtrade.worker - INFO - Bot heartbeat. PID=22484, version='2026.6', state='RUNNING'
[2026-08-19 07:58:37] 2026-08-19 07:58:37,629 - freqtrade.worker - INFO - Bot heartbeat. PID=22484, version='2026.6', state='RUNNING'
[2026-08-19 07:59:37] 2026-08-19 07:59:37,719 - freqtrade.worker - INFO - Bot heartbeat. PID=22484, version='2026.6', state='RUNNING'
[2026-08-19 08:00:17] 2026-08-19 08:00:17,931 - BreakoutV16GridV15QualityPfCombinedLiveParityFreqtrade - INFO - V16+Grid LIVE full context waiting: target=2026-08-18 22:00:00+00:00 ready=31/50
[2026-08-19 08:00:17] missing_or_stale=1000SHIB/USDT:USDT,AAVE/USDT:USDT,ADA/USDT:USDT,AVAX/USDT:USDT,B/USDT:USDT,BCH/USDT:USDT,BTC/USDT:USDT,CRV/USDT:USDT,DASH/USDT:USDT,DOGE/USDT:USDT,ENA/USDT:USDT,FIL/USDT:USDT,HBAR/USD
[2026-08-19 08:00:18] T:USDT,ICP/USDT:USDT,JTO/USDT:USDT,SIREN/USDT:USDT,SOL/USDT:USDT,TAO/USDT:USDT,XMR/USDT:USDT
[2026-08-19 08:00:34] 2026-08-19 08:00:34,241 - BreakoutV10FGridV8DualSideFreqtrade - INFO - LIVE context synchronized: target=2026-08-18 22:00:00+00:00 pairs=50 candidates=none
[2026-08-19 08:00:39] 2026-08-19 08:00:39,580 - freqtrade.worker - INFO - Bot heartbeat. PID=22484, version='2026.6', state='RUNNING'
[2026-08-19 08:01:07] 2026-08-19 08:01:07,879 - freqtrade.wallets - INFO - Wallets synced.
[2026-08-19 08:01:29] 状态刷新失败：Freqtrade API 不可用：timed out；将在 20 秒后重试。
[2026-08-19 08:01:39] 2026-08-19 08:01:39,662 - freqtrade.worker - INFO - Bot heartbeat. PID=22484, version='2026.6', state='RUNNING'
[2026-08-19 08:02:39] 2026-08-19 08:02:39,748 - freqtrade.worker - INFO - Bot heartbeat. PID=22484, version='2026.6', state='RUNNING'
[2026-08-19 08:03:39] 2026-08-19 08:03:39,828 - freqtrade.worker - INFO - Bot heartbeat. PID=22484, version='2026.6', state='RUNNING'
[2026-08-19 08:04:39] 2026-08-19 08:04:39,919 - freqtrade.worker - INFO - Bot heartbeat. PID=22484, version='2026.6', state='RUNNING'
[2026-08-19 08:05:40] 2026-08-19 08:05:40,008 - freqtrade.worker - INFO - Bot heartbeat. PID=22484, version='2026.6', state='RUNNING'
[2026-08-19 08:06:40] 2026-08-19 08:06:40,075 - freqtrade.worker - INFO - Bot heartbeat. PID=22484, version='2026.6', state='RUNNING'
[2026-08-19 08:07:40] 2026-08-19 08:07:40,172 - freqtrade.worker - INFO - Bot heartbeat. PID=22484, version='2026.6', state='RUNNING'
[2026-08-19 08:08:40] 2026-08-19 08:08:40,260 - freqtrade.worker - INFO - Bot heartbeat. PID=22484, version='2026.6', state='RUNNING'
[2026-08-19 08:09:40] 2026-08-19 08:09:40,357 - freqtrade.worker - INFO - Bot heartbeat. PID=22484, version='2026.6', state='RUNNING'
[2026-08-19 08:10:16] 2026-08-19 08:10:16,727 - freqtrade.plugins.pairlistmanager - INFO - Whitelist with 50 pairs: ['BTC/USDT:USDT', 'ETH/USDT:USDT', 'SOL/USDT:USDT', 'ZEC/USDT:USDT', 'HYPE/USDT:USDT', 'XRP/USDT:USDT',
[2026-08-19 08:10:16] 'DOGE/USDT:USDT', 'BNB/USDT:USDT', 'SIREN/USDT:USDT', '1000PEPE/USDT:USDT', 'TAO/USDT:USDT', 'NEAR/USDT:USDT', 'WLD/USDT:USDT', 'SUI/USDT:USDT', 'ADA/USDT:USDT', 'SEI/USDT:USDT', 'AVAX/USDT:USDT',
[2026-08-19 08:10:16] 'ENA/USDT:USDT', 'LINK/USDT:USDT', 'FIL/USDT:USDT', 'XLM/USDT:USDT', 'BCH/USDT:USDT', 'ONDO/USDT:USDT', 'TRUMP/USDT:USDT', 'AAVE/USDT:USDT', 'DOT/USDT:USDT', 'PENGU/USDT:USDT', 'LTC/USDT:USDT',
[2026-08-19 08:10:16] 'TRX/USDT:USDT', 'FET/USDT:USDT', 'UNI/USDT:USDT', 'INJ/USDT:USDT', 'DASH/USDT:USDT', 'B/USDT:USDT', 'ARB/USDT:USDT', '1000SHIB/USDT:USDT', 'APE/USDT:USDT', 'XMR/USDT:USDT', 'APT/USDT:USDT',
[2026-08-19 08:10:16] 'WIF/USDT:USDT', 'ICP/USDT:USDT', 'ETC/USDT:USDT', 'VIRTUAL/USDT:USDT', 'HBAR/USDT:USDT', 'RENDER/USDT:USDT', 'CRV/USDT:USDT', 'JTO/USDT:USDT', 'OP/USDT:USDT', 'CHZ/USDT:USDT', '1000BONK/USDT:USDT']
[2026-08-19 08:10:40] 2026-08-19 08:10:40,439 - freqtrade.worker - INFO - Bot heartbeat. PID=22484, version='2026.6', state='RUNNING'
[2026-08-19 08:11:40] 2026-08-19 08:11:40,520 - freqtrade.worker - INFO - Bot heartbeat. PID=22484, version='2026.6', state='RUNNING'
[2026-08-19 08:12:40] 2026-08-19 08:12:40,606 - freqtrade.worker - INFO - Bot heartbeat. PID=22484, version='2026.6', state='RUNNING'
[2026-08-19 08:13:40] 2026-08-19 08:13:40,681 - freqtrade.worker - INFO - Bot heartbeat. PID=22484, version='2026.6', state='RUNNING'
[2026-08-19 08:14:40] 2026-08-19 08:14:40,773 - freqtrade.worker - INFO - Bot heartbeat. PID=22484, version='2026.6', state='RUNNING'
[2026-08-19 08:15:42] 2026-08-19 08:15:42,829 - freqtrade.worker - INFO - Bot heartbeat. PID=22484, version='2026.6', state='RUNNING'
[2026-08-19 08:16:42] 2026-08-19 08:16:42,900 - freqtrade.worker - INFO - Bot heartbeat. PID=22484, version='2026.6', state='RUNNING'
[2026-08-19 08:17:43] 2026-08-19 08:17:42,995 - freqtrade.worker - INFO - Bot heartbeat. PID=22484, version='2026.6', state='RUNNING'
[2026-08-19 08:18:43] 2026-08-19 08:18:43,060 - freqtrade.worker - INFO - Bot heartbeat. PID=22484, version='2026.6', state='RUNNING'
[2026-08-19 08:19:43] 2026-08-19 08:19:43,142 - freqtrade.worker - INFO - Bot heartbeat. PID=22484, version='2026.6', state='RUNNING'
[2026-08-19 08:20:43] 2026-08-19 08:20:43,226 - freqtrade.worker - INFO - Bot heartbeat. PID=22484, version='2026.6', state='RUNNING'
[2026-08-19 08:21:43] 2026-08-19 08:21:43,322 - freqtrade.worker - INFO - Bot heartbeat. PID=22484, version='2026.6', state='RUNNING'
[2026-08-19 08:22:43] 2026-08-19 08:22:43,418 - freqtrade.worker - INFO - Bot heartbeat. PID=22484, version='2026.6', state='RUNNING'
[2026-08-19 08:23:43] 2026-08-19 08:23:43,497 - freqtrade.worker - INFO - Bot heartbeat. PID=22484, version='2026.6', state='RUNNING'
[2026-08-19 08:24:43] 2026-08-19 08:24:43,602 - freqtrade.worker - INFO - Bot heartbeat. PID=22484, version='2026.6', state='RUNNING'
[2026-08-19 08:25:43] 2026-08-19 08:25:43,676 - freqtrade.worker - INFO - Bot heartbeat. PID=22484, version='2026.6', state='RUNNING'
[2026-08-19 08:26:43] 2026-08-19 08:26:43,764 - freqtrade.worker - INFO - Bot heartbeat. PID=22484, version='2026.6', state='RUNNING'
[2026-08-19 08:27:48] 2026-08-19 08:27:48,761 - freqtrade.worker - INFO - Bot heartbeat. PID=22484, version='2026.6', state='RUNNING'
[2026-08-19 08:28:48] 2026-08-19 08:28:48,858 - freqtrade.worker - INFO - Bot heartbeat. PID=22484, version='2026.6', state='RUNNING'
[2026-08-19 08:29:48] 2026-08-19 08:29:48,960 - freqtrade.worker - INFO - Bot heartbeat. PID=22484, version='2026.6', state='RUNNING'
[2026-08-19 08:30:51] 2026-08-19 08:30:51,023 - freqtrade.worker - INFO - Bot heartbeat. PID=22484, version='2026.6', state='RUNNING'
[2026-08-19 08:31:04] 2026-08-19 08:31:04,316 - freqtrade.wallets - INFO - Wallets synced.
[2026-08-19 08:31:51] 2026-08-19 08:31:51,082 - freqtrade.worker - INFO - Bot heartbeat. PID=22484, version='2026.6', state='RUNNING'
[2026-08-19 08:32:51] 2026-08-19 08:32:51,172 - freqtrade.worker - INFO - Bot heartbeat. PID=22484, version='2026.6', state='RUNNING'
[2026-08-19 08:33:51] 2026-08-19 08:33:51,274 - freqtrade.worker - INFO - Bot heartbeat. PID=22484, version='2026.6', state='RUNNING'
[2026-08-19 08:34:51] 2026-08-19 08:34:51,360 - freqtrade.worker - INFO - Bot heartbeat. PID=22484, version='2026.6', state='RUNNING'
[2026-08-19 08:35:51] 2026-08-19 08:35:51,441 - freqtrade.worker - INFO - Bot heartbeat. PID=22484, version='2026.6', state='RUNNING'
[2026-08-19 08:36:51] 2026-08-19 08:36:51,541 - freqtrade.worker - INFO - Bot heartbeat. PID=22484, version='2026.6', state='RUNNING'
[2026-08-19 08:37:51] 2026-08-19 08:37:51,640 - freqtrade.worker - INFO - Bot heartbeat. PID=22484, version='2026.6', state='RUNNING'
[2026-08-19 08:38:51] 2026-08-19 08:38:51,740 - freqtrade.worker - INFO - Bot heartbeat. PID=22484, version='2026.6', state='RUNNING'
[2026-08-19 08:39:51] 2026-08-19 08:39:51,824 - freqtrade.worker - INFO - Bot heartbeat. PID=22484, version='2026.6', state='RUNNING'
[2026-08-19 08:40:51] 2026-08-19 08:40:51,925 - freqtrade.worker - INFO - Bot heartbeat. PID=22484, version='2026.6', state='RUNNING'
[2026-08-19 08:41:52] 2026-08-19 08:41:52,004 - freqtrade.worker - INFO - Bot heartbeat. PID=22484, version='2026.6', state='RUNNING'
[2026-08-19 08:42:52] 2026-08-19 08:42:52,083 - freqtrade.worker - INFO - Bot heartbeat. PID=22484, version='2026.6', state='RUNNING'
[2026-08-19 08:43:52] 2026-08-19 08:43:52,171 - freqtrade.worker - INFO - Bot heartbeat. PID=22484, version='2026.6', state='RUNNING'
[2026-08-19 08:44:52] 2026-08-19 08:44:52,268 - freqtrade.worker - INFO - Bot heartbeat. PID=22484, version='2026.6', state='RUNNING'
[2026-08-19 08:45:54] 2026-08-19 08:45:54,303 - freqtrade.worker - INFO - Bot heartbeat. PID=22484, version='2026.6', state='RUNNING'
[2026-08-19 08:46:54] 2026-08-19 08:46:54,390 - freqtrade.worker - INFO - Bot heartbeat. PID=22484, version='2026.6', state='RUNNING'
[2026-08-19 08:47:54] 2026-08-19 08:47:54,483 - freqtrade.worker - INFO - Bot heartbeat. PID=22484, version='2026.6', state='RUNNING'
[2026-08-19 08:48:54] 2026-08-19 08:48:54,550 - freqtrade.worker - INFO - Bot heartbeat. PID=22484, version='2026.6', state='RUNNING'
[2026-08-19 08:49:54] 2026-08-19 08:49:54,650 - freqtrade.worker - INFO - Bot heartbeat. PID=22484, version='2026.6', state='RUNNING'
[2026-08-19 08:50:54] 2026-08-19 08:50:54,739 - freqtrade.worker - INFO - Bot heartbeat. PID=22484, version='2026.6', state='RUNNING'
[2026-08-19 08:51:54] 2026-08-19 08:51:54,807 - freqtrade.worker - INFO - Bot heartbeat. PID=22484, version='2026.6', state='RUNNING'
[2026-08-19 08:52:54] 2026-08-19 08:52:54,895 - freqtrade.worker - INFO - Bot heartbeat. PID=22484, version='2026.6', state='RUNNING'
[2026-08-19 08:53:55] 2026-08-19 08:53:54,978 - freqtrade.worker - INFO - Bot heartbeat. PID=22484, version='2026.6', state='RUNNING'
[2026-08-19 08:54:55] 2026-08-19 08:54:55,075 - freqtrade.worker - INFO - Bot heartbeat. PID=22484, version='2026.6', state='RUNNING'
[2026-08-19 08:55:55] 2026-08-19 08:55:55,173 - freqtrade.worker - INFO - Bot heartbeat. PID=22484, version='2026.6', state='RUNNING'
[2026-08-19 08:56:55] 2026-08-19 08:56:55,273 - freqtrade.worker - INFO - Bot heartbeat. PID=22484, version='2026.6', state='RUNNING'
[2026-08-19 08:57:55] 2026-08-19 08:57:55,366 - freqtrade.worker - INFO - Bot heartbeat. PID=22484, version='2026.6', state='RUNNING'
[2026-08-19 08:58:55] 2026-08-19 08:58:55,445 - freqtrade.worker - INFO - Bot heartbeat. PID=22484, version='2026.6', state='RUNNING'
[2026-08-19 08:59:55] 2026-08-19 08:59:55,536 - freqtrade.worker - INFO - Bot heartbeat. PID=22484, version='2026.6', state='RUNNING'
[2026-08-19 09:00:18] 2026-08-19 09:00:18,609 - BreakoutV16GridV15QualityPfCombinedLiveParityFreqtrade - INFO - V16+Grid LIVE full context waiting: target=2026-08-18 23:00:00+00:00 ready=35/50
[2026-08-19 09:00:18] missing_or_stale=B/USDT:USDT,BCH/USDT:USDT,BTC/USDT:USDT,CRV/USDT:USDT,DOGE/USDT:USDT,DOT/USDT:USDT,FIL/USDT:USDT,HBAR/USDT:USDT,JTO/USDT:USDT,PENGU/USDT:USDT,RENDER/USDT:USDT,SIREN/USDT:USDT,SOL/USDT
[2026-08-19 09:00:18] :USDT,TAO/USDT:USDT,XMR/USDT:USDT
[2026-08-19 09:00:34] 2026-08-19 09:00:33,925 - BreakoutV10FGridV8DualSideFreqtrade - INFO - LIVE context synchronized: target=2026-08-18 23:00:00+00:00 pairs=50 candidates=none
[2026-08-19 09:00:59] 2026-08-19 09:00:59,287 - freqtrade.worker - INFO - Bot heartbeat. PID=22484, version='2026.6', state='RUNNING'
[2026-08-19 09:01:07] 2026-08-19 09:01:07,417 - freqtrade.wallets - INFO - Wallets synced.
[2026-08-19 09:01:59] 2026-08-19 09:01:59,391 - freqtrade.worker - INFO - Bot heartbeat. PID=22484, version='2026.6', state='RUNNING'
[2026-08-19 09:02:59] 2026-08-19 09:02:59,481 - freqtrade.worker - INFO - Bot heartbeat. PID=22484, version='2026.6', state='RUNNING'
[2026-08-19 09:04:04] 2026-08-19 09:04:04,473 - freqtrade.worker - INFO - Bot heartbeat. PID=22484, version='2026.6', state='RUNNING'
[2026-08-19 09:05:04] 2026-08-19 09:05:04,568 - freqtrade.worker - INFO - Bot heartbeat. PID=22484, version='2026.6', state='RUNNING'
[2026-08-19 09:06:04] 2026-08-19 09:06:04,640 - freqtrade.worker - INFO - Bot heartbeat. PID=22484, version='2026.6', state='RUNNING'
[2026-08-19 09:07:04] 2026-08-19 09:07:04,724 - freqtrade.worker - INFO - Bot heartbeat. PID=22484, version='2026.6', state='RUNNING'
[2026-08-19 09:08:04] 2026-08-19 09:08:04,818 - freqtrade.worker - INFO - Bot heartbeat. PID=22484, version='2026.6', state='RUNNING'
[2026-08-19 09:09:04] 2026-08-19 09:09:04,913 - freqtrade.worker - INFO - Bot heartbeat. PID=22484, version='2026.6', state='RUNNING'
[2026-08-19 09:10:05] 2026-08-19 09:10:05,003 - freqtrade.worker - INFO - Bot heartbeat. PID=22484, version='2026.6', state='RUNNING'
[2026-08-19 09:10:22] 2026-08-19 09:10:22,252 - freqtrade.plugins.pairlistmanager - INFO - Whitelist with 50 pairs: ['BTC/USDT:USDT', 'ETH/USDT:USDT', 'SOL/USDT:USDT', 'ZEC/USDT:USDT', 'HYPE/USDT:USDT', 'XRP/USDT:USDT',
[2026-08-19 09:10:22] 'DOGE/USDT:USDT', 'BNB/USDT:USDT', 'SIREN/USDT:USDT', '1000PEPE/USDT:USDT', 'TAO/USDT:USDT', 'NEAR/USDT:USDT', 'WLD/USDT:USDT', 'SUI/USDT:USDT', 'ADA/USDT:USDT', 'SEI/USDT:USDT', 'AVAX/USDT:USDT',
[2026-08-19 09:10:22] 'ENA/USDT:USDT', 'LINK/USDT:USDT', 'FIL/USDT:USDT', 'XLM/USDT:USDT', 'BCH/USDT:USDT', 'ONDO/USDT:USDT', 'TRUMP/USDT:USDT', 'AAVE/USDT:USDT', 'DOT/USDT:USDT', 'PENGU/USDT:USDT', 'LTC/USDT:USDT',
[2026-08-19 09:10:22] 'TRX/USDT:USDT', 'FET/USDT:USDT', 'UNI/USDT:USDT', 'INJ/USDT:USDT', 'DASH/USDT:USDT', 'B/USDT:USDT', 'ARB/USDT:USDT', '1000SHIB/USDT:USDT', 'APE/USDT:USDT', 'XMR/USDT:USDT', 'APT/USDT:USDT',
[2026-08-19 09:10:22] 'WIF/USDT:USDT', 'ICP/USDT:USDT', 'ETC/USDT:USDT', 'VIRTUAL/USDT:USDT', 'HBAR/USDT:USDT', 'RENDER/USDT:USDT', 'CRV/USDT:USDT', 'JTO/USDT:USDT', 'OP/USDT:USDT', 'CHZ/USDT:USDT', '1000BONK/USDT:USDT']
[2026-08-19 09:11:05] 2026-08-19 09:11:05,069 - freqtrade.worker - INFO - Bot heartbeat. PID=22484, version='2026.6', state='RUNNING'
[2026-08-19 09:11:55] 状态刷新失败：Freqtrade API 不可用：timed out；将在 20 秒后重试。
[2026-08-19 09:12:05] 2026-08-19 09:12:05,143 - freqtrade.worker - INFO - Bot heartbeat. PID=22484, version='2026.6', state='RUNNING'
[2026-08-19 09:13:05] 2026-08-19 09:13:05,221 - freqtrade.worker - INFO - Bot heartbeat. PID=22484, version='2026.6', state='RUNNING'
[2026-08-19 09:14:05] 2026-08-19 09:14:05,310 - freqtrade.worker - INFO - Bot heartbeat. PID=22484, version='2026.6', state='RUNNING'
[2026-08-19 09:15:07] 2026-08-19 09:15:07,367 - freqtrade.worker - INFO - Bot heartbeat. PID=22484, version='2026.6', state='RUNNING'
[2026-08-19 09:16:07] 2026-08-19 09:16:07,496 - freqtrade.worker - INFO - Bot heartbeat. PID=22484, version='2026.6', state='RUNNING'
[2026-08-19 09:17:07] 2026-08-19 09:17:07,585 - freqtrade.worker - INFO - Bot heartbeat. PID=22484, version='2026.6', state='RUNNING'
[2026-08-19 09:18:07] 2026-08-19 09:18:07,658 - freqtrade.worker - INFO - Bot heartbeat. PID=22484, version='2026.6', state='RUNNING'
[2026-08-19 09:19:07] 2026-08-19 09:19:07,736 - freqtrade.worker - INFO - Bot heartbeat. PID=22484, version='2026.6', state='RUNNING'
[2026-08-19 09:20:07] 2026-08-19 09:20:07,820 - freqtrade.worker - INFO - Bot heartbeat. PID=22484, version='2026.6', state='RUNNING'
[2026-08-19 09:21:07] 2026-08-19 09:21:07,917 - freqtrade.worker - INFO - Bot heartbeat. PID=22484, version='2026.6', state='RUNNING'
[2026-08-19 09:22:08] 2026-08-19 09:22:08,007 - freqtrade.worker - INFO - Bot heartbeat. PID=22484, version='2026.6', state='RUNNING'
[2026-08-19 09:23:08] 2026-08-19 09:23:08,081 - freqtrade.worker - INFO - Bot heartbeat. PID=22484, version='2026.6', state='RUNNING'
[2026-08-19 09:24:08] 2026-08-19 09:24:08,162 - freqtrade.worker - INFO - Bot heartbeat. PID=22484, version='2026.6', state='RUNNING'
[2026-08-19 09:25:08] 2026-08-19 09:25:08,238 - freqtrade.worker - INFO - Bot heartbeat. PID=22484, version='2026.6', state='RUNNING'
[2026-08-19 09:26:08] 2026-08-19 09:26:08,333 - freqtrade.worker - INFO - Bot heartbeat. PID=22484, version='2026.6', state='RUNNING'
[2026-08-19 09:27:08] 2026-08-19 09:27:08,423 - freqtrade.worker - INFO - Bot heartbeat. PID=22484, version='2026.6', state='RUNNING'
[2026-08-19 09:28:08] 2026-08-19 09:28:08,508 - freqtrade.worker - INFO - Bot heartbeat. PID=22484, version='2026.6', state='RUNNING'
[2026-08-19 09:29:08] 2026-08-19 09:29:08,578 - freqtrade.worker - INFO - Bot heartbeat. PID=22484, version='2026.6', state='RUNNING'
[2026-08-19 09:30:10] 2026-08-19 09:30:10,657 - freqtrade.worker - INFO - Bot heartbeat. PID=22484, version='2026.6', state='RUNNING'
[2026-08-19 09:31:03] 2026-08-19 09:31:03,602 - freqtrade.wallets - INFO - Wallets synced.
[2026-08-19 09:31:10] 2026-08-19 09:31:10,741 - freqtrade.worker - INFO - Bot heartbeat. PID=22484, version='2026.6', state='RUNNING'
[2026-08-19 09:32:10] 2026-08-19 09:32:10,845 - freqtrade.worker - INFO - Bot heartbeat. PID=22484, version='2026.6', state='RUNNING'
[2026-08-19 09:33:10] 2026-08-19 09:33:10,926 - freqtrade.worker - INFO - Bot heartbeat. PID=22484, version='2026.6', state='RUNNING'
[2026-08-19 09:34:11] 2026-08-19 09:34:11,005 - freqtrade.worker - INFO - Bot heartbeat. PID=22484, version='2026.6', state='RUNNING'
[2026-08-19 09:35:11] 2026-08-19 09:35:11,088 - freqtrade.worker - INFO - Bot heartbeat. PID=22484, version='2026.6', state='RUNNING'
[2026-08-19 09:36:11] 2026-08-19 09:36:11,183 - freqtrade.worker - INFO - Bot heartbeat. PID=22484, version='2026.6', state='RUNNING'
[2026-08-19 09:37:11] 2026-08-19 09:37:11,285 - freqtrade.worker - INFO - Bot heartbeat. PID=22484, version='2026.6', state='RUNNING'
[2026-08-19 09:38:11] 2026-08-19 09:38:11,365 - freqtrade.worker - INFO - Bot heartbeat. PID=22484, version='2026.6', state='RUNNING'
[2026-08-19 09:39:11] 2026-08-19 09:39:11,448 - freqtrade.worker - INFO - Bot heartbeat. PID=22484, version='2026.6', state='RUNNING'
[2026-08-19 09:40:11] 2026-08-19 09:40:11,534 - freqtrade.worker - INFO - Bot heartbeat. PID=22484, version='2026.6', state='RUNNING'
[2026-08-19 09:41:11] 2026-08-19 09:41:11,628 - freqtrade.worker - INFO - Bot heartbeat. PID=22484, version='2026.6', state='RUNNING'
[2026-08-19 09:42:11] 2026-08-19 09:42:11,724 - freqtrade.worker - INFO - Bot heartbeat. PID=22484, version='2026.6', state='RUNNING'
[2026-08-19 09:43:11] 2026-08-19 09:43:11,811 - freqtrade.worker - INFO - Bot heartbeat. PID=22484, version='2026.6', state='RUNNING'
[2026-08-19 09:44:11] 2026-08-19 09:44:11,900 - freqtrade.worker - INFO - Bot heartbeat. PID=22484, version='2026.6', state='RUNNING'
[2026-08-19 09:45:14] 2026-08-19 09:45:14,517 - freqtrade.worker - INFO - Bot heartbeat. PID=22484, version='2026.6', state='RUNNING'
[2026-08-19 09:46:14] 2026-08-19 09:46:14,611 - freqtrade.worker - INFO - Bot heartbeat. PID=22484, version='2026.6', state='RUNNING'
[2026-08-19 09:47:14] 2026-08-19 09:47:14,682 - freqtrade.worker - INFO - Bot heartbeat. PID=22484, version='2026.6', state='RUNNING'
[2026-08-19 09:48:14] 2026-08-19 09:48:14,771 - freqtrade.worker - INFO - Bot heartbeat. PID=22484, version='2026.6', state='RUNNING'
[2026-08-19 09:49:14] 2026-08-19 09:49:14,870 - freqtrade.worker - INFO - Bot heartbeat. PID=22484, version='2026.6', state='RUNNING'
[2026-08-19 09:50:15] 2026-08-19 09:50:14,959 - freqtrade.worker - INFO - Bot heartbeat. PID=22484, version='2026.6', state='RUNNING'
[2026-08-19 09:51:15] 2026-08-19 09:51:15,051 - freqtrade.worker - INFO - Bot heartbeat. PID=22484, version='2026.6', state='RUNNING'
[2026-08-19 09:52:15] 2026-08-19 09:52:15,136 - freqtrade.worker - INFO - Bot heartbeat. PID=22484, version='2026.6', state='RUNNING'
[2026-08-19 09:53:15] 2026-08-19 09:53:15,221 - freqtrade.worker - INFO - Bot heartbeat. PID=22484, version='2026.6', state='RUNNING'
[2026-08-19 09:54:15] 2026-08-19 09:54:15,298 - freqtrade.worker - INFO - Bot heartbeat. PID=22484, version='2026.6', state='RUNNING'
[2026-08-19 09:55:15] 2026-08-19 09:55:15,373 - freqtrade.worker - INFO - Bot heartbeat. PID=22484, version='2026.6', state='RUNNING'
[2026-08-19 09:56:15] 2026-08-19 09:56:15,465 - freqtrade.worker - INFO - Bot heartbeat. PID=22484, version='2026.6', state='RUNNING'
[2026-08-19 09:57:15] 2026-08-19 09:57:15,556 - freqtrade.worker - INFO - Bot heartbeat. PID=22484, version='2026.6', state='RUNNING'
[2026-08-19 09:58:15] 2026-08-19 09:58:15,651 - freqtrade.worker - INFO - Bot heartbeat. PID=22484, version='2026.6', state='RUNNING'
[2026-08-19 09:59:15] 2026-08-19 09:59:15,727 - freqtrade.worker - INFO - Bot heartbeat. PID=22484, version='2026.6', state='RUNNING'
[2026-08-19 10:00:19] 2026-08-19 10:00:19,081 - BreakoutV16GridV15QualityPfCombinedLiveParityFreqtrade - INFO - V16+Grid LIVE full context waiting: target=2026-08-19 00:00:00+00:00 ready=38/50
[2026-08-19 10:00:19] missing_or_stale=AVAX/USDT:USDT,CRV/USDT:USDT,DASH/USDT:USDT,DOGE/USDT:USDT,ETC/USDT:USDT,FIL/USDT:USDT,HBAR/USDT:USDT,ICP/USDT:USDT,OP/USDT:USDT,SOL/USDT:USDT,TRUMP/USDT:USDT,XMR/USDT:USDT
[2026-08-19 10:00:19] 2026-08-19 10:00:19,405 - freqtrade.worker - INFO - Bot heartbeat. PID=22484, version='2026.6', state='RUNNING'
[2026-08-19 10:00:32] 2026-08-19 10:00:32,985 - BreakoutV10FGridV8DualSideFreqtrade - INFO - LIVE context synchronized: target=2026-08-19 00:00:00+00:00 pairs=50 candidates=ADA/USDT:USDT:SHORT,FET/USDT:USDT:SHORT
[2026-08-19 10:00:33] 2026-08-19 10:00:33,331 - freqtrade.wallets - INFO - Wallets synced.
[2026-08-19 10:00:33] 2026-08-19 10:00:33,448 - freqtrade.freqtradebot - INFO - Short signal found: about create a new trade for ADA/USDT:USDT with stake_amount: 33.78228089915733 and price: 0.1736 ...
[2026-08-19 10:00:33] 2026-08-19 10:00:33,736 - BreakoutV16GridV15QualityPfCombinedLiveParityFreqtrade - INFO - V16+Grid LIVE parity entry decision: pair=ADA/USDT:USDT component=grid side=short target=2026-08-19
[2026-08-19 10:00:33] 00:00:00+00:00 age=33.449s rank=1 candidates=2 accepted=True
[2026-08-19 10:00:34] 2026-08-19 10:00:34,020 - freqtrade.freqtradebot - INFO - Order 67173507035 was created for ADA/USDT:USDT and status is closed.
[2026-08-19 10:00:34] 2026-08-19 10:00:34,139 - freqtrade.wallets - INFO - Wallets synced.
[2026-08-19 10:00:34] 2026-08-19 10:00:34,140 - freqtrade.rpc.rpc_manager - INFO - Sending rpc message: {'trade_id': 13, 'type': entry, 'buy_tag': 'grid_v8_short_s5', 'enter_tag': 'grid_v8_short_s5', 'exchange': 'Binance',
[2026-08-19 10:00:34] 'pair': 'ADA/USDT:USDT', 'leverage': 10.0, 'direction': 'Short', 'limit': 0.1736, 'order_rate': 0.1736, 'open_rate': 0.1736, 'order_type': 'market', 'stake_amount': 33.7652, 'stake_currency': 'USDT',
[2026-08-19 10:00:34] 'base_currency': 'ADA', 'quote_currency': 'USDT', 'fiat_currency': None, 'amount': 1945.0, 'open_date': datetime.datetime(2026, 8, 19, 1, 0, 34, 22315, tzinfo=datetime.timezone.utc), 'current_rate':
[2026-08-19 10:00:34] 0.1736, 'sub_trade': False}
[2026-08-19 10:00:34] 2026-08-19 10:00:34,141 - freqtrade.freqtradebot - INFO - Found open order for Trade(id=13, pair=ADA/USDT:USDT, amount=1945, is_short=True, leverage=10, open_rate=0.1736, open_since=2026-08-19
[2026-08-19 10:00:34] 01:00:34)
[2026-08-19 10:00:34] 2026-08-19 10:00:34,400 - freqtrade.persistence.trade_model - INFO - Updating trade (id=13) ...
[2026-08-19 10:00:34] 2026-08-19 10:00:34,402 - freqtrade.persistence.trade_model - INFO - MARKET_SELL has been fulfilled for Trade(id=13, pair=ADA/USDT:USDT, amount=1945, is_short=True, leverage=10, open_rate=0.1736,
[2026-08-19 10:00:34] open_since=2026-08-19 01:00:34).
[2026-08-19 10:00:34] 2026-08-19 10:00:34,688 - freqtrade.wallets - INFO - Wallets synced.
[2026-08-19 10:00:34] 2026-08-19 10:00:34,693 - freqtrade.rpc.rpc_manager - INFO - Sending rpc message: {'trade_id': 13, 'type': entry_fill, 'buy_tag': 'grid_v8_short_s5', 'enter_tag': 'grid_v8_short_s5', 'exchange':
[2026-08-19 10:00:34] 'Binance', 'pair': 'ADA/USDT:USDT', 'leverage': 10.0, 'direction': 'Short', 'limit': 0.1736, 'order_rate': 0.1736, 'open_rate': 0.1736, 'order_type': 'market', 'stake_amount': 33.7652,
[2026-08-19 10:00:34] 'stake_currency': 'USDT', 'base_currency': 'ADA', 'quote_currency': 'USDT', 'fiat_currency': None, 'amount': 1945.0, 'open_date': datetime.datetime(2026, 8, 19, 1, 0, 34, 22315,
[2026-08-19 10:00:34] tzinfo=datetime.timezone.utc), 'current_rate': 0.1736, 'sub_trade': False}
[2026-08-19 10:00:35] 2026-08-19 10:00:35,833 - freqtrade.exchange.exchange - INFO - stoploss market order added for ADA/USDT:USDT. stop price: 0.1775. limit: None
[2026-08-19 10:01:09] 2026-08-19 10:01:09,692 - freqtrade.wallets - INFO - Wallets synced.
[2026-08-19 10:01:19] 2026-08-19 10:01:19,778 - freqtrade.worker - INFO - Bot heartbeat. PID=22484, version='2026.6', state='RUNNING'
[2026-08-19 10:02:19] 2026-08-19 10:02:19,880 - freqtrade.worker - INFO - Bot heartbeat. PID=22484, version='2026.6', state='RUNNING'
[2026-08-19 10:03:19] 2026-08-19 10:03:19,976 - freqtrade.worker - INFO - Bot heartbeat. PID=22484, version='2026.6', state='RUNNING'
[2026-08-19 10:04:20] 2026-08-19 10:04:20,046 - freqtrade.worker - INFO - Bot heartbeat. PID=22484, version='2026.6', state='RUNNING'
[2026-08-19 10:05:20] 2026-08-19 10:05:20,133 - freqtrade.worker - INFO - Bot heartbeat. PID=22484, version='2026.6', state='RUNNING'
[2026-08-19 10:06:20] 2026-08-19 10:06:20,230 - freqtrade.worker - INFO - Bot heartbeat. PID=22484, version='2026.6', state='RUNNING'
[2026-08-19 10:07:20] 2026-08-19 10:07:20,321 - freqtrade.worker - INFO - Bot heartbeat. PID=22484, version='2026.6', state='RUNNING'
[2026-08-19 10:08:20] 2026-08-19 10:08:20,399 - freqtrade.worker - INFO - Bot heartbeat. PID=22484, version='2026.6', state='RUNNING'
[2026-08-19 10:09:20] 2026-08-19 10:09:20,488 - freqtrade.worker - INFO - Bot heartbeat. PID=22484, version='2026.6', state='RUNNING'
[2026-08-19 10:10:20] 2026-08-19 10:10:20,577 - freqtrade.worker - INFO - Bot heartbeat. PID=22484, version='2026.6', state='RUNNING'
[2026-08-19 10:10:26] 2026-08-19 10:10:26,791 - freqtrade.plugins.pairlistmanager - INFO - Whitelist with 50 pairs: ['BTC/USDT:USDT', 'ETH/USDT:USDT', 'SOL/USDT:USDT', 'ZEC/USDT:USDT', 'HYPE/USDT:USDT', 'XRP/USDT:USDT',
[2026-08-19 10:10:26] 'DOGE/USDT:USDT', 'BNB/USDT:USDT', 'SIREN/USDT:USDT', '1000PEPE/USDT:USDT', 'TAO/USDT:USDT', 'NEAR/USDT:USDT', 'WLD/USDT:USDT', 'SUI/USDT:USDT', 'ADA/USDT:USDT', 'SEI/USDT:USDT', 'AVAX/USDT:USDT',
[2026-08-19 10:10:26] 'ENA/USDT:USDT', 'LINK/USDT:USDT', 'FIL/USDT:USDT', 'XLM/USDT:USDT', 'BCH/USDT:USDT', 'ONDO/USDT:USDT', 'TRUMP/USDT:USDT', 'AAVE/USDT:USDT', 'DOT/USDT:USDT', 'PENGU/USDT:USDT', 'LTC/USDT:USDT',
[2026-08-19 10:10:26] 'TRX/USDT:USDT', 'FET/USDT:USDT', 'UNI/USDT:USDT', 'INJ/USDT:USDT', 'DASH/USDT:USDT', 'B/USDT:USDT', 'ARB/USDT:USDT', '1000SHIB/USDT:USDT', 'APE/USDT:USDT', 'XMR/USDT:USDT', 'APT/USDT:USDT',
[2026-08-19 10:10:26] 'WIF/USDT:USDT', 'ICP/USDT:USDT', 'ETC/USDT:USDT', 'VIRTUAL/USDT:USDT', 'HBAR/USDT:USDT', 'RENDER/USDT:USDT', 'CRV/USDT:USDT', 'JTO/USDT:USDT', 'OP/USDT:USDT', 'CHZ/USDT:USDT', '1000BONK/USDT:USDT']
[2026-08-19 10:11:20] 2026-08-19 10:11:20,670 - freqtrade.worker - INFO - Bot heartbeat. PID=22484, version='2026.6', state='RUNNING'
[2026-08-19 10:12:20] 2026-08-19 10:12:20,751 - freqtrade.worker - INFO - Bot heartbeat. PID=22484, version='2026.6', state='RUNNING'
[2026-08-19 10:13:20] 2026-08-19 10:13:20,842 - freqtrade.worker - INFO - Bot heartbeat. PID=22484, version='2026.6', state='RUNNING'
[2026-08-19 10:14:20] 2026-08-19 10:14:20,953 - freqtrade.worker - INFO - Bot heartbeat. PID=22484, version='2026.6', state='RUNNING'
[2026-08-19 10:15:24] 2026-08-19 10:15:24,508 - freqtrade.worker - INFO - Bot heartbeat. PID=22484, version='2026.6', state='RUNNING'
[2026-08-19 10:16:24] 2026-08-19 10:16:24,595 - freqtrade.worker - INFO - Bot heartbeat. PID=22484, version='2026.6', state='RUNNING'
[2026-08-19 10:17:24] 2026-08-19 10:17:24,675 - freqtrade.worker - INFO - Bot heartbeat. PID=22484, version='2026.6', state='RUNNING'
[2026-08-19 10:18:24] 2026-08-19 10:18:24,787 - freqtrade.worker - INFO - Bot heartbeat. PID=22484, version='2026.6', state='RUNNING'
[2026-08-19 10:19:24] 2026-08-19 10:19:24,871 - freqtrade.worker - INFO - Bot heartbeat. PID=22484, version='2026.6', state='RUNNING'
[2026-08-19 10:20:24] 2026-08-19 10:20:24,952 - freqtrade.worker - INFO - Bot heartbeat. PID=22484, version='2026.6', state='RUNNING'
[2026-08-19 10:21:25] 2026-08-19 10:21:25,046 - freqtrade.worker - INFO - Bot heartbeat. PID=22484, version='2026.6', state='RUNNING'
[2026-08-19 10:22:25] 2026-08-19 10:22:25,158 - freqtrade.worker - INFO - Bot heartbeat. PID=22484, version='2026.6', state='RUNNING'
[2026-08-19 10:23:25] 2026-08-19 10:23:25,250 - freqtrade.worker - INFO - Bot heartbeat. PID=22484, version='2026.6', state='RUNNING'
[2026-08-19 10:24:25] 2026-08-19 10:24:25,336 - freqtrade.worker - INFO - Bot heartbeat. PID=22484, version='2026.6', state='RUNNING'
[2026-08-19 10:25:25] 2026-08-19 10:25:25,415 - freqtrade.worker - INFO - Bot heartbeat. PID=22484, version='2026.6', state='RUNNING'
[2026-08-19 10:26:25] 2026-08-19 10:26:25,507 - freqtrade.worker - INFO - Bot heartbeat. PID=22484, version='2026.6', state='RUNNING'
[2026-08-19 10:27:25] 2026-08-19 10:27:25,602 - freqtrade.worker - INFO - Bot heartbeat. PID=22484, version='2026.6', state='RUNNING'
[2026-08-19 10:28:25] 2026-08-19 10:28:25,688 - freqtrade.worker - INFO - Bot heartbeat. PID=22484, version='2026.6', state='RUNNING'
[2026-08-19 10:29:25] 2026-08-19 10:29:25,779 - freqtrade.worker - INFO - Bot heartbeat. PID=22484, version='2026.6', state='RUNNING'
[2026-08-19 10:30:28] 2026-08-19 10:30:28,010 - freqtrade.worker - INFO - Bot heartbeat. PID=22484, version='2026.6', state='RUNNING'
[2026-08-19 10:31:08] 2026-08-19 10:31:08,122 - freqtrade.wallets - INFO - Wallets synced.
[2026-08-19 10:31:28] 2026-08-19 10:31:28,151 - freqtrade.worker - INFO - Bot heartbeat. PID=22484, version='2026.6', state='RUNNING'
[2026-08-19 10:32:28] 2026-08-19 10:32:28,220 - freqtrade.worker - INFO - Bot heartbeat. PID=22484, version='2026.6', state='RUNNING'
[2026-08-19 10:33:28] 2026-08-19 10:33:28,299 - freqtrade.worker - INFO - Bot heartbeat. PID=22484, version='2026.6', state='RUNNING'
[2026-08-19 10:34:28] 2026-08-19 10:34:28,383 - freqtrade.worker - INFO - Bot heartbeat. PID=22484, version='2026.6', state='RUNNING'
[2026-08-19 10:35:28] 2026-08-19 10:35:28,459 - freqtrade.worker - INFO - Bot heartbeat. PID=22484, version='2026.6', state='RUNNING'
[2026-08-19 10:36:28] 2026-08-19 10:36:28,544 - freqtrade.worker - INFO - Bot heartbeat. PID=22484, version='2026.6', state='RUNNING'
[2026-08-19 10:37:28] 2026-08-19 10:37:28,620 - freqtrade.worker - INFO - Bot heartbeat. PID=22484, version='2026.6', state='RUNNING'
[2026-08-19 10:38:28] 2026-08-19 10:38:28,708 - freqtrade.worker - INFO - Bot heartbeat. PID=22484, version='2026.6', state='RUNNING'
[2026-08-19 10:39:28] 2026-08-19 10:39:28,798 - freqtrade.worker - INFO - Bot heartbeat. PID=22484, version='2026.6', state='RUNNING'
[2026-08-19 10:40:28] 2026-08-19 10:40:28,866 - freqtrade.worker - INFO - Bot heartbeat. PID=22484, version='2026.6', state='RUNNING'
[2026-08-19 10:41:29] 2026-08-19 10:41:28,948 - freqtrade.worker - INFO - Bot heartbeat. PID=22484, version='2026.6', state='RUNNING'
[2026-08-19 10:42:23] 状态刷新失败：Freqtrade API 不可用：timed out；将在 20 秒后重试。
[2026-08-19 10:42:29] 2026-08-19 10:42:29,016 - freqtrade.worker - INFO - Bot heartbeat. PID=22484, version='2026.6', state='RUNNING'
[2026-08-19 10:43:29] 2026-08-19 10:43:29,074 - freqtrade.worker - INFO - Bot heartbeat. PID=22484, version='2026.6', state='RUNNING'
[2026-08-19 10:44:29] 2026-08-19 10:44:29,170 - freqtrade.worker - INFO - Bot heartbeat. PID=22484, version='2026.6', state='RUNNING'
[2026-08-19 10:45:31] 2026-08-19 10:45:31,387 - freqtrade.worker - INFO - Bot heartbeat. PID=22484, version='2026.6', state='RUNNING'
[2026-08-19 10:46:31] 2026-08-19 10:46:31,484 - freqtrade.worker - INFO - Bot heartbeat. PID=22484, version='2026.6', state='RUNNING'
[2026-08-19 10:47:31] 2026-08-19 10:47:31,570 - freqtrade.worker - INFO - Bot heartbeat. PID=22484, version='2026.6', state='RUNNING'
[2026-08-19 10:48:31] 2026-08-19 10:48:31,658 - freqtrade.worker - INFO - Bot heartbeat. PID=22484, version='2026.6', state='RUNNING'
[2026-08-19 10:49:31] 2026-08-19 10:49:31,750 - freqtrade.worker - INFO - Bot heartbeat. PID=22484, version='2026.6', state='RUNNING'
[2026-08-19 10:50:31] 2026-08-19 10:50:31,830 - freqtrade.worker - INFO - Bot heartbeat. PID=22484, version='2026.6', state='RUNNING'
[2026-08-19 10:51:31] 2026-08-19 10:51:31,901 - freqtrade.worker - INFO - Bot heartbeat. PID=22484, version='2026.6', state='RUNNING'
[2026-08-19 10:52:27] 状态刷新失败：Freqtrade API 不可用：timed out；将在 20 秒后重试。
[2026-08-19 10:52:36] 2026-08-19 10:52:36,899 - freqtrade.worker - INFO - Bot heartbeat. PID=22484, version='2026.6', state='RUNNING'
[2026-08-19 10:53:37] 2026-08-19 10:53:36,992 - freqtrade.worker - INFO - Bot heartbeat. PID=22484, version='2026.6', state='RUNNING'
[2026-08-19 10:54:37] 2026-08-19 10:54:37,070 - freqtrade.worker - INFO - Bot heartbeat. PID=22484, version='2026.6', state='RUNNING'
[2026-08-19 10:55:37] 2026-08-19 10:55:37,170 - freqtrade.worker - INFO - Bot heartbeat. PID=22484, version='2026.6', state='RUNNING'
[2026-08-19 10:56:37] 2026-08-19 10:56:37,250 - freqtrade.worker - INFO - Bot heartbeat. PID=22484, version='2026.6', state='RUNNING'
[2026-08-19 10:57:37] 2026-08-19 10:57:37,327 - freqtrade.worker - INFO - Bot heartbeat. PID=22484, version='2026.6', state='RUNNING'
[2026-08-19 10:58:37] 2026-08-19 10:58:37,413 - freqtrade.worker - INFO - Bot heartbeat. PID=22484, version='2026.6', state='RUNNING'
[2026-08-19 10:59:37] 2026-08-19 10:59:37,502 - freqtrade.worker - INFO - Bot heartbeat. PID=22484, version='2026.6', state='RUNNING'
[2026-08-19 11:00:18] 2026-08-19 11:00:18,020 - BreakoutV16GridV15QualityPfCombinedLiveParityFreqtrade - INFO - V16+Grid LIVE full context waiting: target=2026-08-19 01:00:00+00:00 ready=32/50
[2026-08-19 11:00:18] missing_or_stale=1000SHIB/USDT:USDT,AAVE/USDT:USDT,ADA/USDT:USDT,B/USDT:USDT,BCH/USDT:USDT,BTC/USDT:USDT,CRV/USDT:USDT,FIL/USDT:USDT,HBAR/USDT:USDT,ICP/USDT:USDT,PENGU/USDT:USDT,RENDER/USDT:USDT,SIREN
[2026-08-19 11:00:18] /USDT:USDT,SOL/USDT:USDT,TRUMP/USDT:USDT,TRX/USDT:USDT,XLM/USDT:USDT,XMR/USDT:USDT
[2026-08-19 11:00:34] 2026-08-19 11:00:34,354 - BreakoutV10FGridV8DualSideFreqtrade - INFO - LIVE context synchronized: target=2026-08-19 01:00:00+00:00 pairs=50 candidates=none
[2026-08-19 11:00:39] 2026-08-19 11:00:39,872 - freqtrade.worker - INFO - Bot heartbeat. PID=22484, version='2026.6', state='RUNNING'
[2026-08-19 11:01:09] 2026-08-19 11:01:09,569 - freqtrade.wallets - INFO - Wallets synced.
[2026-08-19 11:01:40] 2026-08-19 11:01:39,961 - freqtrade.worker - INFO - Bot heartbeat. PID=22484, version='2026.6', state='RUNNING'
[2026-08-19 11:02:40] 2026-08-19 11:02:40,038 - freqtrade.worker - INFO - Bot heartbeat. PID=22484, version='2026.6', state='RUNNING'
[2026-08-19 11:03:40] 2026-08-19 11:03:40,117 - freqtrade.worker - INFO - Bot heartbeat. PID=22484, version='2026.6', state='RUNNING'
[2026-08-19 11:04:40] 2026-08-19 11:04:40,215 - freqtrade.worker - INFO - Bot heartbeat. PID=22484, version='2026.6', state='RUNNING'
[2026-08-19 11:05:40] 2026-08-19 11:05:40,289 - freqtrade.worker - INFO - Bot heartbeat. PID=22484, version='2026.6', state='RUNNING'
[2026-08-19 11:06:40] 2026-08-19 11:06:40,380 - freqtrade.worker - INFO - Bot heartbeat. PID=22484, version='2026.6', state='RUNNING'
[2026-08-19 11:07:40] 2026-08-19 11:07:40,435 - freqtrade.worker - INFO - Bot heartbeat. PID=22484, version='2026.6', state='RUNNING'
[2026-08-19 11:08:40] 2026-08-19 11:08:40,527 - freqtrade.worker - INFO - Bot heartbeat. PID=22484, version='2026.6', state='RUNNING'
[2026-08-19 11:09:40] 2026-08-19 11:09:40,612 - freqtrade.worker - INFO - Bot heartbeat. PID=22484, version='2026.6', state='RUNNING'
[2026-08-19 11:10:32] 2026-08-19 11:10:32,273 - freqtrade.plugins.pairlistmanager - INFO - Whitelist with 50 pairs: ['BTC/USDT:USDT', 'ETH/USDT:USDT', 'SOL/USDT:USDT', 'ZEC/USDT:USDT', 'HYPE/USDT:USDT', 'XRP/USDT:USDT',
[2026-08-19 11:10:32] 'DOGE/USDT:USDT', 'BNB/USDT:USDT', 'SIREN/USDT:USDT', '1000PEPE/USDT:USDT', 'TAO/USDT:USDT', 'NEAR/USDT:USDT', 'WLD/USDT:USDT', 'SUI/USDT:USDT', 'ADA/USDT:USDT', 'SEI/USDT:USDT', 'AVAX/USDT:USDT',
[2026-08-19 11:10:32] 'ENA/USDT:USDT', 'LINK/USDT:USDT', 'FIL/USDT:USDT', 'XLM/USDT:USDT', 'BCH/USDT:USDT', 'ONDO/USDT:USDT', 'TRUMP/USDT:USDT', 'AAVE/USDT:USDT', 'DOT/USDT:USDT', 'PENGU/USDT:USDT', 'LTC/USDT:USDT',
[2026-08-19 11:10:32] 'TRX/USDT:USDT', 'FET/USDT:USDT', 'UNI/USDT:USDT', 'INJ/USDT:USDT', 'DASH/USDT:USDT', 'B/USDT:USDT', 'ARB/USDT:USDT', '1000SHIB/USDT:USDT', 'APE/USDT:USDT', 'XMR/USDT:USDT', 'APT/USDT:USDT',
[2026-08-19 11:10:32] 'WIF/USDT:USDT', 'ICP/USDT:USDT', 'ETC/USDT:USDT', 'VIRTUAL/USDT:USDT', 'HBAR/USDT:USDT', 'RENDER/USDT:USDT', 'CRV/USDT:USDT', 'JTO/USDT:USDT', 'OP/USDT:USDT', 'CHZ/USDT:USDT', '1000BONK/USDT:USDT']
[2026-08-19 11:10:40] 2026-08-19 11:10:40,703 - freqtrade.worker - INFO - Bot heartbeat. PID=22484, version='2026.6', state='RUNNING'
[2026-08-19 11:11:40] 2026-08-19 11:11:40,811 - freqtrade.worker - INFO - Bot heartbeat. PID=22484, version='2026.6', state='RUNNING'
[2026-08-19 11:12:40] 2026-08-19 11:12:40,919 - freqtrade.worker - INFO - Bot heartbeat. PID=22484, version='2026.6', state='RUNNING'
[2026-08-19 11:13:41] 2026-08-19 11:13:41,012 - freqtrade.worker - INFO - Bot heartbeat. PID=22484, version='2026.6', state='RUNNING'
[2026-08-19 11:14:41] 2026-08-19 11:14:41,103 - freqtrade.worker - INFO - Bot heartbeat. PID=22484, version='2026.6', state='RUNNING'
[2026-08-19 11:15:43] 2026-08-19 11:15:43,438 - freqtrade.worker - INFO - Bot heartbeat. PID=22484, version='2026.6', state='RUNNING'
[2026-08-19 11:16:43] 2026-08-19 11:16:43,539 - freqtrade.worker - INFO - Bot heartbeat. PID=22484, version='2026.6', state='RUNNING'
[2026-08-19 11:17:43] 2026-08-19 11:17:43,639 - freqtrade.worker - INFO - Bot heartbeat. PID=22484, version='2026.6', state='RUNNING'
[2026-08-19 11:18:43] 2026-08-19 11:18:43,729 - freqtrade.worker - INFO - Bot heartbeat. PID=22484, version='2026.6', state='RUNNING'
[2026-08-19 11:19:43] 2026-08-19 11:19:43,805 - freqtrade.worker - INFO - Bot heartbeat. PID=22484, version='2026.6', state='RUNNING'
[2026-08-19 11:20:43] 2026-08-19 11:20:43,900 - freqtrade.worker - INFO - Bot heartbeat. PID=22484, version='2026.6', state='RUNNING'
[2026-08-19 11:21:44] 2026-08-19 11:21:43,987 - freqtrade.worker - INFO - Bot heartbeat. PID=22484, version='2026.6', state='RUNNING'
[2026-08-19 11:22:44] 2026-08-19 11:22:44,067 - freqtrade.worker - INFO - Bot heartbeat. PID=22484, version='2026.6', state='RUNNING'
[2026-08-19 11:23:44] 2026-08-19 11:23:44,150 - freqtrade.worker - INFO - Bot heartbeat. PID=22484, version='2026.6', state='RUNNING'
[2026-08-19 11:24:44] 2026-08-19 11:24:44,246 - freqtrade.worker - INFO - Bot heartbeat. PID=22484, version='2026.6', state='RUNNING'
[2026-08-19 11:25:44] 2026-08-19 11:25:44,329 - freqtrade.worker - INFO - Bot heartbeat. PID=22484, version='2026.6', state='RUNNING'
[2026-08-19 11:26:44] 2026-08-19 11:26:44,409 - freqtrade.worker - INFO - Bot heartbeat. PID=22484, version='2026.6', state='RUNNING'
[2026-08-19 11:27:44] 2026-08-19 11:27:44,503 - freqtrade.worker - INFO - Bot heartbeat. PID=22484, version='2026.6', state='RUNNING'
[2026-08-19 11:28:44] 2026-08-19 11:28:44,603 - freqtrade.worker - INFO - Bot heartbeat. PID=22484, version='2026.6', state='RUNNING'
[2026-08-19 11:29:44] 2026-08-19 11:29:44,693 - freqtrade.worker - INFO - Bot heartbeat. PID=22484, version='2026.6', state='RUNNING'
[2026-08-19 11:30:47] 2026-08-19 11:30:46,965 - freqtrade.worker - INFO - Bot heartbeat. PID=22484, version='2026.6', state='RUNNING'
[2026-08-19 11:31:06] 2026-08-19 11:31:06,785 - freqtrade.wallets - INFO - Wallets synced.
[2026-08-19 11:31:47] 2026-08-19 11:31:47,049 - freqtrade.worker - INFO - Bot heartbeat. PID=22484, version='2026.6', state='RUNNING'
[2026-08-19 11:32:47] 2026-08-19 11:32:47,134 - freqtrade.worker - INFO - Bot heartbeat. PID=22484, version='2026.6', state='RUNNING'
[2026-08-19 11:33:47] 2026-08-19 11:33:47,231 - freqtrade.worker - INFO - Bot heartbeat. PID=22484, version='2026.6', state='RUNNING'
[2026-08-19 11:34:47] 2026-08-19 11:34:47,320 - freqtrade.worker - INFO - Bot heartbeat. PID=22484, version='2026.6', state='RUNNING'
[2026-08-19 11:35:47] 2026-08-19 11:35:47,392 - freqtrade.worker - INFO - Bot heartbeat. PID=22484, version='2026.6', state='RUNNING'
[2026-08-19 11:36:47] 2026-08-19 11:36:47,475 - freqtrade.worker - INFO - Bot heartbeat. PID=22484, version='2026.6', state='RUNNING'
[2026-08-19 11:37:47] 2026-08-19 11:37:47,558 - freqtrade.worker - INFO - Bot heartbeat. PID=22484, version='2026.6', state='RUNNING'
[2026-08-19 11:38:47] 2026-08-19 11:38:47,653 - freqtrade.worker - INFO - Bot heartbeat. PID=22484, version='2026.6', state='RUNNING'
[2026-08-19 11:39:47] 2026-08-19 11:39:47,729 - freqtrade.worker - INFO - Bot heartbeat. PID=22484, version='2026.6', state='RUNNING'
[2026-08-19 11:40:47] 2026-08-19 11:40:47,819 - freqtrade.worker - INFO - Bot heartbeat. PID=22484, version='2026.6', state='RUNNING'
[2026-08-19 11:41:47] 2026-08-19 11:41:47,912 - freqtrade.worker - INFO - Bot heartbeat. PID=22484, version='2026.6', state='RUNNING'
[2026-08-19 11:42:48] 2026-08-19 11:42:47,992 - freqtrade.worker - INFO - Bot heartbeat. PID=22484, version='2026.6', state='RUNNING'
[2026-08-19 11:43:48] 2026-08-19 11:43:48,073 - freqtrade.worker - INFO - Bot heartbeat. PID=22484, version='2026.6', state='RUNNING'
[2026-08-19 11:44:48] 2026-08-19 11:44:48,150 - freqtrade.worker - INFO - Bot heartbeat. PID=22484, version='2026.6', state='RUNNING'
[2026-08-19 11:45:50] 2026-08-19 11:45:50,625 - freqtrade.worker - INFO - Bot heartbeat. PID=22484, version='2026.6', state='RUNNING'
[2026-08-19 11:46:50] 2026-08-19 11:46:50,718 - freqtrade.worker - INFO - Bot heartbeat. PID=22484, version='2026.6', state='RUNNING'
[2026-08-19 11:47:50] 2026-08-19 11:47:50,829 - freqtrade.worker - INFO - Bot heartbeat. PID=22484, version='2026.6', state='RUNNING'
[2026-08-19 11:48:50] 2026-08-19 11:48:50,893 - freqtrade.worker - INFO - Bot heartbeat. PID=22484, version='2026.6', state='RUNNING'
[2026-08-19 11:49:50] 2026-08-19 11:49:50,985 - freqtrade.worker - INFO - Bot heartbeat. PID=22484, version='2026.6', state='RUNNING'
[2026-08-19 11:50:51] 2026-08-19 11:50:51,049 - freqtrade.worker - INFO - Bot heartbeat. PID=22484, version='2026.6', state='RUNNING'
[2026-08-19 11:51:51] 2026-08-19 11:51:51,111 - freqtrade.worker - INFO - Bot heartbeat. PID=22484, version='2026.6', state='RUNNING'
[2026-08-19 11:52:51] 2026-08-19 11:52:51,186 - freqtrade.worker - INFO - Bot heartbeat. PID=22484, version='2026.6', state='RUNNING'
[2026-08-19 11:53:51] 2026-08-19 11:53:51,286 - freqtrade.worker - INFO - Bot heartbeat. PID=22484, version='2026.6', state='RUNNING'
[2026-08-19 11:54:51] 2026-08-19 11:54:51,361 - freqtrade.worker - INFO - Bot heartbeat. PID=22484, version='2026.6', state='RUNNING'
[2026-08-19 11:55:51] 2026-08-19 11:55:51,452 - freqtrade.worker - INFO - Bot heartbeat. PID=22484, version='2026.6', state='RUNNING'
[2026-08-19 11:56:51] 2026-08-19 11:56:51,565 - freqtrade.worker - INFO - Bot heartbeat. PID=22484, version='2026.6', state='RUNNING'
[2026-08-19 11:57:51] 2026-08-19 11:57:51,662 - freqtrade.worker - INFO - Bot heartbeat. PID=22484, version='2026.6', state='RUNNING'
[2026-08-19 11:58:51] 2026-08-19 11:58:51,725 - freqtrade.worker - INFO - Bot heartbeat. PID=22484, version='2026.6', state='RUNNING'
[2026-08-19 11:59:51] 2026-08-19 11:59:51,816 - freqtrade.worker - INFO - Bot heartbeat. PID=22484, version='2026.6', state='RUNNING'
[2026-08-19 12:00:18] 2026-08-19 12:00:18,012 - BreakoutV16GridV15QualityPfCombinedLiveParityFreqtrade - INFO - V16+Grid LIVE full context waiting: target=2026-08-19 02:00:00+00:00 ready=32/50
[2026-08-19 12:00:18] missing_or_stale=1000BONK/USDT:USDT,1000SHIB/USDT:USDT,AAVE/USDT:USDT,ADA/USDT:USDT,B/USDT:USDT,BCH/USDT:USDT,CRV/USDT:USDT,DASH/USDT:USDT,DOGE/USDT:USDT,DOT/USDT:USDT,ETC/USDT:USDT,FET/USDT:USDT,FIL/
[2026-08-19 12:00:18] USDT:USDT,INJ/USDT:USDT,JTO/USDT:USDT,OP/USDT:USDT,SOL/USDT:USDT,TRUMP/USDT:USDT
[2026-08-19 12:00:34] 2026-08-19 12:00:34,756 - BreakoutV10FGridV8DualSideFreqtrade - INFO - LIVE context synchronized: target=2026-08-19 02:00:00+00:00 pairs=50 candidates=none
[2026-08-19 12:00:55] 2026-08-19 12:00:55,299 - freqtrade.worker - INFO - Bot heartbeat. PID=22484, version='2026.6', state='RUNNING'
[2026-08-19 12:01:09] 2026-08-19 12:01:09,963 - freqtrade.wallets - INFO - Wallets synced.
[2026-08-19 12:01:55] 2026-08-19 12:01:55,409 - freqtrade.worker - INFO - Bot heartbeat. PID=22484, version='2026.6', state='RUNNING'
[2026-08-19 12:02:55] 2026-08-19 12:02:55,501 - freqtrade.worker - INFO - Bot heartbeat. PID=22484, version='2026.6', state='RUNNING'
[2026-08-19 12:03:55] 2026-08-19 12:03:55,587 - freqtrade.worker - INFO - Bot heartbeat. PID=22484, version='2026.6', state='RUNNING'
[2026-08-19 12:04:55] 2026-08-19 12:04:55,680 - freqtrade.worker - INFO - Bot heartbeat. PID=22484, version='2026.6', state='RUNNING'
[2026-08-19 12:05:55] 2026-08-19 12:05:55,780 - freqtrade.worker - INFO - Bot heartbeat. PID=22484, version='2026.6', state='RUNNING'
[2026-08-19 12:06:55] 2026-08-19 12:06:55,871 - freqtrade.worker - INFO - Bot heartbeat. PID=22484, version='2026.6', state='RUNNING'
[2026-08-19 12:07:55] 2026-08-19 12:07:55,967 - freqtrade.worker - INFO - Bot heartbeat. PID=22484, version='2026.6', state='RUNNING'
[2026-08-19 12:08:56] 2026-08-19 12:08:56,061 - freqtrade.worker - INFO - Bot heartbeat. PID=22484, version='2026.6', state='RUNNING'
[2026-08-19 12:09:56] 2026-08-19 12:09:56,118 - freqtrade.worker - INFO - Bot heartbeat. PID=22484, version='2026.6', state='RUNNING'
[2026-08-19 12:10:38] 2026-08-19 12:10:38,192 - freqtrade.plugins.pairlistmanager - INFO - Whitelist with 50 pairs: ['BTC/USDT:USDT', 'ETH/USDT:USDT', 'SOL/USDT:USDT', 'ZEC/USDT:USDT', 'HYPE/USDT:USDT', 'XRP/USDT:USDT',
[2026-08-19 12:10:38] 'DOGE/USDT:USDT', 'BNB/USDT:USDT', 'SIREN/USDT:USDT', '1000PEPE/USDT:USDT', 'TAO/USDT:USDT', 'NEAR/USDT:USDT', 'WLD/USDT:USDT', 'SUI/USDT:USDT', 'ADA/USDT:USDT', 'SEI/USDT:USDT', 'AVAX/USDT:USDT',
[2026-08-19 12:10:38] 'ENA/USDT:USDT', 'LINK/USDT:USDT', 'FIL/USDT:USDT', 'XLM/USDT:USDT', 'BCH/USDT:USDT', 'ONDO/USDT:USDT', 'TRUMP/USDT:USDT', 'AAVE/USDT:USDT', 'DOT/USDT:USDT', 'PENGU/USDT:USDT', 'LTC/USDT:USDT',
[2026-08-19 12:10:38] 'TRX/USDT:USDT', 'FET/USDT:USDT', 'UNI/USDT:USDT', 'INJ/USDT:USDT', 'DASH/USDT:USDT', 'B/USDT:USDT', 'ARB/USDT:USDT', '1000SHIB/USDT:USDT', 'APE/USDT:USDT', 'XMR/USDT:USDT', 'APT/USDT:USDT',
[2026-08-19 12:10:38] 'WIF/USDT:USDT', 'ICP/USDT:USDT', 'ETC/USDT:USDT', 'VIRTUAL/USDT:USDT', 'HBAR/USDT:USDT', 'RENDER/USDT:USDT', 'CRV/USDT:USDT', 'JTO/USDT:USDT', 'OP/USDT:USDT', 'CHZ/USDT:USDT', '1000BONK/USDT:USDT']
[2026-08-19 12:10:56] 2026-08-19 12:10:56,212 - freqtrade.worker - INFO - Bot heartbeat. PID=22484, version='2026.6', state='RUNNING'
[2026-08-19 12:11:56] 2026-08-19 12:11:56,303 - freqtrade.worker - INFO - Bot heartbeat. PID=22484, version='2026.6', state='RUNNING'
[2026-08-19 12:12:56] 2026-08-19 12:12:56,382 - freqtrade.worker - INFO - Bot heartbeat. PID=22484, version='2026.6', state='RUNNING'
[2026-08-19 12:13:56] 2026-08-19 12:13:56,465 - freqtrade.worker - INFO - Bot heartbeat. PID=22484, version='2026.6', state='RUNNING'
[2026-08-19 12:14:56] 2026-08-19 12:14:56,569 - freqtrade.worker - INFO - Bot heartbeat. PID=22484, version='2026.6', state='RUNNING'
[2026-08-19 12:15:58] 2026-08-19 12:15:58,807 - freqtrade.worker - INFO - Bot heartbeat. PID=22484, version='2026.6', state='RUNNING'
[2026-08-19 12:16:05] 2026-08-19 12:16:05,506 - freqtrade.freqtradebot - INFO - Position adjust: about to create a new order for ADA/USDT:USDT with stake_amount: 33.91693092484439 and price: 0.1744 for Trade(id=13,
[2026-08-19 12:16:05] pair=ADA/USDT:USDT, amount=1945, is_short=True, leverage=10, open_rate=0.1736, open_since=2026-08-19 01:00:34)
[2026-08-19 12:16:05] 2026-08-19 12:16:05,815 - freqtrade.freqtradebot - INFO - Order 67175314014 was created for ADA/USDT:USDT and status is closed.
[2026-08-19 12:16:07] 2026-08-19 12:16:07,449 - freqtrade.wallets - INFO - Wallets synced.
[2026-08-19 12:16:07] 2026-08-19 12:16:07,451 - freqtrade.rpc.rpc_manager - INFO - Sending rpc message: {'trade_id': 13, 'type': entry, 'buy_tag': 'grid_v8_short_s5', 'enter_tag': 'grid_v8_short_s5', 'exchange': 'Binance',
[2026-08-19 12:16:07] 'pair': 'ADA/USDT:USDT', 'leverage': 10.0, 'direction': 'Short', 'limit': 0.1744, 'order_rate': 0.1744, 'open_rate': 0.1744, 'order_type': 'market', 'stake_amount': 67.66856, 'stake_currency': 'USDT',
[2026-08-19 12:16:07] 'base_currency': 'ADA', 'quote_currency': 'USDT', 'fiat_currency': None, 'amount': 1944.0, 'open_date': datetime.datetime(2026, 8, 19, 1, 0, 34, 22315, tzinfo=datetime.timezone.utc), 'current_rate':
[2026-08-19 12:16:07] 0.1744, 'sub_trade': True}
[2026-08-19 12:16:07] 2026-08-19 12:16:07,452 - freqtrade.freqtradebot - INFO - DCA order closed, trade should be up to date: Trade(id=13, pair=ADA/USDT:USDT, amount=3889, is_short=True, leverage=10, open_rate=0.174,
[2026-08-19 12:16:07] open_since=2026-08-19 01:00:34)
[2026-08-19 12:16:07] 2026-08-19 12:16:07,453 - freqtrade.freqtradebot - INFO - Cancelling stoploss on exchange for Trade(id=13, pair=ADA/USDT:USDT, amount=3889, is_short=True, leverage=10, open_rate=0.174,
[2026-08-19 12:16:07] open_since=2026-08-19 01:00:34) order: 1000002513143961
[2026-08-19 12:16:07] 2026-08-19 12:16:07,536 - freqtrade.freqtradebot - INFO - Found open order for Trade(id=13, pair=ADA/USDT:USDT, amount=3889, is_short=True, leverage=10, open_rate=0.174, open_since=2026-08-19
[2026-08-19 12:16:07] 01:00:34)
[2026-08-19 12:16:07] 2026-08-19 12:16:07,539 - freqtrade.persistence.trade_model - INFO - Updating trade (id=13) ...
[2026-08-19 12:16:07] 2026-08-19 12:16:07,539 - freqtrade.persistence.trade_model - INFO - MARKET_SELL has been fulfilled for Trade(id=13, pair=ADA/USDT:USDT, amount=1944, is_short=True, leverage=10, open_rate=0.1744,
[2026-08-19 12:16:07] open_since=2026-08-19 01:00:34).
[2026-08-19 12:16:07] 2026-08-19 12:16:07,549 - freqtrade.freqtradebot - INFO - Cancelling stoploss on exchange for Trade(id=13, pair=ADA/USDT:USDT, amount=3889, is_short=True, leverage=10, open_rate=0.174,
[2026-08-19 12:16:07] open_since=2026-08-19 01:00:34) order: 1000002513143961
[2026-08-19 12:16:07] 2026-08-19 12:16:07,586 - freqtrade.freqtradebot - ERROR - Could not cancel stoploss order 1000002513143961 for pair ADA/USDT:USDT
[2026-08-19 12:16:07] 2026-08-19 12:16:07,864 - freqtrade.wallets - INFO - Wallets synced.
[2026-08-19 12:16:07] 2026-08-19 12:16:07,871 - freqtrade.rpc.rpc_manager - INFO - Sending rpc message: {'trade_id': 13, 'type': entry_fill, 'buy_tag': 'grid_v8_short_s5', 'enter_tag': 'grid_v8_short_s5', 'exchange':
[2026-08-19 12:16:07] 'Binance', 'pair': 'ADA/USDT:USDT', 'leverage': 10.0, 'direction': 'Short', 'limit': 0.1744, 'order_rate': 0.1744, 'open_rate': 0.1744, 'order_type': 'market', 'stake_amount': 67.66856,
[2026-08-19 12:16:07] 'stake_currency': 'USDT', 'base_currency': 'ADA', 'quote_currency': 'USDT', 'fiat_currency': None, 'amount': 1944.0, 'open_date': datetime.datetime(2026, 8, 19, 1, 0, 34, 22315,
[2026-08-19 12:16:07] tzinfo=datetime.timezone.utc), 'current_rate': 0.1744, 'sub_trade': True}
[2026-08-19 12:16:08] 2026-08-19 12:16:08,832 - freqtrade.freqtradebot - INFO - Updating sell-fee on trade Trade(id=13, pair=ADA/USDT:USDT, amount=3889, is_short=True, leverage=10, open_rate=0.174, open_since=2026-08-19
[2026-08-19 12:16:08] 01:00:34) for order 67175314014.
[2026-08-19 12:16:08] 2026-08-19 12:16:08,833 - freqtrade.freqtradebot - INFO - Found open order for Trade(id=13, pair=ADA/USDT:USDT, amount=3889, is_short=True, leverage=10, open_rate=0.174, open_since=2026-08-19
[2026-08-19 12:16:08] 01:00:34)
[2026-08-19 12:16:09] 2026-08-19 12:16:09,113 - freqtrade.persistence.trade_model - INFO - Updating trade (id=13) ...
[2026-08-19 12:16:09] 2026-08-19 12:16:09,115 - freqtrade.persistence.trade_model - INFO - MARKET_SELL has been fulfilled for Trade(id=13, pair=ADA/USDT:USDT, amount=1944, is_short=True, leverage=10, open_rate=0.1744,
[2026-08-19 12:16:09] open_since=2026-08-19 01:00:34).
[2026-08-19 12:16:09] 2026-08-19 12:16:09,125 - BreakoutV9GridV7Freqtrade - INFO - Ignoring duplicate filled-order callback: trade_id=13 pair=ADA/USDT:USDT order=exchange:67175314014 tag=grid_dca_1
[2026-08-19 12:16:09] 2026-08-19 12:16:09,386 - freqtrade.wallets - INFO - Wallets synced.
[2026-08-19 12:16:10] 2026-08-19 12:16:10,584 - freqtrade.exchange.exchange - INFO - stoploss market order added for ADA/USDT:USDT. stop price: 0.1775. limit: None
[2026-08-19 12:16:58] 2026-08-19 12:16:58,898 - freqtrade.worker - INFO - Bot heartbeat. PID=22484, version='2026.6', state='RUNNING'
[2026-08-19 12:17:59] 2026-08-19 12:17:58,994 - freqtrade.worker - INFO - Bot heartbeat. PID=22484, version='2026.6', state='RUNNING'
[2026-08-19 12:18:59] 2026-08-19 12:18:59,084 - freqtrade.worker - INFO - Bot heartbeat. PID=22484, version='2026.6', state='RUNNING'
[2026-08-19 12:19:59] 2026-08-19 12:19:59,169 - freqtrade.worker - INFO - Bot heartbeat. PID=22484, version='2026.6', state='RUNNING'
[2026-08-19 12:20:59] 2026-08-19 12:20:59,239 - freqtrade.worker - INFO - Bot heartbeat. PID=22484, version='2026.6', state='RUNNING'
[2026-08-19 12:21:59] 2026-08-19 12:21:59,318 - freqtrade.worker - INFO - Bot heartbeat. PID=22484, version='2026.6', state='RUNNING'
[2026-08-19 12:22:59] 2026-08-19 12:22:59,414 - freqtrade.worker - INFO - Bot heartbeat. PID=22484, version='2026.6', state='RUNNING'
[2026-08-19 12:23:59] 2026-08-19 12:23:59,486 - freqtrade.worker - INFO - Bot heartbeat. PID=22484, version='2026.6', state='RUNNING'
[2026-08-19 12:24:59] 2026-08-19 12:24:59,572 - freqtrade.worker - INFO - Bot heartbeat. PID=22484, version='2026.6', state='RUNNING'
[2026-08-19 12:25:59] 2026-08-19 12:25:59,661 - freqtrade.worker - INFO - Bot heartbeat. PID=22484, version='2026.6', state='RUNNING'
[2026-08-19 12:26:59] 2026-08-19 12:26:59,727 - freqtrade.worker - INFO - Bot heartbeat. PID=22484, version='2026.6', state='RUNNING'
[2026-08-19 12:27:59] 2026-08-19 12:27:59,805 - freqtrade.worker - INFO - Bot heartbeat. PID=22484, version='2026.6', state='RUNNING'
[2026-08-19 12:28:59] 2026-08-19 12:28:59,883 - freqtrade.worker - INFO - Bot heartbeat. PID=22484, version='2026.6', state='RUNNING'
[2026-08-19 12:30:00] 2026-08-19 12:29:59,958 - freqtrade.worker - INFO - Bot heartbeat. PID=22484, version='2026.6', state='RUNNING'
[2026-08-19 12:31:03] 2026-08-19 12:31:03,850 - freqtrade.worker - INFO - Bot heartbeat. PID=22484, version='2026.6', state='RUNNING'
[2026-08-19 12:31:08] 2026-08-19 12:31:08,673 - freqtrade.wallets - INFO - Wallets synced.
[2026-08-19 12:32:03] 2026-08-19 12:32:03,948 - freqtrade.worker - INFO - Bot heartbeat. PID=22484, version='2026.6', state='RUNNING'
[2026-08-19 12:33:04] 2026-08-19 12:33:04,038 - freqtrade.worker - INFO - Bot heartbeat. PID=22484, version='2026.6', state='RUNNING'
[2026-08-19 12:34:04] 2026-08-19 12:34:04,113 - freqtrade.worker - INFO - Bot heartbeat. PID=22484, version='2026.6', state='RUNNING'
[2026-08-19 12:35:04] 2026-08-19 12:35:04,121 - freqtrade.worker - INFO - Bot heartbeat. PID=22484, version='2026.6', state='RUNNING'
[2026-08-19 12:36:04] 2026-08-19 12:36:04,211 - freqtrade.worker - INFO - Bot heartbeat. PID=22484, version='2026.6', state='RUNNING'
[2026-08-19 12:37:04] 2026-08-19 12:37:04,302 - freqtrade.worker - INFO - Bot heartbeat. PID=22484, version='2026.6', state='RUNNING'
[2026-08-19 12:38:04] 2026-08-19 12:38:04,396 - freqtrade.worker - INFO - Bot heartbeat. PID=22484, version='2026.6', state='RUNNING'
[2026-08-19 12:39:04] 2026-08-19 12:39:04,474 - freqtrade.worker - INFO - Bot heartbeat. PID=22484, version='2026.6', state='RUNNING'
[2026-08-19 12:40:04] 2026-08-19 12:40:04,567 - freqtrade.worker - INFO - Bot heartbeat. PID=22484, version='2026.6', state='RUNNING'
[2026-08-19 12:41:04] 2026-08-19 12:41:04,666 - freqtrade.worker - INFO - Bot heartbeat. PID=22484, version='2026.6', state='RUNNING'
[2026-08-19 12:41:16] 2026-08-19 12:41:16,015 - freqtrade.freqtradebot - INFO - Position adjust: about to create a new order for ADA/USDT:USDT with stake_amount: 34.068661849688766 and price: 0.1752 for Trade(id=13,
[2026-08-19 12:41:16] pair=ADA/USDT:USDT, amount=3889, is_short=True, leverage=10, open_rate=0.174, open_since=2026-08-19 01:00:34)
[2026-08-19 12:41:16] 2026-08-19 12:41:16,324 - freqtrade.freqtradebot - INFO - Order 67175705949 was created for ADA/USDT:USDT and status is closed.
[2026-08-19 12:41:17] 2026-08-19 12:41:17,944 - freqtrade.wallets - INFO - Wallets synced.
[2026-08-19 12:41:17] 2026-08-19 12:41:17,946 - freqtrade.rpc.rpc_manager - INFO - Sending rpc message: {'trade_id': 13, 'type': entry, 'buy_tag': 'grid_v8_short_s5', 'enter_tag': 'grid_v8_short_s5', 'exchange': 'Binance',
[2026-08-19 12:41:17] 'pair': 'ADA/USDT:USDT', 'leverage': 10.0, 'direction': 'Short', 'limit': 0.1752, 'order_rate': 0.1752, 'open_rate': 0.1752, 'order_type': 'market', 'stake_amount': 101.72744, 'stake_currency':
[2026-08-19 12:41:17] 'USDT', 'base_currency': 'ADA', 'quote_currency': 'USDT', 'fiat_currency': None, 'amount': 1944.0, 'open_date': datetime.datetime(2026, 8, 19, 1, 0, 34, 22315, tzinfo=datetime.timezone.utc),
[2026-08-19 12:41:17] 'current_rate': 0.1752, 'sub_trade': True}
[2026-08-19 12:41:18] 2026-08-19 12:41:17,947 - freqtrade.freqtradebot - INFO - DCA order closed, trade should be up to date: Trade(id=13, pair=ADA/USDT:USDT, amount=5833, is_short=True, leverage=10, open_rate=0.1744,
[2026-08-19 12:41:18] open_since=2026-08-19 01:00:34)
[2026-08-19 12:41:18] 2026-08-19 12:41:17,948 - freqtrade.freqtradebot - INFO - Cancelling stoploss on exchange for Trade(id=13, pair=ADA/USDT:USDT, amount=5833, is_short=True, leverage=10, open_rate=0.1744,
[2026-08-19 12:41:18] open_since=2026-08-19 01:00:34) order: 1000002513276946
[2026-08-19 12:41:18] 2026-08-19 12:41:18,048 - freqtrade.freqtradebot - INFO - Found open order for Trade(id=13, pair=ADA/USDT:USDT, amount=5833, is_short=True, leverage=10, open_rate=0.1744, open_since=2026-08-19
[2026-08-19 12:41:18] 01:00:34)
[2026-08-19 12:41:18] 2026-08-19 12:41:18,052 - freqtrade.persistence.trade_model - INFO - Updating trade (id=13) ...
[2026-08-19 12:41:18] 2026-08-19 12:41:18,053 - freqtrade.persistence.trade_model - INFO - MARKET_SELL has been fulfilled for Trade(id=13, pair=ADA/USDT:USDT, amount=1944, is_short=True, leverage=10, open_rate=0.1752,
[2026-08-19 12:41:18] open_since=2026-08-19 01:00:34).
[2026-08-19 12:41:18] 2026-08-19 12:41:18,065 - freqtrade.freqtradebot - INFO - Cancelling stoploss on exchange for Trade(id=13, pair=ADA/USDT:USDT, amount=5833, is_short=True, leverage=10, open_rate=0.1744,
[2026-08-19 12:41:18] open_since=2026-08-19 01:00:34) order: 1000002513276946
[2026-08-19 12:41:18] 2026-08-19 12:41:18,100 - freqtrade.freqtradebot - ERROR - Could not cancel stoploss order 1000002513276946 for pair ADA/USDT:USDT
[2026-08-19 12:41:18] 2026-08-19 12:41:18,373 - freqtrade.wallets - INFO - Wallets synced.
[2026-08-19 12:41:18] 2026-08-19 12:41:18,380 - freqtrade.rpc.rpc_manager - INFO - Sending rpc message: {'trade_id': 13, 'type': entry_fill, 'buy_tag': 'grid_v8_short_s5', 'enter_tag': 'grid_v8_short_s5', 'exchange':
[2026-08-19 12:41:18] 'Binance', 'pair': 'ADA/USDT:USDT', 'leverage': 10.0, 'direction': 'Short', 'limit': 0.1752, 'order_rate': 0.1752, 'open_rate': 0.1752, 'order_type': 'market', 'stake_amount': 101.72744,
[2026-08-19 12:41:18] 'stake_currency': 'USDT', 'base_currency': 'ADA', 'quote_currency': 'USDT', 'fiat_currency': None, 'amount': 1944.0, 'open_date': datetime.datetime(2026, 8, 19, 1, 0, 34, 22315,
[2026-08-19 12:41:18] tzinfo=datetime.timezone.utc), 'current_rate': 0.1752, 'sub_trade': True}
[2026-08-19 12:41:19] 2026-08-19 12:41:19,694 - freqtrade.freqtradebot - INFO - Updating sell-fee on trade Trade(id=13, pair=ADA/USDT:USDT, amount=5833, is_short=True, leverage=10, open_rate=0.1744, open_since=2026-08-19
[2026-08-19 12:41:19] 01:00:34) for order 67175705949.
[2026-08-19 12:41:19] 2026-08-19 12:41:19,696 - freqtrade.freqtradebot - INFO - Found open order for Trade(id=13, pair=ADA/USDT:USDT, amount=5833, is_short=True, leverage=10, open_rate=0.1744, open_since=2026-08-19
[2026-08-19 12:41:19] 01:00:34)
[2026-08-19 12:41:20] 2026-08-19 12:41:19,973 - freqtrade.persistence.trade_model - INFO - Updating trade (id=13) ...
[2026-08-19 12:41:20] 2026-08-19 12:41:19,975 - freqtrade.persistence.trade_model - INFO - MARKET_SELL has been fulfilled for Trade(id=13, pair=ADA/USDT:USDT, amount=1944, is_short=True, leverage=10, open_rate=0.1752,
[2026-08-19 12:41:20] open_since=2026-08-19 01:00:34).
[2026-08-19 12:41:20] 2026-08-19 12:41:19,986 - BreakoutV9GridV7Freqtrade - INFO - Ignoring duplicate filled-order callback: trade_id=13 pair=ADA/USDT:USDT order=exchange:67175705949 tag=grid_dca_2
[2026-08-19 12:41:20] 2026-08-19 12:41:20,254 - freqtrade.wallets - INFO - Wallets synced.
[2026-08-19 12:41:21] 2026-08-19 12:41:21,458 - freqtrade.exchange.exchange - INFO - stoploss market order added for ADA/USDT:USDT. stop price: 0.1775. limit: None
[2026-08-19 12:42:04] 2026-08-19 12:42:04,746 - freqtrade.worker - INFO - Bot heartbeat. PID=22484, version='2026.6', state='RUNNING'
[2026-08-19 12:43:04] 2026-08-19 12:43:04,830 - freqtrade.worker - INFO - Bot heartbeat. PID=22484, version='2026.6', state='RUNNING'
[2026-08-19 12:44:04] 2026-08-19 12:44:04,918 - freqtrade.worker - INFO - Bot heartbeat. PID=22484, version='2026.6', state='RUNNING'
[2026-08-19 12:45:07] 2026-08-19 12:45:07,167 - freqtrade.worker - INFO - Bot heartbeat. PID=22484, version='2026.6', state='RUNNING'
[2026-08-19 12:46:07] 2026-08-19 12:46:07,714 - freqtrade.worker - INFO - Bot heartbeat. PID=22484, version='2026.6', state='RUNNING'
[2026-08-19 12:47:07] 2026-08-19 12:47:07,779 - freqtrade.worker - INFO - Bot heartbeat. PID=22484, version='2026.6', state='RUNNING'
[2026-08-19 12:48:07] 2026-08-19 12:48:07,855 - freqtrade.worker - INFO - Bot heartbeat. PID=22484, version='2026.6', state='RUNNING'
[2026-08-19 12:49:08] 2026-08-19 12:49:07,940 - freqtrade.worker - INFO - Bot heartbeat. PID=22484, version='2026.6', state='RUNNING'
[2026-08-19 12:50:08] 2026-08-19 12:50:08,020 - freqtrade.worker - INFO - Bot heartbeat. PID=22484, version='2026.6', state='RUNNING'
[2026-08-19 12:51:08] 2026-08-19 12:51:08,104 - freqtrade.worker - INFO - Bot heartbeat. PID=22484, version='2026.6', state='RUNNING'
[2026-08-19 12:52:08] 2026-08-19 12:52:08,166 - freqtrade.worker - INFO - Bot heartbeat. PID=22484, version='2026.6', state='RUNNING'
[2026-08-19 12:53:08] 2026-08-19 12:53:08,226 - freqtrade.worker - INFO - Bot heartbeat. PID=22484, version='2026.6', state='RUNNING'
[2026-08-19 12:54:08] 2026-08-19 12:54:08,307 - freqtrade.worker - INFO - Bot heartbeat. PID=22484, version='2026.6', state='RUNNING'
[2026-08-19 12:55:08] 2026-08-19 12:55:08,406 - freqtrade.worker - INFO - Bot heartbeat. PID=22484, version='2026.6', state='RUNNING'
[2026-08-19 12:56:08] 2026-08-19 12:56:08,493 - freqtrade.worker - INFO - Bot heartbeat. PID=22484, version='2026.6', state='RUNNING'
[2026-08-19 12:57:08] 2026-08-19 12:57:08,577 - freqtrade.worker - INFO - Bot heartbeat. PID=22484, version='2026.6', state='RUNNING'
[2026-08-19 12:58:08] 2026-08-19 12:58:08,660 - freqtrade.worker - INFO - Bot heartbeat. PID=22484, version='2026.6', state='RUNNING'
[2026-08-19 12:59:08] 2026-08-19 12:59:08,743 - freqtrade.worker - INFO - Bot heartbeat. PID=22484, version='2026.6', state='RUNNING'
[2026-08-19 13:00:21] 2026-08-19 13:00:21,688 - BreakoutV16GridV15QualityPfCombinedLiveParityFreqtrade - INFO - V16+Grid LIVE full context waiting: target=2026-08-19 03:00:00+00:00 ready=37/50
[2026-08-19 13:00:21] missing_or_stale=1000SHIB/USDT:USDT,ADA/USDT:USDT,B/USDT:USDT,BCH/USDT:USDT,CRV/USDT:USDT,DOGE/USDT:USDT,DOT/USDT:USDT,FIL/USDT:USDT,ICP/USDT:USDT,OP/USDT:USDT,PENGU/USDT:USDT,SIREN/USDT:USDT,SOL/USDT
[2026-08-19 13:00:21] :USDT
[2026-08-19 13:00:22] 2026-08-19 13:00:22,198 - freqtrade.worker - INFO - Bot heartbeat. PID=22484, version='2026.6', state='RUNNING'
[2026-08-19 13:00:35] 2026-08-19 13:00:35,706 - BreakoutV10FGridV8DualSideFreqtrade - INFO - LIVE context synchronized: target=2026-08-19 03:00:00+00:00 pairs=50 candidates=none
[2026-08-19 13:01:06] 2026-08-19 13:01:06,127 - freqtrade.wallets - INFO - Wallets synced.
[2026-08-19 13:01:26] 2026-08-19 13:01:26,269 - freqtrade.worker - INFO - Bot heartbeat. PID=22484, version='2026.6', state='RUNNING'
[2026-08-19 13:02:26] 2026-08-19 13:02:26,357 - freqtrade.worker - INFO - Bot heartbeat. PID=22484, version='2026.6', state='RUNNING'
[2026-08-19 13:03:26] 2026-08-19 13:03:26,460 - freqtrade.worker - INFO - Bot heartbeat. PID=22484, version='2026.6', state='RUNNING'
[2026-08-19 13:04:26] 2026-08-19 13:04:26,566 - freqtrade.worker - INFO - Bot heartbeat. PID=22484, version='2026.6', state='RUNNING'
[2026-08-19 13:05:26] 2026-08-19 13:05:26,658 - freqtrade.worker - INFO - Bot heartbeat. PID=22484, version='2026.6', state='RUNNING'
[2026-08-19 13:06:26] 2026-08-19 13:06:26,767 - freqtrade.worker - INFO - Bot heartbeat. PID=22484, version='2026.6', state='RUNNING'
[2026-08-19 13:07:26] 2026-08-19 13:07:26,860 - freqtrade.worker - INFO - Bot heartbeat. PID=22484, version='2026.6', state='RUNNING'
[2026-08-19 13:08:26] 2026-08-19 13:08:26,942 - freqtrade.worker - INFO - Bot heartbeat. PID=22484, version='2026.6', state='RUNNING'
[2026-08-19 13:09:27] 2026-08-19 13:09:27,026 - freqtrade.worker - INFO - Bot heartbeat. PID=22484, version='2026.6', state='RUNNING'
[2026-08-19 13:10:27] 2026-08-19 13:10:27,112 - freqtrade.worker - INFO - Bot heartbeat. PID=22484, version='2026.6', state='RUNNING'
[2026-08-19 13:10:43] 2026-08-19 13:10:43,764 - freqtrade.plugins.pairlistmanager - INFO - Whitelist with 50 pairs: ['BTC/USDT:USDT', 'ETH/USDT:USDT', 'SOL/USDT:USDT', 'ZEC/USDT:USDT', 'HYPE/USDT:USDT', 'XRP/USDT:USDT',
[2026-08-19 13:10:43] 'DOGE/USDT:USDT', 'BNB/USDT:USDT', 'SIREN/USDT:USDT', '1000PEPE/USDT:USDT', 'TAO/USDT:USDT', 'NEAR/USDT:USDT', 'WLD/USDT:USDT', 'SUI/USDT:USDT', 'ADA/USDT:USDT', 'SEI/USDT:USDT', 'AVAX/USDT:USDT',
[2026-08-19 13:10:43] 'ENA/USDT:USDT', 'LINK/USDT:USDT', 'FIL/USDT:USDT', 'XLM/USDT:USDT', 'BCH/USDT:USDT', 'ONDO/USDT:USDT', 'TRUMP/USDT:USDT', 'AAVE/USDT:USDT', 'DOT/USDT:USDT', 'PENGU/USDT:USDT', 'LTC/USDT:USDT',
[2026-08-19 13:10:43] 'TRX/USDT:USDT', 'FET/USDT:USDT', 'UNI/USDT:USDT', 'INJ/USDT:USDT', 'DASH/USDT:USDT', 'B/USDT:USDT', 'ARB/USDT:USDT', '1000SHIB/USDT:USDT', 'APE/USDT:USDT', 'XMR/USDT:USDT', 'APT/USDT:USDT',
[2026-08-19 13:10:43] 'WIF/USDT:USDT', 'ICP/USDT:USDT', 'ETC/USDT:USDT', 'VIRTUAL/USDT:USDT', 'HBAR/USDT:USDT', 'RENDER/USDT:USDT', 'CRV/USDT:USDT', 'JTO/USDT:USDT', 'OP/USDT:USDT', 'CHZ/USDT:USDT', '1000BONK/USDT:USDT']
[2026-08-19 13:11:27] 2026-08-19 13:11:27,181 - freqtrade.worker - INFO - Bot heartbeat. PID=22484, version='2026.6', state='RUNNING'
[2026-08-19 13:12:27] 2026-08-19 13:12:27,282 - freqtrade.worker - INFO - Bot heartbeat. PID=22484, version='2026.6', state='RUNNING'
[2026-08-19 13:13:27] 2026-08-19 13:13:27,375 - freqtrade.worker - INFO - Bot heartbeat. PID=22484, version='2026.6', state='RUNNING'
[2026-08-19 13:14:27] 2026-08-19 13:14:27,465 - freqtrade.worker - INFO - Bot heartbeat. PID=22484, version='2026.6', state='RUNNING'
[2026-08-19 13:15:29] 2026-08-19 13:15:29,683 - freqtrade.worker - INFO - Bot heartbeat. PID=22484, version='2026.6', state='RUNNING'
[2026-08-19 13:16:29] 2026-08-19 13:16:29,763 - freqtrade.worker - INFO - Bot heartbeat. PID=22484, version='2026.6', state='RUNNING'
[2026-08-19 13:17:29] 2026-08-19 13:17:29,843 - freqtrade.worker - INFO - Bot heartbeat. PID=22484, version='2026.6', state='RUNNING'
[2026-08-19 13:18:29] 2026-08-19 13:18:29,936 - freqtrade.worker - INFO - Bot heartbeat. PID=22484, version='2026.6', state='RUNNING'
[2026-08-19 13:19:30] 2026-08-19 13:19:30,030 - freqtrade.worker - INFO - Bot heartbeat. PID=22484, version='2026.6', state='RUNNING'
[2026-08-19 13:20:30] 2026-08-19 13:20:30,114 - freqtrade.worker - INFO - Bot heartbeat. PID=22484, version='2026.6', state='RUNNING'
[2026-08-19 13:21:30] 2026-08-19 13:21:30,188 - freqtrade.worker - INFO - Bot heartbeat. PID=22484, version='2026.6', state='RUNNING'
[2026-08-19 13:22:30] 2026-08-19 13:22:30,275 - freqtrade.worker - INFO - Bot heartbeat. PID=22484, version='2026.6', state='RUNNING'
[2026-08-19 13:23:30] 2026-08-19 13:23:30,377 - freqtrade.worker - INFO - Bot heartbeat. PID=22484, version='2026.6', state='RUNNING'
[2026-08-19 13:24:30] 2026-08-19 13:24:30,484 - freqtrade.worker - INFO - Bot heartbeat. PID=22484, version='2026.6', state='RUNNING'
[2026-08-19 13:25:30] 2026-08-19 13:25:30,583 - freqtrade.worker - INFO - Bot heartbeat. PID=22484, version='2026.6', state='RUNNING'
[2026-08-19 13:26:30] 2026-08-19 13:26:30,650 - freqtrade.worker - INFO - Bot heartbeat. PID=22484, version='2026.6', state='RUNNING'
[2026-08-19 13:27:30] 2026-08-19 13:27:30,726 - freqtrade.worker - INFO - Bot heartbeat. PID=22484, version='2026.6', state='RUNNING'
[2026-08-19 13:28:30] 2026-08-19 13:28:30,830 - freqtrade.worker - INFO - Bot heartbeat. PID=22484, version='2026.6', state='RUNNING'
[2026-08-19 13:29:30] 2026-08-19 13:29:30,914 - freqtrade.worker - INFO - Bot heartbeat. PID=22484, version='2026.6', state='RUNNING'
[2026-08-19 13:30:33] 2026-08-19 13:30:33,592 - freqtrade.worker - INFO - Bot heartbeat. PID=22484, version='2026.6', state='RUNNING'
[2026-08-19 13:31:08] 2026-08-19 13:31:08,687 - freqtrade.wallets - INFO - Wallets synced.
[2026-08-19 13:31:33] 2026-08-19 13:31:33,722 - freqtrade.worker - INFO - Bot heartbeat. PID=22484, version='2026.6', state='RUNNING'
[2026-08-19 13:32:33] 2026-08-19 13:32:33,817 - freqtrade.worker - INFO - Bot heartbeat. PID=22484, version='2026.6', state='RUNNING'
[2026-08-19 13:33:33] 2026-08-19 13:33:33,912 - freqtrade.worker - INFO - Bot heartbeat. PID=22484, version='2026.6', state='RUNNING'
[2026-08-19 13:34:34] 2026-08-19 13:34:34,002 - freqtrade.worker - INFO - Bot heartbeat. PID=22484, version='2026.6', state='RUNNING'
[2026-08-19 13:35:34] 2026-08-19 13:35:34,082 - freqtrade.worker - INFO - Bot heartbeat. PID=22484, version='2026.6', state='RUNNING'
[2026-08-19 13:36:34] 2026-08-19 13:36:34,192 - freqtrade.worker - INFO - Bot heartbeat. PID=22484, version='2026.6', state='RUNNING'
[2026-08-19 13:37:34] 2026-08-19 13:37:34,270 - freqtrade.worker - INFO - Bot heartbeat. PID=22484, version='2026.6', state='RUNNING'
[2026-08-19 13:38:34] 2026-08-19 13:38:34,358 - freqtrade.worker - INFO - Bot heartbeat. PID=22484, version='2026.6', state='RUNNING'
[2026-08-19 13:39:34] 2026-08-19 13:39:34,450 - freqtrade.worker - INFO - Bot heartbeat. PID=22484, version='2026.6', state='RUNNING'
[2026-08-19 13:40:34] 2026-08-19 13:40:34,540 - freqtrade.worker - INFO - Bot heartbeat. PID=22484, version='2026.6', state='RUNNING'
[2026-08-19 13:41:34] 2026-08-19 13:41:34,626 - freqtrade.worker - INFO - Bot heartbeat. PID=22484, version='2026.6', state='RUNNING'
[2026-08-19 13:42:34] 2026-08-19 13:42:34,708 - freqtrade.worker - INFO - Bot heartbeat. PID=22484, version='2026.6', state='RUNNING'
[2026-08-19 13:43:34] 2026-08-19 13:43:34,809 - freqtrade.worker - INFO - Bot heartbeat. PID=22484, version='2026.6', state='RUNNING'
[2026-08-19 13:44:35] 2026-08-19 13:44:34,907 - freqtrade.worker - INFO - Bot heartbeat. PID=22484, version='2026.6', state='RUNNING'
[2026-08-19 13:45:38] 2026-08-19 13:45:38,071 - freqtrade.worker - INFO - Bot heartbeat. PID=22484, version='2026.6', state='RUNNING'
[2026-08-19 13:46:38] 2026-08-19 13:46:38,162 - freqtrade.worker - INFO - Bot heartbeat. PID=22484, version='2026.6', state='RUNNING'
[2026-08-19 13:47:38] 2026-08-19 13:47:38,249 - freqtrade.worker - INFO - Bot heartbeat. PID=22484, version='2026.6', state='RUNNING'
[2026-08-19 13:48:38] 2026-08-19 13:48:38,360 - freqtrade.worker - INFO - Bot heartbeat. PID=22484, version='2026.6', state='RUNNING'
[2026-08-19 13:49:38] 2026-08-19 13:49:38,455 - freqtrade.worker - INFO - Bot heartbeat. PID=22484, version='2026.6', state='RUNNING'
[2026-08-19 13:50:38] 2026-08-19 13:50:38,540 - freqtrade.worker - INFO - Bot heartbeat. PID=22484, version='2026.6', state='RUNNING'
[2026-08-19 13:51:38] 2026-08-19 13:51:38,628 - freqtrade.worker - INFO - Bot heartbeat. PID=22484, version='2026.6', state='RUNNING'
[2026-08-19 13:52:38] 2026-08-19 13:52:38,710 - freqtrade.worker - INFO - Bot heartbeat. PID=22484, version='2026.6', state='RUNNING'
[2026-08-19 13:53:38] 2026-08-19 13:53:38,798 - freqtrade.worker - INFO - Bot heartbeat. PID=22484, version='2026.6', state='RUNNING'
[2026-08-19 13:54:38] 2026-08-19 13:54:38,878 - freqtrade.worker - INFO - Bot heartbeat. PID=22484, version='2026.6', state='RUNNING'
[2026-08-19 13:55:38] 2026-08-19 13:55:38,974 - freqtrade.worker - INFO - Bot heartbeat. PID=22484, version='2026.6', state='RUNNING'
[2026-08-19 13:56:39] 2026-08-19 13:56:39,053 - freqtrade.worker - INFO - Bot heartbeat. PID=22484, version='2026.6', state='RUNNING'
[2026-08-19 13:57:39] 2026-08-19 13:57:39,134 - freqtrade.worker - INFO - Bot heartbeat. PID=22484, version='2026.6', state='RUNNING'
[2026-08-19 13:58:39] 2026-08-19 13:58:39,210 - freqtrade.worker - INFO - Bot heartbeat. PID=22484, version='2026.6', state='RUNNING'
[2026-08-19 13:59:39] 2026-08-19 13:59:39,291 - freqtrade.worker - INFO - Bot heartbeat. PID=22484, version='2026.6', state='RUNNING'
[2026-08-19 14:00:23] 2026-08-19 14:00:23,132 - BreakoutV16GridV15QualityPfCombinedLiveParityFreqtrade - INFO - V16+Grid LIVE full context waiting: target=2026-08-19 04:00:00+00:00 ready=43/50
[2026-08-19 14:00:23] missing_or_stale=AAVE/USDT:USDT,ADA/USDT:USDT,B/USDT:USDT,CRV/USDT:USDT,FIL/USDT:USDT,PENGU/USDT:USDT,SOL/USDT:USDT
[2026-08-19 14:00:35] 2026-08-19 14:00:35,213 - BreakoutV10FGridV8DualSideFreqtrade - INFO - LIVE context synchronized: target=2026-08-19 04:00:00+00:00 pairs=50 candidates=none
[2026-08-19 14:00:40] 2026-08-19 14:00:40,728 - freqtrade.worker - INFO - Bot heartbeat. PID=22484, version='2026.6', state='RUNNING'
[2026-08-19 14:01:05] 2026-08-19 14:01:05,796 - freqtrade.wallets - INFO - Wallets synced.
[2026-08-19 14:01:40] 2026-08-19 14:01:40,864 - freqtrade.worker - INFO - Bot heartbeat. PID=22484, version='2026.6', state='RUNNING'
[2026-08-19 14:02:40] 2026-08-19 14:02:40,871 - freqtrade.worker - INFO - Bot heartbeat. PID=22484, version='2026.6', state='RUNNING'
[2026-08-19 14:03:41] 2026-08-19 14:03:40,958 - freqtrade.worker - INFO - Bot heartbeat. PID=22484, version='2026.6', state='RUNNING'
[2026-08-19 14:04:41] 2026-08-19 14:04:41,055 - freqtrade.worker - INFO - Bot heartbeat. PID=22484, version='2026.6', state='RUNNING'
[2026-08-19 14:05:41] 2026-08-19 14:05:41,125 - freqtrade.worker - INFO - Bot heartbeat. PID=22484, version='2026.6', state='RUNNING'
[2026-08-19 14:06:41] 2026-08-19 14:06:41,203 - freqtrade.worker - INFO - Bot heartbeat. PID=22484, version='2026.6', state='RUNNING'
[2026-08-19 14:07:41] 2026-08-19 14:07:41,304 - freqtrade.worker - INFO - Bot heartbeat. PID=22484, version='2026.6', state='RUNNING'
[2026-08-19 14:08:41] 2026-08-19 14:08:41,391 - freqtrade.worker - INFO - Bot heartbeat. PID=22484, version='2026.6', state='RUNNING'
[2026-08-19 14:09:41] 2026-08-19 14:09:41,471 - freqtrade.worker - INFO - Bot heartbeat. PID=22484, version='2026.6', state='RUNNING'
[2026-08-19 14:10:41] 2026-08-19 14:10:41,550 - freqtrade.worker - INFO - Bot heartbeat. PID=22484, version='2026.6', state='RUNNING'
[2026-08-19 14:10:48] 2026-08-19 14:10:48,301 - freqtrade.plugins.pairlistmanager - INFO - Whitelist with 50 pairs: ['BTC/USDT:USDT', 'ETH/USDT:USDT', 'SOL/USDT:USDT', 'ZEC/USDT:USDT', 'HYPE/USDT:USDT', 'XRP/USDT:USDT',
[2026-08-19 14:10:48] 'DOGE/USDT:USDT', 'BNB/USDT:USDT', 'SIREN/USDT:USDT', '1000PEPE/USDT:USDT', 'TAO/USDT:USDT', 'NEAR/USDT:USDT', 'WLD/USDT:USDT', 'SUI/USDT:USDT', 'ADA/USDT:USDT', 'SEI/USDT:USDT', 'AVAX/USDT:USDT',
[2026-08-19 14:10:48] 'ENA/USDT:USDT', 'LINK/USDT:USDT', 'FIL/USDT:USDT', 'XLM/USDT:USDT', 'BCH/USDT:USDT', 'ONDO/USDT:USDT', 'TRUMP/USDT:USDT', 'AAVE/USDT:USDT', 'DOT/USDT:USDT', 'PENGU/USDT:USDT', 'LTC/USDT:USDT',
[2026-08-19 14:10:48] 'TRX/USDT:USDT', 'FET/USDT:USDT', 'UNI/USDT:USDT', 'INJ/USDT:USDT', 'DASH/USDT:USDT', 'B/USDT:USDT', 'ARB/USDT:USDT', '1000SHIB/USDT:USDT', 'APE/USDT:USDT', 'XMR/USDT:USDT', 'APT/USDT:USDT',
[2026-08-19 14:10:48] 'WIF/USDT:USDT', 'ICP/USDT:USDT', 'ETC/USDT:USDT', 'VIRTUAL/USDT:USDT', 'HBAR/USDT:USDT', 'RENDER/USDT:USDT', 'CRV/USDT:USDT', 'JTO/USDT:USDT', 'OP/USDT:USDT', 'CHZ/USDT:USDT', '1000BONK/USDT:USDT']
[2026-08-19 14:11:41] 2026-08-19 14:11:41,636 - freqtrade.worker - INFO - Bot heartbeat. PID=22484, version='2026.6', state='RUNNING'
[2026-08-19 14:12:41] 2026-08-19 14:12:41,713 - freqtrade.worker - INFO - Bot heartbeat. PID=22484, version='2026.6', state='RUNNING'
[2026-08-19 14:13:41] 2026-08-19 14:13:41,815 - freqtrade.worker - INFO - Bot heartbeat. PID=22484, version='2026.6', state='RUNNING'
[2026-08-19 14:14:41] 2026-08-19 14:14:41,900 - freqtrade.worker - INFO - Bot heartbeat. PID=22484, version='2026.6', state='RUNNING'
[2026-08-19 14:15:44] 2026-08-19 14:15:44,252 - freqtrade.worker - INFO - Bot heartbeat. PID=22484, version='2026.6', state='RUNNING'
[2026-08-19 14:16:44] 2026-08-19 14:16:44,333 - freqtrade.worker - INFO - Bot heartbeat. PID=22484, version='2026.6', state='RUNNING'
[2026-08-19 14:17:47] 2026-08-19 14:17:47,144 - freqtrade.worker - INFO - Bot heartbeat. PID=22484, version='2026.6', state='RUNNING'
[2026-08-19 14:18:47] 2026-08-19 14:18:47,246 - freqtrade.worker - INFO - Bot heartbeat. PID=22484, version='2026.6', state='RUNNING'
[2026-08-19 14:19:47] 2026-08-19 14:19:47,338 - freqtrade.worker - INFO - Bot heartbeat. PID=22484, version='2026.6', state='RUNNING'
[2026-08-19 14:20:47] 2026-08-19 14:20:47,426 - freqtrade.worker - INFO - Bot heartbeat. PID=22484, version='2026.6', state='RUNNING'
[2026-08-19 14:21:47] 2026-08-19 14:21:47,503 - freqtrade.worker - INFO - Bot heartbeat. PID=22484, version='2026.6', state='RUNNING'
[2026-08-19 14:22:47] 2026-08-19 14:22:47,589 - freqtrade.worker - INFO - Bot heartbeat. PID=22484, version='2026.6', state='RUNNING'
[2026-08-19 14:23:47] 2026-08-19 14:23:47,668 - freqtrade.worker - INFO - Bot heartbeat. PID=22484, version='2026.6', state='RUNNING'
[2026-08-19 14:24:47] 2026-08-19 14:24:47,749 - freqtrade.worker - INFO - Bot heartbeat. PID=22484, version='2026.6', state='RUNNING'
[2026-08-19 14:25:47] 2026-08-19 14:25:47,832 - freqtrade.worker - INFO - Bot heartbeat. PID=22484, version='2026.6', state='RUNNING'
[2026-08-19 14:26:47] 2026-08-19 14:26:47,909 - freqtrade.worker - INFO - Bot heartbeat. PID=22484, version='2026.6', state='RUNNING'
[2026-08-19 14:27:48] 2026-08-19 14:27:48,000 - freqtrade.worker - INFO - Bot heartbeat. PID=22484, version='2026.6', state='RUNNING'
[2026-08-19 14:28:48] 2026-08-19 14:28:48,066 - freqtrade.worker - INFO - Bot heartbeat. PID=22484, version='2026.6', state='RUNNING'
[2026-08-19 14:29:48] 2026-08-19 14:29:48,143 - freqtrade.worker - INFO - Bot heartbeat. PID=22484, version='2026.6', state='RUNNING'
[2026-08-19 14:30:50] 2026-08-19 14:30:50,350 - freqtrade.worker - INFO - Bot heartbeat. PID=22484, version='2026.6', state='RUNNING'
[2026-08-19 14:31:10] 2026-08-19 14:31:09,985 - freqtrade.wallets - INFO - Wallets synced.
[2026-08-19 14:31:52] 2026-08-19 14:31:52,538 - freqtrade.worker - INFO - Bot heartbeat. PID=22484, version='2026.6', state='RUNNING'
[2026-08-19 14:32:52] 2026-08-19 14:32:52,628 - freqtrade.worker - INFO - Bot heartbeat. PID=22484, version='2026.6', state='RUNNING'
[2026-08-19 14:33:52] 2026-08-19 14:33:52,697 - freqtrade.worker - INFO - Bot heartbeat. PID=22484, version='2026.6', state='RUNNING'
[2026-08-19 14:34:52] 2026-08-19 14:34:52,779 - freqtrade.worker - INFO - Bot heartbeat. PID=22484, version='2026.6', state='RUNNING'
[2026-08-19 14:35:52] 2026-08-19 14:35:52,865 - freqtrade.worker - INFO - Bot heartbeat. PID=22484, version='2026.6', state='RUNNING'
[2026-08-19 14:36:52] 2026-08-19 14:36:52,935 - freqtrade.worker - INFO - Bot heartbeat. PID=22484, version='2026.6', state='RUNNING'
[2026-08-19 14:37:53] 2026-08-19 14:37:53,033 - freqtrade.worker - INFO - Bot heartbeat. PID=22484, version='2026.6', state='RUNNING'
[2026-08-19 14:38:53] 2026-08-19 14:38:53,116 - freqtrade.worker - INFO - Bot heartbeat. PID=22484, version='2026.6', state='RUNNING'
[2026-08-19 14:39:53] 2026-08-19 14:39:53,182 - freqtrade.worker - INFO - Bot heartbeat. PID=22484, version='2026.6', state='RUNNING'
[2026-08-19 14:40:53] 2026-08-19 14:40:53,263 - freqtrade.worker - INFO - Bot heartbeat. PID=22484, version='2026.6', state='RUNNING'
[2026-08-19 14:41:53] 2026-08-19 14:41:53,369 - freqtrade.worker - INFO - Bot heartbeat. PID=22484, version='2026.6', state='RUNNING'
[2026-08-19 14:42:53] 2026-08-19 14:42:53,462 - freqtrade.worker - INFO - Bot heartbeat. PID=22484, version='2026.6', state='RUNNING'
[2026-08-19 14:43:53] 2026-08-19 14:43:53,563 - freqtrade.worker - INFO - Bot heartbeat. PID=22484, version='2026.6', state='RUNNING'
[2026-08-19 14:44:53] 2026-08-19 14:44:53,640 - freqtrade.worker - INFO - Bot heartbeat. PID=22484, version='2026.6', state='RUNNING'
[2026-08-19 14:45:55] 2026-08-19 14:45:55,871 - freqtrade.worker - INFO - Bot heartbeat. PID=22484, version='2026.6', state='RUNNING'
[2026-08-19 14:46:56] 2026-08-19 14:46:55,979 - freqtrade.worker - INFO - Bot heartbeat. PID=22484, version='2026.6', state='RUNNING'
[2026-08-19 14:47:56] 2026-08-19 14:47:56,042 - freqtrade.worker - INFO - Bot heartbeat. PID=22484, version='2026.6', state='RUNNING'
[2026-08-19 14:48:56] 2026-08-19 14:48:56,111 - freqtrade.worker - INFO - Bot heartbeat. PID=22484, version='2026.6', state='RUNNING'
[2026-08-19 14:49:56] 2026-08-19 14:49:56,183 - freqtrade.worker - INFO - Bot heartbeat. PID=22484, version='2026.6', state='RUNNING'
[2026-08-19 14:50:56] 2026-08-19 14:50:56,274 - freqtrade.worker - INFO - Bot heartbeat. PID=22484, version='2026.6', state='RUNNING'
[2026-08-19 14:51:56] 2026-08-19 14:51:56,372 - freqtrade.worker - INFO - Bot heartbeat. PID=22484, version='2026.6', state='RUNNING'
[2026-08-19 14:52:56] 2026-08-19 14:52:56,471 - freqtrade.worker - INFO - Bot heartbeat. PID=22484, version='2026.6', state='RUNNING'
[2026-08-19 14:53:56] 2026-08-19 14:53:56,566 - freqtrade.worker - INFO - Bot heartbeat. PID=22484, version='2026.6', state='RUNNING'
[2026-08-19 14:54:56] 2026-08-19 14:54:56,619 - freqtrade.worker - INFO - Bot heartbeat. PID=22484, version='2026.6', state='RUNNING'
[2026-08-19 14:55:56] 2026-08-19 14:55:56,706 - freqtrade.worker - INFO - Bot heartbeat. PID=22484, version='2026.6', state='RUNNING'
[2026-08-19 14:56:56] 2026-08-19 14:56:56,798 - freqtrade.worker - INFO - Bot heartbeat. PID=22484, version='2026.6', state='RUNNING'
[2026-08-19 14:57:56] 2026-08-19 14:57:56,884 - freqtrade.worker - INFO - Bot heartbeat. PID=22484, version='2026.6', state='RUNNING'
[2026-08-19 14:58:57] 2026-08-19 14:58:56,960 - freqtrade.worker - INFO - Bot heartbeat. PID=22484, version='2026.6', state='RUNNING'
[2026-08-19 14:59:57] 2026-08-19 14:59:57,049 - freqtrade.worker - INFO - Bot heartbeat. PID=22484, version='2026.6', state='RUNNING'
[2026-08-19 15:00:19] 2026-08-19 15:00:18,965 - BreakoutV16GridV15QualityPfCombinedLiveParityFreqtrade - INFO - V16+Grid LIVE full context waiting: target=2026-08-19 05:00:00+00:00 ready=37/50
[2026-08-19 15:00:19] missing_or_stale=1000SHIB/USDT:USDT,AAVE/USDT:USDT,B/USDT:USDT,BCH/USDT:USDT,CRV/USDT:USDT,DOT/USDT:USDT,FIL/USDT:USDT,HBAR/USDT:USDT,ICP/USDT:USDT,JTO/USDT:USDT,PENGU/USDT:USDT,SIREN/USDT:USDT,SOL/US
[2026-08-19 15:00:19] DT:USDT
[2026-08-19 15:00:34] 2026-08-19 15:00:33,996 - BreakoutV10FGridV8DualSideFreqtrade - INFO - LIVE context synchronized: target=2026-08-19 05:00:00+00:00 pairs=50 candidates=none
[2026-08-19 15:00:59] 2026-08-19 15:00:59,534 - freqtrade.worker - INFO - Bot heartbeat. PID=22484, version='2026.6', state='RUNNING'
[2026-08-19 15:01:09] 2026-08-19 15:01:09,271 - freqtrade.wallets - INFO - Wallets synced.
[2026-08-19 15:01:59] 2026-08-19 15:01:59,556 - freqtrade.worker - INFO - Bot heartbeat. PID=22484, version='2026.6', state='RUNNING'
[2026-08-19 15:02:59] 2026-08-19 15:02:59,631 - freqtrade.worker - INFO - Bot heartbeat. PID=22484, version='2026.6', state='RUNNING'
[2026-08-19 15:03:59] 2026-08-19 15:03:59,724 - freqtrade.worker - INFO - Bot heartbeat. PID=22484, version='2026.6', state='RUNNING'
[2026-08-19 15:04:59] 2026-08-19 15:04:59,818 - freqtrade.worker - INFO - Bot heartbeat. PID=22484, version='2026.6', state='RUNNING'
[2026-08-19 15:05:59] 2026-08-19 15:05:59,896 - freqtrade.worker - INFO - Bot heartbeat. PID=22484, version='2026.6', state='RUNNING'
[2026-08-19 15:07:00] 2026-08-19 15:07:00,001 - freqtrade.worker - INFO - Bot heartbeat. PID=22484, version='2026.6', state='RUNNING'
[2026-08-19 15:08:00] 2026-08-19 15:08:00,061 - freqtrade.worker - INFO - Bot heartbeat. PID=22484, version='2026.6', state='RUNNING'
[2026-08-19 15:09:00] 2026-08-19 15:09:00,164 - freqtrade.worker - INFO - Bot heartbeat. PID=22484, version='2026.6', state='RUNNING'
[2026-08-19 15:10:00] 2026-08-19 15:10:00,252 - freqtrade.worker - INFO - Bot heartbeat. PID=22484, version='2026.6', state='RUNNING'
[2026-08-19 15:10:52] 2026-08-19 15:10:52,292 - freqtrade.plugins.pairlistmanager - INFO - Whitelist with 50 pairs: ['BTC/USDT:USDT', 'ETH/USDT:USDT', 'SOL/USDT:USDT', 'ZEC/USDT:USDT', 'HYPE/USDT:USDT', 'XRP/USDT:USDT',
[2026-08-19 15:10:52] 'DOGE/USDT:USDT', 'BNB/USDT:USDT', 'SIREN/USDT:USDT', '1000PEPE/USDT:USDT', 'TAO/USDT:USDT', 'NEAR/USDT:USDT', 'WLD/USDT:USDT', 'SUI/USDT:USDT', 'ADA/USDT:USDT', 'SEI/USDT:USDT', 'AVAX/USDT:USDT',
[2026-08-19 15:10:52] 'ENA/USDT:USDT', 'LINK/USDT:USDT', 'FIL/USDT:USDT', 'XLM/USDT:USDT', 'BCH/USDT:USDT', 'ONDO/USDT:USDT', 'TRUMP/USDT:USDT', 'AAVE/USDT:USDT', 'DOT/USDT:USDT', 'PENGU/USDT:USDT', 'LTC/USDT:USDT',
[2026-08-19 15:10:52] 'TRX/USDT:USDT', 'FET/USDT:USDT', 'UNI/USDT:USDT', 'INJ/USDT:USDT', 'DASH/USDT:USDT', 'B/USDT:USDT', 'ARB/USDT:USDT', '1000SHIB/USDT:USDT', 'APE/USDT:USDT', 'XMR/USDT:USDT', 'APT/USDT:USDT',
[2026-08-19 15:10:52] 'WIF/USDT:USDT', 'ICP/USDT:USDT', 'ETC/USDT:USDT', 'VIRTUAL/USDT:USDT', 'HBAR/USDT:USDT', 'RENDER/USDT:USDT', 'CRV/USDT:USDT', 'JTO/USDT:USDT', 'OP/USDT:USDT', 'CHZ/USDT:USDT', '1000BONK/USDT:USDT']
[2026-08-19 15:11:00] 2026-08-19 15:11:00,357 - freqtrade.worker - INFO - Bot heartbeat. PID=22484, version='2026.6', state='RUNNING'
[2026-08-19 15:12:00] 2026-08-19 15:12:00,450 - freqtrade.worker - INFO - Bot heartbeat. PID=22484, version='2026.6', state='RUNNING'
[2026-08-19 15:13:00] 2026-08-19 15:13:00,536 - freqtrade.worker - INFO - Bot heartbeat. PID=22484, version='2026.6', state='RUNNING'
[2026-08-19 15:14:00] 2026-08-19 15:14:00,605 - freqtrade.worker - INFO - Bot heartbeat. PID=22484, version='2026.6', state='RUNNING'
[2026-08-19 15:15:00] 2026-08-19 15:15:00,678 - freqtrade.worker - INFO - Bot heartbeat. PID=22484, version='2026.6', state='RUNNING'
[2026-08-19 15:16:04] 2026-08-19 15:16:04,223 - freqtrade.worker - INFO - Bot heartbeat. PID=22484, version='2026.6', state='RUNNING'
[2026-08-19 15:17:04] 2026-08-19 15:17:04,250 - freqtrade.worker - INFO - Bot heartbeat. PID=22484, version='2026.6', state='RUNNING'
[2026-08-19 15:18:04] 2026-08-19 15:18:04,342 - freqtrade.worker - INFO - Bot heartbeat. PID=22484, version='2026.6', state='RUNNING'
[2026-08-19 15:19:04] 2026-08-19 15:19:04,401 - freqtrade.worker - INFO - Bot heartbeat. PID=22484, version='2026.6', state='RUNNING'
[2026-08-19 15:20:04] 2026-08-19 15:20:04,471 - freqtrade.worker - INFO - Bot heartbeat. PID=22484, version='2026.6', state='RUNNING'
[2026-08-19 15:21:04] 2026-08-19 15:21:04,551 - freqtrade.worker - INFO - Bot heartbeat. PID=22484, version='2026.6', state='RUNNING'
[2026-08-19 15:22:04] 2026-08-19 15:22:04,648 - freqtrade.worker - INFO - Bot heartbeat. PID=22484, version='2026.6', state='RUNNING'
[2026-08-19 15:23:04] 2026-08-19 15:23:04,734 - freqtrade.worker - INFO - Bot heartbeat. PID=22484, version='2026.6', state='RUNNING'
[2026-08-19 15:24:04] 2026-08-19 15:24:04,817 - freqtrade.worker - INFO - Bot heartbeat. PID=22484, version='2026.6', state='RUNNING'
[2026-08-19 15:25:04] 2026-08-19 15:25:04,906 - freqtrade.worker - INFO - Bot heartbeat. PID=22484, version='2026.6', state='RUNNING'
[2026-08-19 15:26:05] 2026-08-19 15:26:05,000 - freqtrade.worker - INFO - Bot heartbeat. PID=22484, version='2026.6', state='RUNNING'
[2026-08-19 15:27:05] 2026-08-19 15:27:05,091 - freqtrade.worker - INFO - Bot heartbeat. PID=22484, version='2026.6', state='RUNNING'
[2026-08-19 15:28:05] 2026-08-19 15:28:05,183 - freqtrade.worker - INFO - Bot heartbeat. PID=22484, version='2026.6', state='RUNNING'
[2026-08-19 15:29:05] 2026-08-19 15:29:05,282 - freqtrade.worker - INFO - Bot heartbeat. PID=22484, version='2026.6', state='RUNNING'
[2026-08-19 15:30:07] 2026-08-19 15:30:07,519 - freqtrade.worker - INFO - Bot heartbeat. PID=22484, version='2026.6', state='RUNNING'
[2026-08-19 15:31:08] 2026-08-19 15:31:08,692 - freqtrade.wallets - INFO - Wallets synced.
[2026-08-19 15:31:08] 2026-08-19 15:31:08,694 - freqtrade.worker - INFO - Bot heartbeat. PID=22484, version='2026.6', state='RUNNING'
[2026-08-19 15:32:08] 2026-08-19 15:32:08,783 - freqtrade.worker - INFO - Bot heartbeat. PID=22484, version='2026.6', state='RUNNING'
[2026-08-19 15:33:08] 2026-08-19 15:33:08,873 - freqtrade.worker - INFO - Bot heartbeat. PID=22484, version='2026.6', state='RUNNING'
[2026-08-19 15:34:09] 2026-08-19 15:34:08,961 - freqtrade.worker - INFO - Bot heartbeat. PID=22484, version='2026.6', state='RUNNING'
[2026-08-19 15:35:09] 2026-08-19 15:35:09,041 - freqtrade.worker - INFO - Bot heartbeat. PID=22484, version='2026.6', state='RUNNING'
[2026-08-19 15:36:09] 2026-08-19 15:36:09,112 - freqtrade.worker - INFO - Bot heartbeat. PID=22484, version='2026.6', state='RUNNING'
[2026-08-19 15:37:09] 2026-08-19 15:37:09,183 - freqtrade.worker - INFO - Bot heartbeat. PID=22484, version='2026.6', state='RUNNING'
[2026-08-19 15:38:09] 2026-08-19 15:38:09,272 - freqtrade.worker - INFO - Bot heartbeat. PID=22484, version='2026.6', state='RUNNING'
[2026-08-19 15:39:09] 2026-08-19 15:39:09,368 - freqtrade.worker - INFO - Bot heartbeat. PID=22484, version='2026.6', state='RUNNING'
[2026-08-19 15:40:09] 2026-08-19 15:40:09,469 - freqtrade.worker - INFO - Bot heartbeat. PID=22484, version='2026.6', state='RUNNING'
[2026-08-19 15:41:09] 2026-08-19 15:41:09,544 - freqtrade.worker - INFO - Bot heartbeat. PID=22484, version='2026.6', state='RUNNING'
[2026-08-19 15:42:09] 2026-08-19 15:42:09,632 - freqtrade.worker - INFO - Bot heartbeat. PID=22484, version='2026.6', state='RUNNING'
[2026-08-19 15:43:09] 2026-08-19 15:43:09,712 - freqtrade.worker - INFO - Bot heartbeat. PID=22484, version='2026.6', state='RUNNING'
[2026-08-19 15:44:09] 2026-08-19 15:44:09,804 - freqtrade.worker - INFO - Bot heartbeat. PID=22484, version='2026.6', state='RUNNING'
[2026-08-19 15:45:12] 2026-08-19 15:45:12,053 - freqtrade.worker - INFO - Bot heartbeat. PID=22484, version='2026.6', state='RUNNING'
[2026-08-19 15:46:12] 2026-08-19 15:46:12,132 - freqtrade.worker - INFO - Bot heartbeat. PID=22484, version='2026.6', state='RUNNING'
[2026-08-19 15:47:12] 2026-08-19 15:47:12,207 - freqtrade.worker - INFO - Bot heartbeat. PID=22484, version='2026.6', state='RUNNING'
[2026-08-19 15:48:12] 2026-08-19 15:48:12,314 - freqtrade.worker - INFO - Bot heartbeat. PID=22484, version='2026.6', state='RUNNING'
[2026-08-19 15:49:12] 2026-08-19 15:49:12,406 - freqtrade.worker - INFO - Bot heartbeat. PID=22484, version='2026.6', state='RUNNING'
[2026-08-19 15:50:12] 2026-08-19 15:50:12,483 - freqtrade.worker - INFO - Bot heartbeat. PID=22484, version='2026.6', state='RUNNING'
[2026-08-19 15:51:12] 2026-08-19 15:51:12,559 - freqtrade.worker - INFO - Bot heartbeat. PID=22484, version='2026.6', state='RUNNING'
[2026-08-19 15:52:12] 2026-08-19 15:52:12,638 - freqtrade.worker - INFO - Bot heartbeat. PID=22484, version='2026.6', state='RUNNING'
[2026-08-19 15:53:12] 2026-08-19 15:53:12,732 - freqtrade.worker - INFO - Bot heartbeat. PID=22484, version='2026.6', state='RUNNING'
[2026-08-19 15:54:12] 2026-08-19 15:54:12,817 - freqtrade.worker - INFO - Bot heartbeat. PID=22484, version='2026.6', state='RUNNING'
[2026-08-19 15:55:12] 2026-08-19 15:55:12,918 - freqtrade.worker - INFO - Bot heartbeat. PID=22484, version='2026.6', state='RUNNING'
[2026-08-19 15:56:13] 2026-08-19 15:56:13,009 - freqtrade.worker - INFO - Bot heartbeat. PID=22484, version='2026.6', state='RUNNING'
[2026-08-19 15:57:13] 2026-08-19 15:57:13,082 - freqtrade.worker - INFO - Bot heartbeat. PID=22484, version='2026.6', state='RUNNING'
[2026-08-19 15:58:13] 2026-08-19 15:58:13,170 - freqtrade.worker - INFO - Bot heartbeat. PID=22484, version='2026.6', state='RUNNING'
[2026-08-19 15:59:13] 2026-08-19 15:59:13,256 - freqtrade.worker - INFO - Bot heartbeat. PID=22484, version='2026.6', state='RUNNING'
[2026-08-19 16:00:18] 2026-08-19 16:00:18,531 - BreakoutV16GridV15QualityPfCombinedLiveParityFreqtrade - INFO - V16+Grid LIVE full context waiting: target=2026-08-19 06:00:00+00:00 ready=35/50
[2026-08-19 16:00:18] missing_or_stale=1000SHIB/USDT:USDT,ADA/USDT:USDT,B/USDT:USDT,BCH/USDT:USDT,BNB/USDT:USDT,DOGE/USDT:USDT,DOT/USDT:USDT,HBAR/USDT:USDT,ICP/USDT:USDT,INJ/USDT:USDT,PENGU/USDT:USDT,TAO/USDT:USDT,TRUMP/US
[2026-08-19 16:00:18] DT:USDT,XLM/USDT:USDT,XMR/USDT:USDT
[2026-08-19 16:00:19] 2026-08-19 16:00:19,044 - freqtrade.worker - INFO - Bot heartbeat. PID=22484, version='2026.6', state='RUNNING'
[2026-08-19 16:00:33] 2026-08-19 16:00:33,656 - BreakoutV10FGridV8DualSideFreqtrade - INFO - LIVE context synchronized: target=2026-08-19 06:00:00+00:00 pairs=50 candidates=none
[2026-08-19 16:01:09] 2026-08-19 16:01:09,239 - freqtrade.wallets - INFO - Wallets synced.
[2026-08-19 16:01:19] 2026-08-19 16:01:19,257 - freqtrade.worker - INFO - Bot heartbeat. PID=22484, version='2026.6', state='RUNNING'
[2026-08-19 16:02:19] 2026-08-19 16:02:19,356 - freqtrade.worker - INFO - Bot heartbeat. PID=22484, version='2026.6', state='RUNNING'
[2026-08-19 16:03:19] 2026-08-19 16:03:19,434 - freqtrade.worker - INFO - Bot heartbeat. PID=22484, version='2026.6', state='RUNNING'
[2026-08-19 16:04:19] 2026-08-19 16:04:19,525 - freqtrade.worker - INFO - Bot heartbeat. PID=22484, version='2026.6', state='RUNNING'
[2026-08-19 16:05:19] 2026-08-19 16:05:19,622 - freqtrade.worker - INFO - Bot heartbeat. PID=22484, version='2026.6', state='RUNNING'
[2026-08-19 16:06:19] 2026-08-19 16:06:19,692 - freqtrade.worker - INFO - Bot heartbeat. PID=22484, version='2026.6', state='RUNNING'
[2026-08-19 16:07:19] 2026-08-19 16:07:19,779 - freqtrade.worker - INFO - Bot heartbeat. PID=22484, version='2026.6', state='RUNNING'
[2026-08-19 16:08:19] 2026-08-19 16:08:19,853 - freqtrade.worker - INFO - Bot heartbeat. PID=22484, version='2026.6', state='RUNNING'
[2026-08-19 16:09:20] 2026-08-19 16:09:19,948 - freqtrade.worker - INFO - Bot heartbeat. PID=22484, version='2026.6', state='RUNNING'
[2026-08-19 16:10:20] 2026-08-19 16:10:20,047 - freqtrade.worker - INFO - Bot heartbeat. PID=22484, version='2026.6', state='RUNNING'
[2026-08-19 16:10:56] 2026-08-19 16:10:56,806 - freqtrade.plugins.pairlistmanager - INFO - Whitelist with 50 pairs: ['BTC/USDT:USDT', 'ETH/USDT:USDT', 'SOL/USDT:USDT', 'ZEC/USDT:USDT', 'HYPE/USDT:USDT', 'XRP/USDT:USDT',
[2026-08-19 16:10:56] 'DOGE/USDT:USDT', 'BNB/USDT:USDT', 'SIREN/USDT:USDT', '1000PEPE/USDT:USDT', 'TAO/USDT:USDT', 'NEAR/USDT:USDT', 'WLD/USDT:USDT', 'SUI/USDT:USDT', 'ADA/USDT:USDT', 'SEI/USDT:USDT', 'AVAX/USDT:USDT',
[2026-08-19 16:10:56] 'ENA/USDT:USDT', 'LINK/USDT:USDT', 'FIL/USDT:USDT', 'XLM/USDT:USDT', 'BCH/USDT:USDT', 'ONDO/USDT:USDT', 'TRUMP/USDT:USDT', 'AAVE/USDT:USDT', 'DOT/USDT:USDT', 'PENGU/USDT:USDT', 'LTC/USDT:USDT',
[2026-08-19 16:10:56] 'TRX/USDT:USDT', 'FET/USDT:USDT', 'UNI/USDT:USDT', 'INJ/USDT:USDT', 'DASH/USDT:USDT', 'B/USDT:USDT', 'ARB/USDT:USDT', '1000SHIB/USDT:USDT', 'APE/USDT:USDT', 'XMR/USDT:USDT', 'APT/USDT:USDT',
[2026-08-19 16:10:56] 'WIF/USDT:USDT', 'ICP/USDT:USDT', 'ETC/USDT:USDT', 'VIRTUAL/USDT:USDT', 'HBAR/USDT:USDT', 'RENDER/USDT:USDT', 'CRV/USDT:USDT', 'JTO/USDT:USDT', 'OP/USDT:USDT', 'CHZ/USDT:USDT', '1000BONK/USDT:USDT']
[2026-08-19 16:11:20] 2026-08-19 16:11:20,110 - freqtrade.worker - INFO - Bot heartbeat. PID=22484, version='2026.6', state='RUNNING'
[2026-08-19 16:12:20] 2026-08-19 16:12:20,197 - freqtrade.worker - INFO - Bot heartbeat. PID=22484, version='2026.6', state='RUNNING'
[2026-08-19 16:13:20] 2026-08-19 16:13:20,281 - freqtrade.worker - INFO - Bot heartbeat. PID=22484, version='2026.6', state='RUNNING'
[2026-08-19 16:14:20] 2026-08-19 16:14:20,382 - freqtrade.worker - INFO - Bot heartbeat. PID=22484, version='2026.6', state='RUNNING'
[2026-08-19 16:15:23] 2026-08-19 16:15:23,733 - freqtrade.worker - INFO - Bot heartbeat. PID=22484, version='2026.6', state='RUNNING'
[2026-08-19 16:16:23] 2026-08-19 16:16:23,812 - freqtrade.worker - INFO - Bot heartbeat. PID=22484, version='2026.6', state='RUNNING'
[2026-08-19 16:17:24] 2026-08-19 16:17:23,904 - freqtrade.worker - INFO - Bot heartbeat. PID=22484, version='2026.6', state='RUNNING'
[2026-08-19 16:18:24] 2026-08-19 16:18:24,004 - freqtrade.worker - INFO - Bot heartbeat. PID=22484, version='2026.6', state='RUNNING'
[2026-08-19 16:19:24] 2026-08-19 16:19:24,098 - freqtrade.worker - INFO - Bot heartbeat. PID=22484, version='2026.6', state='RUNNING'
[2026-08-19 16:20:24] 2026-08-19 16:20:24,186 - freqtrade.worker - INFO - Bot heartbeat. PID=22484, version='2026.6', state='RUNNING'
[2026-08-19 16:21:24] 2026-08-19 16:21:24,273 - freqtrade.worker - INFO - Bot heartbeat. PID=22484, version='2026.6', state='RUNNING'
[2026-08-19 16:22:24] 2026-08-19 16:22:24,338 - freqtrade.worker - INFO - Bot heartbeat. PID=22484, version='2026.6', state='RUNNING'
[2026-08-19 16:23:24] 2026-08-19 16:23:24,430 - freqtrade.worker - INFO - Bot heartbeat. PID=22484, version='2026.6', state='RUNNING'
[2026-08-19 16:24:24] 2026-08-19 16:24:24,520 - freqtrade.worker - INFO - Bot heartbeat. PID=22484, version='2026.6', state='RUNNING'
[2026-08-19 16:25:24] 2026-08-19 16:25:24,603 - freqtrade.worker - INFO - Bot heartbeat. PID=22484, version='2026.6', state='RUNNING'
[2026-08-19 16:26:24] 2026-08-19 16:26:24,691 - freqtrade.worker - INFO - Bot heartbeat. PID=22484, version='2026.6', state='RUNNING'
[2026-08-19 16:27:24] 2026-08-19 16:27:24,777 - freqtrade.worker - INFO - Bot heartbeat. PID=22484, version='2026.6', state='RUNNING'
[2026-08-19 16:28:24] 2026-08-19 16:28:24,876 - freqtrade.worker - INFO - Bot heartbeat. PID=22484, version='2026.6', state='RUNNING'
[2026-08-19 16:29:24] 2026-08-19 16:29:24,877 - freqtrade.worker - INFO - Bot heartbeat. PID=22484, version='2026.6', state='RUNNING'
[2026-08-19 16:30:27] 2026-08-19 16:30:27,136 - freqtrade.worker - INFO - Bot heartbeat. PID=22484, version='2026.6', state='RUNNING'
[2026-08-19 16:31:07] 2026-08-19 16:31:07,213 - freqtrade.wallets - INFO - Wallets synced.
[2026-08-19 16:31:27] 2026-08-19 16:31:27,240 - freqtrade.worker - INFO - Bot heartbeat. PID=22484, version='2026.6', state='RUNNING'
[2026-08-19 16:32:27] 2026-08-19 16:32:27,317 - freqtrade.worker - INFO - Bot heartbeat. PID=22484, version='2026.6', state='RUNNING'
[2026-08-19 16:33:27] 2026-08-19 16:33:27,418 - freqtrade.worker - INFO - Bot heartbeat. PID=22484, version='2026.6', state='RUNNING'
[2026-08-19 16:34:27] 2026-08-19 16:34:27,503 - freqtrade.worker - INFO - Bot heartbeat. PID=22484, version='2026.6', state='RUNNING'
[2026-08-19 16:35:27] 2026-08-19 16:35:27,587 - freqtrade.worker - INFO - Bot heartbeat. PID=22484, version='2026.6', state='RUNNING'
[2026-08-19 16:36:27] 2026-08-19 16:36:27,670 - freqtrade.worker - INFO - Bot heartbeat. PID=22484, version='2026.6', state='RUNNING'
[2026-08-19 16:37:27] 2026-08-19 16:37:27,759 - freqtrade.worker - INFO - Bot heartbeat. PID=22484, version='2026.6', state='RUNNING'
[2026-08-19 16:38:27] 2026-08-19 16:38:27,852 - freqtrade.worker - INFO - Bot heartbeat. PID=22484, version='2026.6', state='RUNNING'
[2026-08-19 16:39:28] 2026-08-19 16:39:27,953 - freqtrade.worker - INFO - Bot heartbeat. PID=22484, version='2026.6', state='RUNNING'
[2026-08-19 16:40:28] 2026-08-19 16:40:28,053 - freqtrade.worker - INFO - Bot heartbeat. PID=22484, version='2026.6', state='RUNNING'
[2026-08-19 16:41:28] 2026-08-19 16:41:28,147 - freqtrade.worker - INFO - Bot heartbeat. PID=22484, version='2026.6', state='RUNNING'
[2026-08-19 16:42:28] 2026-08-19 16:42:28,241 - freqtrade.worker - INFO - Bot heartbeat. PID=22484, version='2026.6', state='RUNNING'
[2026-08-19 16:43:28] 2026-08-19 16:43:28,335 - freqtrade.worker - INFO - Bot heartbeat. PID=22484, version='2026.6', state='RUNNING'
[2026-08-19 16:44:28] 2026-08-19 16:44:28,426 - freqtrade.worker - INFO - Bot heartbeat. PID=22484, version='2026.6', state='RUNNING'
[2026-08-19 16:45:30] 2026-08-19 16:45:30,650 - freqtrade.worker - INFO - Bot heartbeat. PID=22484, version='2026.6', state='RUNNING'
[2026-08-19 16:46:30] 2026-08-19 16:46:30,742 - freqtrade.worker - INFO - Bot heartbeat. PID=22484, version='2026.6', state='RUNNING'
[2026-08-19 16:47:30] 2026-08-19 16:47:30,828 - freqtrade.worker - INFO - Bot heartbeat. PID=22484, version='2026.6', state='RUNNING'
[2026-08-19 16:48:30] 2026-08-19 16:48:30,929 - freqtrade.worker - INFO - Bot heartbeat. PID=22484, version='2026.6', state='RUNNING'
[2026-08-19 16:49:31] 2026-08-19 16:49:31,003 - freqtrade.worker - INFO - Bot heartbeat. PID=22484, version='2026.6', state='RUNNING'
[2026-08-19 16:50:31] 2026-08-19 16:50:31,081 - freqtrade.worker - INFO - Bot heartbeat. PID=22484, version='2026.6', state='RUNNING'
[2026-08-19 16:51:31] 2026-08-19 16:51:31,174 - freqtrade.worker - INFO - Bot heartbeat. PID=22484, version='2026.6', state='RUNNING'
[2026-08-19 16:52:31] 2026-08-19 16:52:31,267 - freqtrade.worker - INFO - Bot heartbeat. PID=22484, version='2026.6', state='RUNNING'
[2026-08-19 16:53:31] 2026-08-19 16:53:31,345 - freqtrade.worker - INFO - Bot heartbeat. PID=22484, version='2026.6', state='RUNNING'
[2026-08-19 16:54:31] 2026-08-19 16:54:31,444 - freqtrade.worker - INFO - Bot heartbeat. PID=22484, version='2026.6', state='RUNNING'
[2026-08-19 16:55:31] 2026-08-19 16:55:31,553 - freqtrade.worker - INFO - Bot heartbeat. PID=22484, version='2026.6', state='RUNNING'
[2026-08-19 16:56:31] 2026-08-19 16:56:31,635 - freqtrade.worker - INFO - Bot heartbeat. PID=22484, version='2026.6', state='RUNNING'
[2026-08-19 16:57:31] 2026-08-19 16:57:31,742 - freqtrade.worker - INFO - Bot heartbeat. PID=22484, version='2026.6', state='RUNNING'
[2026-08-19 16:58:31] 2026-08-19 16:58:31,818 - freqtrade.worker - INFO - Bot heartbeat. PID=22484, version='2026.6', state='RUNNING'
[2026-08-19 16:59:31] 2026-08-19 16:59:31,905 - freqtrade.worker - INFO - Bot heartbeat. PID=22484, version='2026.6', state='RUNNING'
[2026-08-19 17:00:18] 2026-08-19 17:00:18,056 - BreakoutV16GridV15QualityPfCombinedLiveParityFreqtrade - INFO - V16+Grid LIVE full context waiting: target=2026-08-19 07:00:00+00:00 ready=32/50
[2026-08-19 17:00:18] missing_or_stale=1000BONK/USDT:USDT,1000SHIB/USDT:USDT,AAVE/USDT:USDT,ADA/USDT:USDT,B/USDT:USDT,BTC/USDT:USDT,CRV/USDT:USDT,DOGE/USDT:USDT,DOT/USDT:USDT,FIL/USDT:USDT,OP/USDT:USDT,RENDER/USDT:USDT,SIR
[2026-08-19 17:00:18] EN/USDT:USDT,SOL/USDT:USDT,TAO/USDT:USDT,TRX/USDT:USDT,XMR/USDT:USDT,ZEC/USDT:USDT
[2026-08-19 17:00:34] 2026-08-19 17:00:34,874 - BreakoutV10FGridV8DualSideFreqtrade - INFO - LIVE context synchronized: target=2026-08-19 07:00:00+00:00 pairs=50 candidates=OP/USDT:USDT:SHORT
[2026-08-19 17:00:35] 2026-08-19 17:00:35,385 - freqtrade.worker - INFO - Bot heartbeat. PID=22484, version='2026.6', state='RUNNING'
[2026-08-19 17:01:05] 2026-08-19 17:01:05,379 - freqtrade.wallets - INFO - Wallets synced.
[2026-08-19 17:01:35] 2026-08-19 17:01:35,469 - freqtrade.worker - INFO - Bot heartbeat. PID=22484, version='2026.6', state='RUNNING'
[2026-08-19 17:02:35] 2026-08-19 17:02:35,542 - freqtrade.worker - INFO - Bot heartbeat. PID=22484, version='2026.6', state='RUNNING'
[2026-08-19 17:03:35] 2026-08-19 17:03:35,636 - freqtrade.worker - INFO - Bot heartbeat. PID=22484, version='2026.6', state='RUNNING'
[2026-08-19 17:04:35] 2026-08-19 17:04:35,725 - freqtrade.worker - INFO - Bot heartbeat. PID=22484, version='2026.6', state='RUNNING'
[2026-08-19 17:05:35] 2026-08-19 17:05:35,822 - freqtrade.worker - INFO - Bot heartbeat. PID=22484, version='2026.6', state='RUNNING'
[2026-08-19 17:06:35] 2026-08-19 17:06:35,827 - freqtrade.worker - INFO - Bot heartbeat. PID=22484, version='2026.6', state='RUNNING'
[2026-08-19 17:07:35] 2026-08-19 17:07:35,926 - freqtrade.worker - INFO - Bot heartbeat. PID=22484, version='2026.6', state='RUNNING'
[2026-08-19 17:08:36] 2026-08-19 17:08:36,020 - freqtrade.worker - INFO - Bot heartbeat. PID=22484, version='2026.6', state='RUNNING'
[2026-08-19 17:09:36] 2026-08-19 17:09:36,098 - freqtrade.worker - INFO - Bot heartbeat. PID=22484, version='2026.6', state='RUNNING'
[2026-08-19 17:10:36] 2026-08-19 17:10:36,178 - freqtrade.worker - INFO - Bot heartbeat. PID=22484, version='2026.6', state='RUNNING'
[2026-08-19 17:11:03] 2026-08-19 17:11:03,306 - freqtrade.plugins.pairlistmanager - INFO - Whitelist with 50 pairs: ['BTC/USDT:USDT', 'ETH/USDT:USDT', 'SOL/USDT:USDT', 'ZEC/USDT:USDT', 'HYPE/USDT:USDT', 'XRP/USDT:USDT',
[2026-08-19 17:11:03] 'DOGE/USDT:USDT', 'BNB/USDT:USDT', 'SIREN/USDT:USDT', '1000PEPE/USDT:USDT', 'TAO/USDT:USDT', 'NEAR/USDT:USDT', 'WLD/USDT:USDT', 'SUI/USDT:USDT', 'ADA/USDT:USDT', 'SEI/USDT:USDT', 'AVAX/USDT:USDT',
[2026-08-19 17:11:03] 'ENA/USDT:USDT', 'LINK/USDT:USDT', 'FIL/USDT:USDT', 'XLM/USDT:USDT', 'BCH/USDT:USDT', 'ONDO/USDT:USDT', 'TRUMP/USDT:USDT', 'AAVE/USDT:USDT', 'DOT/USDT:USDT', 'PENGU/USDT:USDT', 'LTC/USDT:USDT',
[2026-08-19 17:11:03] 'TRX/USDT:USDT', 'FET/USDT:USDT', 'UNI/USDT:USDT', 'INJ/USDT:USDT', 'DASH/USDT:USDT', 'B/USDT:USDT', 'ARB/USDT:USDT', '1000SHIB/USDT:USDT', 'APE/USDT:USDT', 'XMR/USDT:USDT', 'APT/USDT:USDT',
[2026-08-19 17:11:03] 'WIF/USDT:USDT', 'ICP/USDT:USDT', 'ETC/USDT:USDT', 'VIRTUAL/USDT:USDT', 'HBAR/USDT:USDT', 'RENDER/USDT:USDT', 'CRV/USDT:USDT', 'JTO/USDT:USDT', 'OP/USDT:USDT', 'CHZ/USDT:USDT', '1000BONK/USDT:USDT']
[2026-08-19 17:11:36] 2026-08-19 17:11:36,256 - freqtrade.worker - INFO - Bot heartbeat. PID=22484, version='2026.6', state='RUNNING'
[2026-08-19 17:12:36] 2026-08-19 17:12:36,343 - freqtrade.worker - INFO - Bot heartbeat. PID=22484, version='2026.6', state='RUNNING'
[2026-08-19 17:13:36] 2026-08-19 17:13:36,430 - freqtrade.worker - INFO - Bot heartbeat. PID=22484, version='2026.6', state='RUNNING'
[2026-08-19 17:14:36] 2026-08-19 17:14:36,530 - freqtrade.worker - INFO - Bot heartbeat. PID=22484, version='2026.6', state='RUNNING'
[2026-08-19 17:15:38] 2026-08-19 17:15:38,770 - freqtrade.worker - INFO - Bot heartbeat. PID=22484, version='2026.6', state='RUNNING'
[2026-08-19 17:16:38] 2026-08-19 17:16:38,868 - freqtrade.worker - INFO - Bot heartbeat. PID=22484, version='2026.6', state='RUNNING'
[2026-08-19 17:17:38] 2026-08-19 17:17:38,947 - freqtrade.worker - INFO - Bot heartbeat. PID=22484, version='2026.6', state='RUNNING'
[2026-08-19 17:18:39] 2026-08-19 17:18:39,033 - freqtrade.worker - INFO - Bot heartbeat. PID=22484, version='2026.6', state='RUNNING'
[2026-08-19 17:19:39] 2026-08-19 17:19:39,143 - freqtrade.worker - INFO - Bot heartbeat. PID=22484, version='2026.6', state='RUNNING'
[2026-08-19 17:20:39] 2026-08-19 17:20:39,236 - freqtrade.worker - INFO - Bot heartbeat. PID=22484, version='2026.6', state='RUNNING'
[2026-08-19 17:21:39] 2026-08-19 17:21:39,334 - freqtrade.worker - INFO - Bot heartbeat. PID=22484, version='2026.6', state='RUNNING'
[2026-08-19 17:22:39] 2026-08-19 17:22:39,417 - freqtrade.worker - INFO - Bot heartbeat. PID=22484, version='2026.6', state='RUNNING'
[2026-08-19 17:23:39] 2026-08-19 17:23:39,499 - freqtrade.worker - INFO - Bot heartbeat. PID=22484, version='2026.6', state='RUNNING'
[2026-08-19 17:24:39] 2026-08-19 17:24:39,587 - freqtrade.worker - INFO - Bot heartbeat. PID=22484, version='2026.6', state='RUNNING'
[2026-08-19 17:25:39] 2026-08-19 17:25:39,665 - freqtrade.worker - INFO - Bot heartbeat. PID=22484, version='2026.6', state='RUNNING'
[2026-08-19 17:26:39] 2026-08-19 17:26:39,738 - freqtrade.worker - INFO - Bot heartbeat. PID=22484, version='2026.6', state='RUNNING'
[2026-08-19 17:27:39] 2026-08-19 17:27:39,819 - freqtrade.worker - INFO - Bot heartbeat. PID=22484, version='2026.6', state='RUNNING'
[2026-08-19 17:28:39] 2026-08-19 17:28:39,925 - freqtrade.worker - INFO - Bot heartbeat. PID=22484, version='2026.6', state='RUNNING'
[2026-08-19 17:29:40] 2026-08-19 17:29:40,015 - freqtrade.worker - INFO - Bot heartbeat. PID=22484, version='2026.6', state='RUNNING'
[2026-08-19 17:30:43] 2026-08-19 17:30:43,540 - freqtrade.worker - INFO - Bot heartbeat. PID=22484, version='2026.6', state='RUNNING'
[2026-08-19 17:31:08] 2026-08-19 17:31:08,305 - freqtrade.wallets - INFO - Wallets synced.
[2026-08-19 17:31:43] 2026-08-19 17:31:43,621 - freqtrade.worker - INFO - Bot heartbeat. PID=22484, version='2026.6', state='RUNNING'
[2026-08-19 17:32:43] 2026-08-19 17:32:43,702 - freqtrade.worker - INFO - Bot heartbeat. PID=22484, version='2026.6', state='RUNNING'
[2026-08-19 17:33:43] 2026-08-19 17:33:43,793 - freqtrade.worker - INFO - Bot heartbeat. PID=22484, version='2026.6', state='RUNNING'
[2026-08-19 17:34:43] 2026-08-19 17:34:43,884 - freqtrade.worker - INFO - Bot heartbeat. PID=22484, version='2026.6', state='RUNNING'
[2026-08-19 17:35:44] 2026-08-19 17:35:43,979 - freqtrade.worker - INFO - Bot heartbeat. PID=22484, version='2026.6', state='RUNNING'
[2026-08-19 17:36:44] 2026-08-19 17:36:44,057 - freqtrade.worker - INFO - Bot heartbeat. PID=22484, version='2026.6', state='RUNNING'
[2026-08-19 17:37:44] 2026-08-19 17:37:44,135 - freqtrade.worker - INFO - Bot heartbeat. PID=22484, version='2026.6', state='RUNNING'
[2026-08-19 17:38:44] 2026-08-19 17:38:44,220 - freqtrade.worker - INFO - Bot heartbeat. PID=22484, version='2026.6', state='RUNNING'
[2026-08-19 17:39:44] 2026-08-19 17:39:44,320 - freqtrade.worker - INFO - Bot heartbeat. PID=22484, version='2026.6', state='RUNNING'
[2026-08-19 17:40:44] 2026-08-19 17:40:44,401 - freqtrade.worker - INFO - Bot heartbeat. PID=22484, version='2026.6', state='RUNNING'
[2026-08-19 17:41:44] 2026-08-19 17:41:44,508 - freqtrade.worker - INFO - Bot heartbeat. PID=22484, version='2026.6', state='RUNNING'
[2026-08-19 17:42:49] 2026-08-19 17:42:49,509 - freqtrade.worker - INFO - Bot heartbeat. PID=22484, version='2026.6', state='RUNNING'
[2026-08-19 17:43:49] 2026-08-19 17:43:49,587 - freqtrade.worker - INFO - Bot heartbeat. PID=22484, version='2026.6', state='RUNNING'
[2026-08-19 17:44:49] 2026-08-19 17:44:49,685 - freqtrade.worker - INFO - Bot heartbeat. PID=22484, version='2026.6', state='RUNNING'
[2026-08-19 17:45:52] 2026-08-19 17:45:52,047 - freqtrade.worker - INFO - Bot heartbeat. PID=22484, version='2026.6', state='RUNNING'
[2026-08-19 17:46:52] 2026-08-19 17:46:52,153 - freqtrade.worker - INFO - Bot heartbeat. PID=22484, version='2026.6', state='RUNNING'
[2026-08-19 17:47:52] 2026-08-19 17:47:52,244 - freqtrade.worker - INFO - Bot heartbeat. PID=22484, version='2026.6', state='RUNNING'
[2026-08-19 17:48:52] 2026-08-19 17:48:52,327 - freqtrade.worker - INFO - Bot heartbeat. PID=22484, version='2026.6', state='RUNNING'
[2026-08-19 17:48:53] 2026-08-19 17:48:53,506 - freqtrade.persistence.trade_model - INFO - Updating trade (id=12) ...
[2026-08-19 17:48:53] 2026-08-19 17:48:53,508 - freqtrade.persistence.trade_model - INFO - STOPLOSS is hit for Trade(id=12, pair=DASH/USDT:USDT, amount=124.844, is_short=True, leverage=10, open_rate=29.78,
[2026-08-19 17:48:53] open_since=2026-08-18 21:00:35).
[2026-08-19 17:48:53] 2026-08-19 17:48:53,510 - freqtrade.persistence.trade_model - INFO - Marking Trade(id=12, pair=DASH/USDT:USDT, amount=124.844, is_short=True, leverage=10, open_rate=29.78, open_since=closed) as closed
[2026-08-19 17:48:53] as the trade is fulfilled and found no open orders for it.
[2026-08-19 17:48:53] 2026-08-19 17:48:53,619 - freqtrade.wallets - INFO - Wallets synced.
[2026-08-19 17:48:53] 2026-08-19 17:48:53,624 - freqtrade.rpc.rpc_manager - INFO - Sending rpc message: {'type': exit_fill, 'trade_id': 12, 'exchange': 'Binance', 'pair': 'DASH/USDT:USDT', 'leverage': 10.0, 'direction':
[2026-08-19 17:48:53] 'Short', 'gain': 'loss', 'limit': 29.93464, 'order_rate': 29.93464, 'order_type': 'stoploss', 'amount': 124.844, 'open_rate': 29.78, 'close_rate': 29.93464, 'current_rate': None, 'profit_amount':
[2026-08-19 17:48:53] -23.03338342, 'profit_ratio': -0.06198442, 'buy_tag': 'bo_v9_s2_r30294_c0_l0', 'enter_tag': 'bo_v9_s2_r30294_c0_l0', 'exit_reason': 'stoploss_on_exchange', 'open_date': datetime.datetime(2026, 8, 18,
[2026-08-19 17:48:53] 21, 0, 35, 576506, tzinfo=datetime.timezone.utc), 'close_date': datetime.datetime(2026, 8, 19, 8, 48, 49, 354000, tzinfo=datetime.timezone.utc), 'stake_amount': 371.785432, 'stake_currency': 'USDT',
[2026-08-19 17:48:53] 'base_currency': 'DASH', 'quote_currency': 'USDT', 'fiat_currency': None, 'sub_trade': False, 'cumulative_profit': -23.03338342, 'final_profit_ratio': -0.06198442405063485, 'is_final_exit': True}
[2026-08-19 17:48:53] 2026-08-19 17:48:53,893 - freqtrade.wallets - INFO - Wallets synced.
[2026-08-19 17:49:52] 2026-08-19 17:49:52,420 - freqtrade.worker - INFO - Bot heartbeat. PID=22484, version='2026.6', state='RUNNING'
[2026-08-19 17:50:52] 2026-08-19 17:50:52,506 - freqtrade.worker - INFO - Bot heartbeat. PID=22484, version='2026.6', state='RUNNING'
[2026-08-19 17:51:52] 2026-08-19 17:51:52,592 - freqtrade.worker - INFO - Bot heartbeat. PID=22484, version='2026.6', state='RUNNING'
[2026-08-19 17:52:52] 2026-08-19 17:52:52,672 - freqtrade.worker - INFO - Bot heartbeat. PID=22484, version='2026.6', state='RUNNING'
[2026-08-19 17:53:52] 2026-08-19 17:53:52,758 - freqtrade.worker - INFO - Bot heartbeat. PID=22484, version='2026.6', state='RUNNING'
[2026-08-19 17:54:52] 2026-08-19 17:54:52,799 - freqtrade.worker - INFO - Bot heartbeat. PID=22484, version='2026.6', state='RUNNING'
[2026-08-19 17:55:52] 2026-08-19 17:55:52,831 - freqtrade.worker - INFO - Bot heartbeat. PID=22484, version='2026.6', state='RUNNING'
[2026-08-19 17:56:52] 2026-08-19 17:56:52,872 - freqtrade.worker - INFO - Bot heartbeat. PID=22484, version='2026.6', state='RUNNING'
[2026-08-19 17:57:57] 2026-08-19 17:57:57,824 - freqtrade.worker - INFO - Bot heartbeat. PID=22484, version='2026.6', state='RUNNING'
[2026-08-19 17:58:57] 2026-08-19 17:58:57,856 - freqtrade.worker - INFO - Bot heartbeat. PID=22484, version='2026.6', state='RUNNING'
[2026-08-19 17:59:57] 2026-08-19 17:59:57,900 - freqtrade.worker - INFO - Bot heartbeat. PID=22484, version='2026.6', state='RUNNING'
[2026-08-19 18:00:20] 2026-08-19 18:00:20,019 - BreakoutV16GridV15QualityPfCombinedLiveParityFreqtrade - INFO - V16+Grid LIVE full context waiting: target=2026-08-19 08:00:00+00:00 ready=35/50
[2026-08-19 18:00:20] missing_or_stale=1000SHIB/USDT:USDT,AAVE/USDT:USDT,ADA/USDT:USDT,B/USDT:USDT,CRV/USDT:USDT,DOGE/USDT:USDT,ETC/USDT:USDT,FIL/USDT:USDT,HBAR/USDT:USDT,ICP/USDT:USDT,SIREN/USDT:USDT,SOL/USDT:USDT,TAO/USD
[2026-08-19 18:00:20] T:USDT,XLM/USDT:USDT,XMR/USDT:USDT
[2026-08-19 18:00:37] 2026-08-19 18:00:37,389 - BreakoutV10FGridV8DualSideFreqtrade - INFO - LIVE context synchronized: target=2026-08-19 08:00:00+00:00 pairs=50 candidates=none
[2026-08-19 18:01:02] 2026-08-19 18:01:02,720 - freqtrade.worker - INFO - Bot heartbeat. PID=22484, version='2026.6', state='RUNNING'
[2026-08-19 18:01:05] 2026-08-19 18:01:05,524 - freqtrade.wallets - INFO - Wallets synced.
[2026-08-19 18:02:02] 2026-08-19 18:02:02,761 - freqtrade.worker - INFO - Bot heartbeat. PID=22484, version='2026.6', state='RUNNING'
[2026-08-19 18:03:02] 2026-08-19 18:03:02,785 - freqtrade.worker - INFO - Bot heartbeat. PID=22484, version='2026.6', state='RUNNING'
[2026-08-19 18:04:02] 2026-08-19 18:04:02,824 - freqtrade.worker - INFO - Bot heartbeat. PID=22484, version='2026.6', state='RUNNING'
[2026-08-19 18:05:02] 2026-08-19 18:05:02,886 - freqtrade.worker - INFO - Bot heartbeat. PID=22484, version='2026.6', state='RUNNING'
[2026-08-19 18:06:03] 2026-08-19 18:06:02,972 - freqtrade.worker - INFO - Bot heartbeat. PID=22484, version='2026.6', state='RUNNING'
[2026-08-19 18:07:03] 2026-08-19 18:07:03,060 - freqtrade.worker - INFO - Bot heartbeat. PID=22484, version='2026.6', state='RUNNING'
[2026-08-19 18:08:03] 2026-08-19 18:08:03,143 - freqtrade.worker - INFO - Bot heartbeat. PID=22484, version='2026.6', state='RUNNING'
[2026-08-19 18:09:03] 2026-08-19 18:09:03,224 - freqtrade.worker - INFO - Bot heartbeat. PID=22484, version='2026.6', state='RUNNING'
[2026-08-19 18:10:03] 2026-08-19 18:10:03,296 - freqtrade.worker - INFO - Bot heartbeat. PID=22484, version='2026.6', state='RUNNING'
[2026-08-19 18:11:03] 2026-08-19 18:11:03,343 - freqtrade.worker - INFO - Bot heartbeat. PID=22484, version='2026.6', state='RUNNING'
[2026-08-19 18:11:05] 2026-08-19 18:11:05,354 - freqtrade.plugins.pairlistmanager - INFO - Whitelist with 50 pairs: ['BTC/USDT:USDT', 'ETH/USDT:USDT', 'SOL/USDT:USDT', 'ZEC/USDT:USDT', 'HYPE/USDT:USDT', 'XRP/USDT:USDT',
[2026-08-19 18:11:05] 'DOGE/USDT:USDT', 'BNB/USDT:USDT', 'SIREN/USDT:USDT', '1000PEPE/USDT:USDT', 'TAO/USDT:USDT', 'NEAR/USDT:USDT', 'WLD/USDT:USDT', 'SUI/USDT:USDT', 'ADA/USDT:USDT', 'SEI/USDT:USDT', 'AVAX/USDT:USDT',
[2026-08-19 18:11:05] 'ENA/USDT:USDT', 'LINK/USDT:USDT', 'FIL/USDT:USDT', 'XLM/USDT:USDT', 'BCH/USDT:USDT', 'ONDO/USDT:USDT', 'TRUMP/USDT:USDT', 'AAVE/USDT:USDT', 'DOT/USDT:USDT', 'PENGU/USDT:USDT', 'LTC/USDT:USDT',
[2026-08-19 18:11:05] 'TRX/USDT:USDT', 'FET/USDT:USDT', 'UNI/USDT:USDT', 'INJ/USDT:USDT', 'DASH/USDT:USDT', 'B/USDT:USDT', 'ARB/USDT:USDT', '1000SHIB/USDT:USDT', 'APE/USDT:USDT', 'XMR/USDT:USDT', 'APT/USDT:USDT',
[2026-08-19 18:11:05] 'WIF/USDT:USDT', 'ICP/USDT:USDT', 'ETC/USDT:USDT', 'VIRTUAL/USDT:USDT', 'HBAR/USDT:USDT', 'RENDER/USDT:USDT', 'CRV/USDT:USDT', 'JTO/USDT:USDT', 'OP/USDT:USDT', 'CHZ/USDT:USDT', '1000BONK/USDT:USDT']
[2026-08-19 18:12:03] 2026-08-19 18:12:03,387 - freqtrade.worker - INFO - Bot heartbeat. PID=22484, version='2026.6', state='RUNNING'
[2026-08-19 18:13:03] 2026-08-19 18:13:03,421 - freqtrade.worker - INFO - Bot heartbeat. PID=22484, version='2026.6', state='RUNNING'
[2026-08-19 18:14:03] 2026-08-19 18:14:03,460 - freqtrade.worker - INFO - Bot heartbeat. PID=22484, version='2026.6', state='RUNNING'
