timestamp,open,high,low,close,volume
2025-01-01T00:00:00,60000.00000000,60042.06793625,59987.68631752,60029.74814862,163.801292
2025-01-01T00:01:00,60029.74814862,60060.39321700,60013.68247773,60044.32364529,79.977090
2025-01-01T00:02:00,60044.32364529,60108.38244748,59999.00148824,60063.04615846,49.265866
2025-01-01T00:03:00,60063.04615846,60079.84658998,60051.22681714,60068.02626866,89.663989
2025-01-01T00:04:00,60068.02626866,60182.12160282,60004.02331846,60118.06533560,218.651142
2025-01-01T00:05:00,60118.06533560,60189.56377739,60068.98561002,60140.46576435,155.797108
2025-01-01T00:06:00,60140.46576435,60165.47092663,60060.20598612,60085.18816511,224.092419
2025-01-01T00:07:00,60085.18816511,60102.72615283,60068.40541657,60085.94319339,56.447689
2025-01-01T00:08:00,60085.94319339,60112.33787922,60064.80149096,60091.19432914,84.140514
2025-01-01T00:09:00,60091.19432914,60113.41026098,60057.05693638,60079.26845918,85.542705
2025-01-01T00:10:00,60079.26845918,60104.95944542,60054.60136189,60080.29192791,77.706212
2025-01-01T00:11:00,60080.29192791,60162.59835637,60033.11577128,60115.39463645,57.727835
2025-01-01T00:12:00,60115.39463645,60143.58383531,60088.28086157,60116.46957559,103.354658
2025-01-01T00:13:00,60116.46957559,60147.48340282,60070.49701266,60101.50311876,76.587609
2025-01-01T00:14:00,60101.50311876,60148.96953043,60058.54537326,60106.00856465,133.930276
2025-01-01T00:15:00,60106.00856465,60126.01994869,60070.84209733,60090.84843404,80.794862
2025-01-01T00:16:00,60090.84843404,60122.42764355,60078.11726568,60109.69248279,123.226702
2025-01-01T00:17:00,60109.69248279,60162.27972845,60090.59799362,60143.17460333,209.679416
2025-01-01T00:18:00,60143.17460333,60162.11577191,60131.06704112,60150.00683429,98.488194
2025-01-01T00:19:00,60150.00683429,60196.69895388,60101.92833936,60148.61938192,61.935697
2025-01-01T00:20:00,60148.61938192,60241.53598027,60124.12886834,60217.01761720,127.388117
2025-01-01T00:21:00,60217.01761720,60314.81336773,60180.02965690,60277.78807952,158.532217
2025-01-01T00:22:00,60277.78807952,60359.56012897,60231.89696395,60313.64171705,155.575506
2025-01-01T00:23:00,60313.64171705,60355.77025322,60304.51025811,60346.63379929,138.745233
2025-01-01T00:24:00,60346.63379929,60442.38680194,60318.19345822,60413.91475250,67.696106
2025-01-01T00:25:00,60413.91475250,60496.54450472,60385.91594618,60468.52039144,66.499945
2025-01-01T00:26:00,60468.52039144,60484.01865495,60431.82602580,60447.31885529,79.202325
2025-01-01T00:27:00,60447.31885529,60466.90400025,60379.23268894,60398.80211430,134.565391
2025-01-01T00:28:00,60398.80211430,60409.34945159,60375.11349618,60385.65853823,57.794541
2025-01-01T00:29:00,60385.65853823,60419.85620893,60358.00656636,60392.20124102,82.630826
2025-01-01T00:30:00,60392.20124102,60488.97004600,60353.65919849,60450.39086710,64.086074
2025-01-01T00:31:00,60450.39086710,60480.85020592,60427.50881228,60457.96528398,81.412314
2025-01-01T00:32:00,60457.96528398,60530.85747812,60401.74498906,60474.62169428,47.098700
2025-01-01T00:33:00,60474.62169428,60497.48207585,60422.31361870,60445.16286436,55.157694
2025-01-01T00:34:00,60445.16286436,60499.01847839,60359.78365510,60413.61115710,61.270736
2025-01-01T00:35:00,60413.61115710,60432.79801326,60374.37869367,60393.55918149,151.759658
2025-01-01T00:36:00,60393.55918149,60459.01375340,60358.79603409,60424.23294986,129.514211
2025-01-01T00:37:00,60424.23294986,60434.95780260,60394.18621089,60404.90763353,48.385593
2025-01-01T00:38:00,60404.90763353,60445.49943827,60393.92359432,60434.51001616,87.401621
2025-01-01T00:39:00,60434.51001616,60575.68390356,60402.31771057,60543.43357647,198.685295
2025-01-01T00:40:00,60543.43357647,60619.63849959,60445.53662610,60521.71421146,97.670337
2025-01-01T00:41:00,60521.71421146,60588.13999811,60500.23556544,60566.64540639,146.823401
2025-01-01T00:42:00,60566.64540639,60595.22870166,60554.90368476,60583.48371568,102.175131
2025-01-01T00:43:00,60583.48371568,60611.18528814,60560.98258539,60588.68222708,43.957079
2025-01-01T00:44:00,60588.68222708,60616.71640954,60538.88100277,60566.90510902,112.408635
2025-01-01T00:45:00,60566.90510902,60635.18932690,60517.25928914,60585.52824191,65.029846
2025-01-01T00:46:00,60585.52824191,60616.72000354,60548.99765423,60580.18666581,38.822431
2025-01-01T00:47:00,60580.18666581,60704.85943797,60570.23756940,60694.89150356,123.994980
2025-01-01T00:48:00,60694.89150356,60793.03125639,60663.35775066,60761.46291662,111.060346
2025-01-01T00:49:00,60761.46291662,60836.47615017,60716.29790587,60791.28896921,58.619434
2025-01-01T00:50:00,60791.28896921,60826.09142931,60776.79254329,60811.59016232,42.851367
2025-01-01T00:51:00,60811.59016232,60856.81421091,60763.63815589,60808.86017425,36.954567
2025-01-01T00:52:00,60808.86017425,60849.09526429,60768.87531023,60809.11023584,61.665095
2025-01-01T00:53:00,60809.11023584,60880.36532825,60798.96531412,60870.21021308,59.117451
2025-01-01T00:54:00,60870.21021308,60888.36815640,60414.52738855,60432.55477667,537.110483
2025-01-01T00:55:00,60432.55477667,60482.08737151,60417.76065173,60467.28474455,91.983195
2025-01-01T00:56:00,60467.28474455,60522.85814558,60364.37953547,60419.90939545,62.405920
2025-01-01T00:57:00,60419.90939545,60464.85655294,60358.20213286,60403.13681301,117.868116
2025-01-01T00:58:00,60403.13681301,60477.63276887,60386.83970259,60461.31996031,92.613778
2025-01-01T00:59:00,60461.31996031,60496.22136488,60436.45225562,60471.34953503,109.417023
2025-01-01T01:00:00,60471.34953503,60518.41053937,60401.79574245,60448.83922845,35.872674
2025-01-01T01:01:00,60448.83922845,60462.93601100,60431.45746625,60445.55348256,36.446734
2025-01-01T01:02:00,60445.55348256,60488.22556922,60422.82481484,60465.48940522,75.601496
2025-01-01T01:03:00,60465.48940522,60549.53779730,60437.05368196,60521.07593280,118.359618
2025-01-01T01:04:00,60521.07593280,60570.23611204,60492.13220057,60541.28271607,125.296415
2025-01-01T01:05:00,60541.28271607,60587.39322087,60415.45701982,60461.50676428,153.568843
2025-01-01T01:06:00,60461.50676428,60510.03769565,60424.69165024,60473.21545218,69.491165
2025-01-01T01:07:00,60473.21545218,60541.57410065,60426.12615165,60494.46825099,107.298551
2025-01-01T01:08:00,60494.46825099,60530.70029459,60388.25317979,60424.44328323,170.406455
2025-01-01T01:09:00,60424.44328323,60528.00647206,60375.12714804,60478.64609858,138.651668
2025-01-01T01:10:00,60478.64609858,60519.70903133,60427.44645237,60468.50249796,92.850943
2025-01-01T01:11:00,60468.50249796,60497.41279813,60442.98078928,60471.88965985,45.049325
2025-01-01T01:12:00,60471.88965985,60498.20143102,60441.62078798,60467.93083664,79.244724
2025-01-01T01:13:00,60467.93083664,60491.28059651,60401.63714130,60424.97031191,178.417473
2025-01-01T01:14:00,60424.97031191,60472.41174545,60370.82041339,60418.25657578,53.965509
2025-01-01T01:15:00,60418.25657578,60451.55044260,60395.12137214,60428.41135052,110.691809
2025-01-01T01:16:00,60428.41135052,60496.81604902,60396.51090697,60464.89634487,85.181855
2025-01-01T01:17:00,60464.89634487,60540.53449014,60423.36074371,60498.97547876,127.388882
2025-01-01T01:18:00,60498.97547876,60567.54462513,60451.17750777,60519.73025658,145.394597
2025-01-01T01:19:00,60519.73025658,60555.16389455,60500.81188033,60536.24035727,85.787607
2025-01-01T01:20:00,60536.24035727,60586.07469595,60467.13358860,60516.95204885,45.600355
2025-01-01T01:21:00,60516.95204885,60531.25577386,60487.80720206,60502.10741841,68.300407
2025-01-01T01:22:00,60502.10741841,60547.29942367,60474.90705967,60520.09097994,81.261250
2025-01-01T01:23:00,60520.09097994,60544.70088034,60450.22575910,60474.81724938,32.607811
2025-01-01T01:24:00,60474.81724938,60511.53835406,60458.36738060,60495.08297276,60.128881
2025-01-01T01:25:00,60495.08297276,60516.32053810,60451.82671277,60473.05654546,59.444220
2025-01-01T01:26:00,60473.05654546,60493.74587186,60462.22859611,60482.91615711,84.294092
2025-01-01T01:27:00,60482.91615711,60529.74873513,60465.95262422,60512.77682726,103.958043
2025-01-01T01:28:00,60512.77682726,60601.52682330,60449.60028996,60538.32361464,63.442280
2025-01-01T01:29:00,60538.32361464,60572.86679384,60469.52615080,60504.04977334,286.790263
2025-01-01T01:30:00,60504.04977334,60634.93086525,60458.74347468,60589.56053491,306.681140
2025-01-01T01:31:00,60589.56053491,60608.18610862,60567.31748966,60585.94195099,98.768103
2025-01-01T01:32:00,60585.94195099,60620.46520511,60553.16242977,60587.68474097,24.058349
2025-01-01T01:33:00,60587.68474097,60661.26141303,60503.29341302,60576.85693598,124.182074
2025-01-01T01:34:00,60576.85693598,60598.23022153,60559.05260644,60580.42484332,55.559770
2025-01-01T01:35:00,60580.42484332,60604.38654536,60569.31149299,60593.27083846,23.177687
2025-01-01T01:36:00,60593.27083846,60615.95380920,60556.43689653,60579.11456790,76.330446
2025-01-01T01:37:00,60579.11456790,60614.88946694,60516.10245945,60551.86126409,193.655783
2025-01-01T01:38:00,60551.86126409,60599.11856368,60523.07409374,60570.32261655,181.043916
2025-01-01T01:39:00,60570.32261655,60624.25241272,60547.11488597,60601.03291539,52.956287
2025-01-01T01:40:00,60601.03291539,60643.21806601,60574.54810640,60616.72639841,49.557155
2025-01-01T01:41:00,60616.72639841,60694.51778963,60562.92701664,60640.69713302,41.123773
2025-01-01T01:42:00,60640.69713302,60658.36064707,60620.01944465,60637.68208047,36.244014
2025-01-01T01:43:00,60637.68208047,60648.52783151,60594.99971056,60605.83976623,165.725472
2025-01-01T01:44:00,60605.83976623,60644.06414623,60583.13833873,60621.35690640,108.714197
2025-01-01T01:45:00,60621.35690640,60706.79099929,60589.98381368,60675.38994311,211.694107
2025-01-01T01:46:00,60675.38994311,60702.49733427,60640.93469148,60668.03879844,53.611468
2025-01-01T01:47:00,60668.03879844,60715.58525246,60624.26496829,60671.80870221,54.530420
2025-01-01T01:48:00,60671.80870221,60708.41268424,60621.33415233,60657.92976104,60.891972
2025-01-01T01:49:00,60657.92976104,60698.25645608,60564.74968603,60605.04121963,115.033360
2025-01-01T01:50:00,60605.04121963,60646.81582007,60568.75458379,60610.52590033,48.776916
2025-01-01T01:51:00,60610.52590033,60647.86608583,60568.19380685,60605.53091510,54.442602
2025-01-01T01:52:00,60605.53091510,60659.68020886,60557.09292194,60611.23765469,76.365284
2025-01-01T01:53:00,60611.23765469,60666.84565427,60601.43232153,60657.03291262,101.609530
2025-01-01T01:54:00,60657.03291262,60718.62845134,60605.59104222,60667.17797714,90.663225
2025-01-01T01:55:00,60667.17797714,60699.41990561,60636.65649500,60668.89755836,112.237597
2025-01-01T01:56:00,60668.89755836,60750.47533567,60653.63193802,60735.19303393,107.125335
2025-01-01T01:57:00,60735.19303393,60757.72593154,60711.77326525,60734.30583370,41.503998
2025-01-01T01:58:00,60734.30583370,60804.90691649,60712.08884449,60782.67223454,79.311739
2025-01-01T01:59:00,60782.67223454,60850.21939891,60672.02876273,60739.52798133,54.035025
2025-01-01T02:00:00,60739.52798133,60767.57692582,60670.11986960,60698.14970598,67.301790
2025-01-01T02:01:00,60698.14970598,60717.14155268,60650.46140840,60669.44427346,138.171919
2025-01-01T02:02:00,60669.44427346,60718.40786364,60570.86558734,60619.78910306,124.395962
2025-01-01T02:03:00,60619.78910306,60632.81165390,60599.72949817,60612.75053697,83.145875
2025-01-01T02:04:00,60612.75053697,60656.68347341,60594.01411859,60637.93926878,56.751736
2025-01-01T02:05:00,60637.93926878,60674.94086209,60590.61253947,60627.60782849,60.324270
2025-01-01T02:06:00,60627.60782849,60656.40276129,60610.59870826,60639.39033547,32.258965
2025-01-01T02:07:00,60639.39033547,60674.23893869,60557.35239235,60592.17386092,73.754453
2025-01-01T02:08:00,60592.17386092,60637.30671959,60566.21463816,60611.33928588,126.849694
2025-01-01T02:09:00,60611.33928588,60669.26547347,60588.61890046,60646.53189597,75.815266
2025-01-01T02:10:00,60646.53189597,60688.55834985,60602.35452191,60644.37948423,135.970080
2025-01-01T02:11:00,60644.37948423,60689.61050134,60598.38458532,60643.61503227,35.428717
2025-01-01T02:12:00,60643.61503227,60712.04111070,60607.24523399,60675.65209883,297.964269
2025-01-01T02:13:00,60675.65209883,60705.63908314,60599.08606077,60629.05001351,110.540578
2025-01-01T02:14:00,60629.05001351,60727.51567003,60514.27834522,60612.71747660,77.949044
2025-01-01T02:15:00,60612.71747660,60633.11716240,60589.18923431,60609.58786681,60.659991
2025-01-01T02:16:00,60609.58786681,60641.68689001,60563.53134817,60595.62297553,63.623534
2025-01-01T02:17:00,60595.62297553,60670.59263908,60533.71973615,60608.67606494,75.788132
2025-01-01T02:18:00,60608.67606494,60622.07121131,60552.71532630,60566.10106315,99.374240
2025-01-01T02:19:00,60566.10106315,60590.97421856,60542.97429292,60567.84678174,120.707245
2025-01-01T02:20:00,60567.84678174,60633.58506663,60551.98198557,60617.70721031,139.876425
2025-01-01T02:21:00,60617.70721031,60666.81150775,60606.27094580,60655.36813805,134.379945
2025-01-01T02:22:00,60655.36813805,60726.27945708,60633.68170983,60704.57543552,176.210197
2025-01-01T02:23:00,60704.57543552,60740.28211086,60662.94761984,60698.65081029,69.110291
2025-01-01T02:24:00,60698.65081029,60738.45212290,60675.84575298,60715.64068234,101.720576
2025-01-01T02:25:00,60715.64068234,60800.00979492,60687.00423385,60771.34707259,64.581309
2025-01-01T02:26:00,60771.34707259,60785.75714301,60760.32600632,60774.73546225,129.518979
2025-01-01T02:27:00,60774.73546225,60829.04692706,60688.22609530,60742.50876065,93.278481
2025-01-01T02:28:00,60742.50876065,60783.82046391,60707.47234694,60748.78043269,52.069110
2025-01-01T02:29:00,60748.78043269,60804.40606955,60718.05260438,60773.66565384,69.576225
2025-01-01T02:30:00,60773.66565384,60836.98791438,60640.81969009,60704.06943584,146.788748
2025-01-01T02:31:00,60704.06943584,60736.79072235,60691.92180469,60724.63897498,73.380862
2025-01-01T02:32:00,60724.63897498,60756.13091531,60705.40317810,60736.89123727,47.852685
2025-01-01T02:33:00,60736.89123727,60752.56869795,60713.92978625,60729.60536629,97.539057
2025-01-01T02:34:00,60729.60536629,60798.01803420,60709.83443011,60778.23126752,107.190469
2025-01-01T02:35:00,60778.23126752,60800.51065452,60741.51437251,60763.78846522,64.173112
2025-01-01T02:36:00,60763.78846522,60894.47967516,60714.86438579,60845.48981373,164.830730
2025-01-01T02:37:00,60845.48981373,60891.98176459,60816.82312002,60863.30667665,71.293124
2025-01-01T02:38:00,60863.30667665,60894.51203235,60813.38240778,60844.57816115,67.136931
2025-01-01T02:39:00,60844.57816115,60881.22620125,60820.42026824,60857.06335118,58.312916
2025-01-01T02:40:00,60857.06335118,60866.71110051,60806.81213281,60816.45344419,124.571910
2025-01-01T02:41:00,60816.45344419,60875.22084642,60725.63677592,60784.37317874,66.059017
2025-01-01T02:42:00,60784.37317874,60898.14265828,60746.40134287,60860.12350140,174.479829
2025-01-01T02:43:00,60860.12350140,60966.63428817,60715.98843591,60822.43326131,61.048399
2025-01-01T02:44:00,60822.43326131,60848.92154361,60781.88301376,60808.36516938,72.871653
2025-01-01T02:45:00,60808.36516938,60894.41313346,60764.42009365,60850.43765274,136.576973
2025-01-01T02:46:00,60850.43765274,60888.59710047,60823.47804022,60861.63252810,34.801856
2025-01-01T02:47:00,60861.63252810,60920.19336482,60812.27390074,60870.82728053,32.437834
2025-01-01T02:48:00,60870.82728053,60952.45937689,60850.11996467,60931.73134242,106.452386
2025-01-01T02:49:00,60931.73134242,60982.50017564,60909.76662430,60960.52507794,31.144904
2025-01-01T02:50:00,60960.52507794,61014.11459445,60933.44546148,60987.02320711,72.833950
2025-01-01T02:51:00,60987.02320711,61102.18677449,60944.72793938,61059.84100671,38.472561
2025-01-01T02:52:00,61059.84100671,61113.75378009,61022.21949185,61076.12223368,104.240154
2025-01-01T02:53:00,61076.12223368,61121.30486372,61012.14856283,61057.31728143,151.889556
2025-01-01T02:54:00,61057.31728143,61112.99580360,61033.69412963,61089.36025434,59.755125
2025-01-01T02:55:00,61089.36025434,61122.98775087,61059.23723867,61092.86300800,82.683617
2025-01-01T02:56:00,61092.86300800,61129.06085915,61043.07847192,61079.26826810,130.708007
2025-01-01T02:57:00,61079.26826810,61113.18907095,61011.66906743,61045.57115635,87.653128
2025-01-01T02:58:00,61045.57115635,61065.51461345,61019.39782570,61039.33924685,48.970809
2025-01-01T02:59:00,61039.33924685,61054.72258667,60995.25009898,61010.62620245,98.955422
2025-01-01T03:00:00,61010.62620245,61075.05344926,60939.63393731,61004.05424412,141.586452
2025-01-01T03:01:00,61004.05424412,61050.21753040,60986.77864250,61032.93375045,62.056096
2025-01-01T03:02:00,61032.93375045,61073.92476270,60998.38543271,61039.37280006,25.513162
2025-01-01T03:03:00,61039.37280006,61056.02293105,61019.10338915,61035.75253261,92.009204
2025-01-01T03:04:00,61035.75253261,61097.17306906,60989.31717827,61050.72632282,47.400041
2025-01-01T03:05:00,61050.72632282,61125.81222339,61038.25325810,61113.32636906,214.846506
2025-01-01T03:06:00,61113.32636906,61147.92845078,61029.72889646,61064.30322150,298.285984
2025-01-01T03:07:00,61064.30322150,61085.74376281,61024.24442768,61045.67842956,107.476667
2025-01-01T03:08:00,61045.67842956,61081.05718451,61025.89580262,61061.26950508,138.029168
2025-01-01T03:09:00,61061.26950508,61102.43925594,61050.02157231,61091.18581237,86.643017
2025-01-01T03:10:00,61091.18581237,61149.19840890,61070.62377570,61128.62377138,113.386200
2025-01-01T03:11:00,61128.62377138,61186.30723622,61082.87900017,61140.55353753,194.448887
2025-01-01T03:12:00,61140.55353753,61186.33940960,61083.05483522,61128.83192942,72.160935
2025-01-01T03:13:00,61128.83192942,61166.31540230,61086.49910869,61123.97960618,60.359891
2025-01-01T03:14:00,61123.97960618,61196.67107909,61088.00171467,61160.67159048,128.592233
2025-01-01T03:15:00,61160.67159048,61182.76861336,61119.23670403,61141.32673771,64.403349
2025-01-01T03:16:00,61141.32673771,61216.94467328,61106.31910067,61181.91379734,137.067798
2025-01-01T03:17:00,61181.91379734,61215.05724104,61088.76723378,61121.87815499,181.276541
2025-01-01T03:18:00,61121.87815499,61154.13889513,61089.56676211,61121.82747550,87.793897
2025-01-01T03:19:00,61121.82747550,61152.76179727,61106.49801138,61137.42842041,108.501897
2025-01-01T03:20:00,61137.42842041,61165.26323070,61121.35592771,61149.18764661,88.891473
2025-01-01T03:21:00,61149.18764661,61187.44706099,61056.71429353,61094.93976646,56.237803
2025-01-01T03:22:00,61094.93976646,61141.05899522,61078.74292584,61124.85422400,49.860263
2025-01-01T03:23:00,61124.85422400,61184.93544642,61090.19413179,61150.26094765,68.460538
2025-01-01T03:24:00,61150.26094765,61197.88365977,61126.72127031,61174.33471528,77.408857
2025-01-01T03:25:00,61174.33471528,61229.62390683,61127.85169076,61183.13419607,83.174314
2025-01-01T03:26:00,61183.13419607,61226.96046289,61114.68038394,61158.48899709,42.211161
2025-01-01T03:27:00,61158.48899709,61210.74822639,61137.47250094,61189.72099769,42.044976
2025-01-01T03:28:00,61189.72099769,61271.46952957,61161.80488620,61243.52886974,58.047336
2025-01-01T03:29:00,61243.52886974,61273.50867062,61190.85434218,61220.82302814,69.724733
2025-01-01T03:30:00,61220.82302814,61289.07865631,61198.58382592,61266.82274413,98.919276
2025-01-01T03:31:00,61266.82274413,61293.38551757,61216.69633659,61243.24888938,88.496352
2025-01-01T03:32:00,61243.24888938,61321.09288003,61208.02148630,61285.84097779,106.942902
2025-01-01T03:33:00,61285.84097779,61393.14147931,61200.16619861,61307.43651057,205.087469
2025-01-01T03:34:00,61307.43651057,61329.85453634,61284.51474840,61306.93258990,63.122607
2025-01-01T03:35:00,61306.93258990,61320.09455590,61273.58050496,61286.73813541,103.008285
2025-01-01T03:36:00,61286.73813541,61322.68006400,61210.22690641,61246.14502896,98.653137
2025-01-01T03:37:00,61246.14502896,61281.66212624,61200.54046340,61236.05170749,87.893572
2025-01-01T03:38:00,61236.05170749,61284.64396698,61118.71344966,61167.25111425,240.213558
2025-01-01T03:39:00,61167.25111425,61200.12113841,61126.24515095,61159.11080068,43.034559
2025-01-01T03:40:00,61159.11080068,61174.66182535,61136.19441844,61151.74356984,93.296199
2025-01-01T03:41:00,61151.74356984,61177.57387084,61132.02390811,61157.85223924,74.157289
2025-01-01T03:42:00,61157.85223924,61200.52044789,61123.99107584,61166.65441101,84.835079
2025-01-01T03:43:00,61166.65441101,61212.62893479,61145.02144999,61190.98736787,105.691383
2025-01-01T03:44:00,61190.98736787,61213.98141689,61130.89689847,61153.87700233,226.278081
2025-01-01T03:45:00,61153.87700233,61198.35792230,61142.69432763,61187.16915976,74.298460
2025-01-01T03:46:00,61187.16915976,61203.72756974,61127.66740684,61144.21419239,116.134917
2025-01-01T03:47:00,61144.21419239,61203.97483342,61121.58395887,61181.33086255,85.935847
2025-01-01T03:48:00,61181.33086255,61248.96285377,61060.52837507,61128.10152471,127.288869
2025-01-01T03:49:00,61128.10152471,61169.57300813,61017.29592841,61058.72034116,136.248035
2025-01-01T03:50:00,61058.72034116,61087.30586640,61002.51393478,61031.08652285,74.217704
2025-01-01T03:51:00,61031.08652285,61158.88447150,60956.82470680,61084.55759257,127.533927
2025-01-01T03:52:00,61084.55759257,61173.29612497,60972.39259968,61061.09705056,99.607320
2025-01-01T03:53:00,61061.09705056,61115.98135055,61038.82275811,61093.69516673,110.089644
2025-01-01T03:54:00,61093.69516673,61120.64056144,61049.78478758,61076.72269657,87.677214
2025-01-01T03:55:00,61076.72269657,61141.21633642,61015.07381951,61079.56459084,75.933882
2025-01-01T03:56:00,61079.56459084,61155.09802071,61050.96368908,61126.47515277,70.308518
2025-01-01T03:57:00,61126.47515277,61147.67733794,61099.67780404,61120.87804781,34.600226
2025-01-01T03:58:00,61120.87804781,61148.86979777,61077.95141681,61105.93632386,80.263689
2025-01-01T03:59:00,61105.93632386,61176.70524205,61009.01459763,61079.75319223,115.480254
2025-01-01T04:00:00,61079.75319223,61112.08344255,61070.58893849,61102.91571356,136.552754
2025-01-01T04:01:00,61102.91571356,61122.97294968,61033.21633098,61053.25726654,302.584459
2025-01-01T04:02:00,61053.25726654,61086.88744588,60989.92035915,61023.53416601,41.547798
2025-01-01T04:03:00,61023.53416601,61073.60174328,60925.87605767,60975.90455659,62.250085
2025-01-01T04:04:00,60975.90455659,61054.67232824,60883.97762963,60962.72838049,192.613833
2025-01-01T04:05:00,60962.72838049,60997.75420447,60933.85116525,60968.87407810,34.579772
2025-01-01T04:06:00,60968.87407810,60990.39966212,60918.36073244,60939.87607847,141.802576
2025-01-01T04:07:00,60939.87607847,60956.81581054,60909.21386594,60926.14978245,148.698053
2025-01-01T04:08:00,60926.14978245,60985.16265381,60907.13017956,60966.13056993,103.120224
2025-01-01T04:09:00,60966.13056993,61004.05067371,60949.01020666,60986.92447114,90.219027
2025-01-01T04:10:00,60986.92447114,61093.73089867,60945.65164079,61052.41374852,111.159796
2025-01-01T04:11:00,61052.41374852,61080.45998680,61004.73849640,61032.77571336,61.368708
2025-01-01T04:12:00,61032.77571336,61113.62893632,60998.81956113,61079.64670698,198.264066
2025-01-01T04:13:00,61079.64670698,61159.71521315,61030.91748481,61110.96100849,242.135154
2025-01-01T04:14:00,61110.96100849,61149.29794000,61099.56184277,61137.89375045,215.048827
2025-01-01T04:15:00,61137.89375045,61168.64884222,61059.30279459,61090.03381067,73.928755
2025-01-01T04:16:00,61090.03381067,61127.96069275,61025.64951519,61063.55996136,151.012517
2025-01-01T04:17:00,61063.55996136,61081.25171321,61003.28682139,61020.96623269,131.840777
2025-01-01T04:18:00,61020.96623269,61065.34931356,61011.56690563,61055.94459863,46.984670
2025-01-01T04:19:00,61055.94459863,61068.83847227,61015.31202650,61028.20004101,106.640815
2025-01-01T04:20:00,61028.20004101,61037.61485993,61015.65150983,61025.06584524,39.076512
2025-01-01T04:21:00,61025.06584524,61066.04641785,60948.83691416,60989.79380030,62.818732
2025-01-01T04:22:00,60989.79380030,61009.41856236,60965.18151598,60984.80467268,89.304375
2025-01-01T04:23:00,60984.80467268,61013.48052742,60941.51701051,60970.18599136,178.454076
2025-01-01T04:24:00,60970.18599136,61024.68235159,60957.35996986,61011.84756594,38.215621
2025-01-01T04:25:00,61011.84756594,61035.86098133,61000.13862112,61024.14967558,63.003770
2025-01-01T04:26:00,61024.14967558,61062.75919698,60939.74086451,60978.32139070,32.230575
2025-01-01T04:27:00,60978.32139070,61049.54263464,60957.58195568,61028.78603601,167.054643
2025-01-01T04:28:00,61028.78603601,61054.92705989,60977.08939351,61003.21946622,76.422756
2025-01-01T04:29:00,61003.21946622,61036.37181817,60962.30203226,60995.45016196,60.384011
2025-01-01T04:30:00,60995.45016196,61017.61035356,60945.29375171,60967.44376834,64.304067
2025-01-01T04:31:00,60967.44376834,61018.52886713,60943.92793749,60995.00240660,78.314462
2025-01-01T04:32:00,60995.00240660,61051.18099867,60960.67572995,61016.84203115,100.358956
2025-01-01T04:33:00,61016.84203115,61062.52275949,60936.82711141,60982.48211593,120.850063
2025-01-01T04:34:00,60982.48211593,60995.29837721,60917.70637634,60930.51171536,143.269622
2025-01-01T04:35:00,60930.51171536,60974.58711840,60907.35560298,60951.42305884,79.926396
2025-01-01T04:36:00,60951.42305884,60964.26679776,60929.65277704,60942.49463456,64.136295
2025-01-01T04:37:00,60942.49463456,61018.70570625,60854.67716093,60930.87370018,46.498433
2025-01-01T04:38:00,60930.87370018,60964.97429767,60914.79700403,60948.89284714,100.773048
2025-01-01T04:39:00,60948.89284714,60984.71455206,60877.40175573,60913.20248423,74.926071
2025-01-01T04:40:00,60913.20248423,60951.84224338,60896.66167625,60935.29543613,134.398568
2025-01-01T04:41:00,60935.29543613,60951.29760072,60896.55966339,60912.55585637,34.845480
2025-01-01T04:42:00,60912.55585637,60937.46518325,60884.92649912,60909.83471323,92.806729
2025-01-01T04:43:00,60909.83471323,60919.92350527,60871.73439303,60881.81854461,20.743083
2025-01-01T04:44:00,60881.81854461,60982.83948168,60832.18852682,60933.16760485,84.584021
2025-01-01T04:45:00,60933.16760485,60945.99319870,60889.85048730,60902.66966175,99.777741
2025-01-01T04:46:00,60902.66966175,60921.40584567,60882.21236142,60900.94801569,69.251047
2025-01-01T04:47:00,60900.94801569,60963.79043659,60861.98760403,60924.81475657,111.053320
2025-01-01T04:48:00,60924.81475657,60934.92452178,60850.95458108,60861.05376590,125.034039
2025-01-01T04:49:00,60861.05376590,60968.21932525,60798.68837954,60905.80807836,217.143462
2025-01-01T04:50:00,60905.80807836,60926.33042592,60886.05776550,60906.57986279,109.469567
2025-01-01T04:51:00,60906.57986279,60941.88145245,60842.25860726,60877.54336729,120.276988
2025-01-01T04:52:00,60877.54336729,60894.64144834,60846.16299361,60863.25706221,126.544146
2025-01-01T04:53:00,60863.25706221,60888.23658000,60850.55464657,60875.53160262,102.933970
2025-01-01T04:54:00,60875.53160262,60932.81150930,60832.55098726,60889.82080518,87.385291
2025-01-01T04:55:00,60889.82080518,60917.96845422,60857.25889801,60885.40450552,61.789895
2025-01-01T04:56:00,60885.40450552,60909.09847856,60857.97471000,60881.66722866,67.110209
2025-01-01T04:57:00,60881.66722866,60977.56463926,60830.72277721,60926.58260361,188.525940
2025-01-01T04:58:00,60926.58260361,60962.66324483,60848.62169809,60884.67752317,69.240463
2025-01-01T04:59:00,60884.67752317,60944.13669692,60855.16892506,60914.61358988,150.624946
2025-01-01T05:00:00,60914.61358988,61011.19095370,60892.04695159,60988.59690729,98.862843
2025-01-01T05:01:00,60988.59690729,61039.79467724,60978.68653069,61029.87759271,102.554858
2025-01-01T05:02:00,61029.87759271,61057.48496910,60976.88080204,61004.47668813,95.115136
2025-01-01T05:03:00,61004.47668813,61049.14071314,60954.61606664,60999.27628421,85.836220
2025-01-01T05:04:00,60999.27628421,61028.72914742,60989.46899896,61018.91870412,62.959453
2025-01-01T05:05:00,61018.91870412,61032.73750741,61000.37939365,61014.19712766,76.319276
2025-01-01T05:06:00,61014.19712766,61049.10377539,60974.98896812,61009.89315352,87.814696
2025-01-01T05:07:00,61009.89315352,61044.84068717,60945.66446249,60980.59521378,56.172677
2025-01-01T05:08:00,60980.59521378,61038.97081864,60968.60574388,61026.97223050,53.747657
2025-01-01T05:09:00,61026.97223050,61040.59625652,61009.17773314,61022.80082791,163.101377
2025-01-01T05:10:00,61022.80082791,61033.80200687,60996.54488509,61007.54331344,63.534592
2025-01-01T05:11:00,61007.54331344,61051.19481340,60919.60372050,60963.22350920,106.678272
2025-01-01T05:12:00,60963.22350920,60974.56814707,60912.50561385,60923.84292340,57.900478
2025-01-01T05:13:00,60923.84292340,60981.19803411,60897.02030759,60954.36198184,119.640623
2025-01-01T05:14:00,60954.36198184,61002.47823036,60905.13496351,60953.25033452,73.179204
2025-01-01T05:15:00,60953.25033452,61012.19261196,60934.37501659,60993.30489039,217.002788
2025-01-01T05:16:00,60993.30489039,61036.52426509,60908.32863166,60951.51839678,124.487574
2025-01-01T05:17:00,60951.51839678,61004.42233812,60915.42856035,60968.32255184,74.804663
2025-01-01T05:18:00,60968.32255184,60977.88950117,60916.32858202,60925.88887280,278.479881
2025-01-01T05:19:00,60925.88887280,60966.20297516,60878.11971629,60918.42888244,68.494763
2025-01-01T05:20:00,60918.42888244,60939.10054427,60853.26089777,60873.91745538,215.093729
2025-01-01T05:21:00,60873.91745538,60913.92355914,60834.09215957,60874.09814513,52.413951
2025-01-01T05:22:00,60874.09814513,61003.06718635,60837.62868158,60966.54233981,246.027452
2025-01-01T05:23:00,60966.54233981,60977.80472395,60920.70949949,60931.96549624,66.030701
2025-01-01T05:24:00,60931.96549624,60956.38789655,60842.60233300,60866.99869369,72.982427
2025-01-01T05:25:00,60866.99869369,60891.97573559,60851.62016841,60876.59478579,120.944829
2025-01-01T05:26:00,60876.59478579,60952.46472280,60818.49021506,60894.34321182,87.825058
2025-01-01T05:27:00,60894.34321182,60977.66158427,60857.30563241,60940.59587274,81.334751
2025-01-01T05:28:00,60940.59587274,60991.80677636,60917.31762170,60968.51785961,107.167902
2025-01-01T05:29:00,60968.51785961,61088.11672523,60942.99451390,61062.55401301,400.315307
2025-01-01T05:30:00,61062.55401301,61077.63886403,61003.02664741,61018.10051666,83.866874
2025-01-01T05:31:00,61018.10051666,61101.15939160,60992.26006836,61075.29472222,52.891755
2025-01-01T05:32:00,61075.29472222,61099.56849269,61060.14810990,61084.41961741,50.528614
2025-01-01T05:33:00,61084.41961741,61108.56530051,61072.30724046,61096.45053795,101.444080
2025-01-01T05:34:00,61096.45053795,61163.39508935,61032.74826326,61099.68943762,41.787741
2025-01-01T05:35:00,61099.68943762,61146.01464472,60995.46416497,61041.74543948,106.326710
2025-01-01T05:36:00,61041.74543948,61059.47776952,60958.11861995,60975.83180239,124.881709
2025-01-01T05:37:00,60975.83180239,61021.91928716,60944.26655243,60990.34652338,119.235221
2025-01-01T05:38:00,60990.34652338,61035.62044766,60979.04730231,61024.31493352,113.895052
2025-01-01T05:39:00,61024.31493352,61058.06814077,60957.53133064,60991.26625832,87.968911
2025-01-01T05:40:00,60991.26625832,61007.42692746,60966.57018694,60982.72859388,56.539446
2025-01-01T05:41:00,60982.72859388,61029.64741029,60972.44880954,61019.36145079,75.490278
2025-01-01T05:42:00,61019.36145079,61045.85794883,60958.52072705,60985.00230528,83.931565
2025-01-01T05:43:00,60985.00230528,61020.26184454,60934.87259457,60970.12353141,119.691942
2025-01-01T05:44:00,60970.12353141,61022.19664380,60951.62020161,61003.68312926,188.938946
2025-01-01T05:45:00,61003.68312926,61035.29786517,60879.24305118,60910.80965605,403.574978
2025-01-01T05:46:00,60910.80965605,60989.96344450,60861.29827537,60940.42798854,131.156498
2025-01-01T05:47:00,60940.42798854,60954.81359084,60889.16379684,60903.54069152,60.265188
2025-01-01T05:48:00,60903.54069152,60995.22777480,60849.19572362,60940.84951579,162.455270
2025-01-01T05:49:00,60940.84951579,60954.01684232,60859.81323170,60872.96589079,108.605620
2025-01-01T05:50:00,60872.96589079,60896.55281684,60806.39629356,60829.96655832,58.916997
2025-01-01T05:51:00,60829.96655832,60870.89033038,60779.89035947,60820.80797002,72.493275
2025-01-01T05:52:00,60820.80797002,60854.33375685,60798.62237821,60832.14402998,31.409777
2025-01-01T05:53:00,60832.14402998,60860.24928466,60736.95797085,60765.03221899,175.283936
2025-01-01T05:54:00,60765.03221899,60798.86619685,60745.57978584,60779.40916128,72.148281
2025-01-01T05:55:00,60779.40916128,60861.86415196,60763.52805260,60845.96565267,248.834384
2025-01-01T05:56:00,60845.96565267,60882.69053488,60806.10899900,60842.83198983,47.155662
2025-01-01T05:57:00,60842.83198983,60882.07717176,60819.38817922,60858.62727496,111.034664
2025-01-01T05:58:00,60858.62727496,60958.01144592,60827.59946764,60926.94880595,55.585840
2025-01-01T05:59:00,60926.94880595,60949.30572968,60861.04899904,60883.38993900,94.638561
2025-01-01T06:00:00,60883.38993900,60893.06428723,60843.02022283,60852.68969281,121.678409
2025-01-01T06:01:00,60852.68969281,60884.90842179,60776.62696963,60808.82247292,87.956374
2025-01-01T06:02:00,60808.82247292,60833.92495161,60768.04797894,60793.14398540,95.331306
2025-01-01T06:03:00,60793.14398540,60804.23377588,60689.59188868,60700.66480926,274.266111
2025-01-01T06:04:00,60700.66480926,60734.94039992,60648.86565006,60683.13134017,55.677449
2025-01-01T06:05:00,60683.13134017,60700.83764621,60598.40751943,60616.09426519,286.745172
2025-01-01T06:06:00,60616.09426519,60676.53968707,60589.49932895,60649.92990566,101.511592
2025-01-01T06:07:00,60649.92990566,60677.00295771,60620.83420419,60647.90635296,49.388093
2025-01-01T06:08:00,60647.90635296,60689.18057518,60582.70240781,60623.96033345,31.955553
2025-01-01T06:09:00,60623.96033345,60666.73629536,60571.30396821,60614.07295364,115.613681
2025-01-01T06:10:00,60614.07295364,60627.03399141,60603.73001541,60616.69060651,41.747928
2025-01-01T06:11:00,60616.69060651,60700.48686121,60550.76196832,60634.53881075,116.153477
2025-01-01T06:12:00,60634.53881075,60648.91671227,60586.38129749,60600.75118716,98.339040
2025-01-01T06:13:00,60600.75118716,60727.16576231,60547.97508270,60674.32558324,110.837655
2025-01-01T06:14:00,60674.32558324,60690.65490715,60633.17094308,60649.49358394,98.315834
2025-01-01T06:15:00,60649.49358394,60692.26910388,60620.86906225,60663.63790655,132.295127
2025-01-01T06:16:00,60663.63790655,60706.23004760,60589.44010062,60632.01003564,117.145551
2025-01-01T06:17:00,60632.01003564,60708.63863984,60581.55296338,60658.15980613,125.054785
2025-01-01T06:18:00,60658.15980613,60717.03110700,60632.42304632,60691.28029444,166.233349
2025-01-01T06:19:00,60691.28029444,60727.24248487,60597.64201968,60633.57001429,118.271316
2025-01-01T06:20:00,60633.57001429,60669.34479024,60558.30367004,60594.05513158,98.928649
2025-01-01T06:21:00,60594.05513158,60928.11050987,60583.56339942,60917.56276306,251.961551
2025-01-01T06:22:00,60917.56276306,60953.63292899,60867.01547823,60903.07706697,81.367026
2025-01-01T06:23:00,60903.07706697,60926.18434951,60858.28723003,60881.38628284,109.723111
2025-01-01T06:24:00,60881.38628284,60930.91251271,60864.74291230,60914.26015532,118.686276
2025-01-01T06:25:00,60914.26015532,60936.51678122,60895.42945758,60917.68502473,78.531446
2025-01-01T06:26:00,60917.68502473,60941.44591512,60863.89914364,60887.64831824,132.666211
2025-01-01T06:27:00,60887.64831824,60975.65335265,60852.81696124,60940.79159453,172.349424
2025-01-01T06:28:00,60940.79159453,61012.72211686,60907.71983399,60979.62927962,122.700331
2025-01-01T06:29:00,60979.62927962,60999.27551332,60909.61838427,60929.24838640,85.063373
2025-01-01T06:30:00,60929.24838640,61006.96931637,60875.21284290,60952.91278594,61.261794
2025-01-01T06:31:00,60952.91278594,60983.29193151,60859.95722276,60890.30516447,127.846835
2025-01-01T06:32:00,60890.30516447,60946.70987362,60827.05012210,60883.44847968,63.712702
2025-01-01T06:33:00,60883.44847968,60903.16657106,60862.17752687,60881.89511517,84.569672
2025-01-01T06:34:00,60881.89511517,60921.81494829,60868.14231535,60908.05623885,133.460955
2025-01-01T06:35:00,60908.05623885,60953.66077621,60865.22963586,60910.83222132,38.473984
2025-01-01T06:36:00,60910.83222132,60951.50868039,60825.13537706,60865.78175128,85.941532
2025-01-01T06:37:00,60865.78175128,60900.93095839,60823.90514218,60859.05046205,46.876714
2025-01-01T06:38:00,60859.05046205,60877.18635835,60828.47876269,60846.61095204,64.890224
2025-01-01T06:39:00,60846.61095204,60871.00680380,60830.62870036,60855.02234275,81.053894
2025-01-01T06:40:00,60855.02234275,60879.67874971,60838.88114490,60863.53529388,104.918966
2025-01-01T06:41:00,60863.53529388,60876.26643624,60851.21771876,60863.94877744,146.740618
2025-01-01T06:42:00,60863.94877744,60903.78802740,60723.43009175,60763.20339757,163.305658
2025-01-01T06:43:00,60763.20339757,60800.61228497,60735.57720545,60772.98164713,54.210702
2025-01-01T06:44:00,60772.98164713,60804.37143240,60733.97518333,60765.36103249,102.907113
2025-01-01T06:45:00,60765.36103249,60794.27285667,60705.95033741,60734.84764349,49.783370
2025-01-01T06:46:00,60734.84764349,60780.62207665,60703.82244115,60749.58934381,73.434265
2025-01-01T06:47:00,60749.58934381,60812.01268446,60705.75720017,60768.16713655,56.291949
2025-01-01T06:48:00,60768.16713655,60806.02962454,60714.41566146,60752.26824342,71.857795
2025-01-01T06:49:00,60752.26824342,60799.05384522,60697.96237684,60744.74218279,101.232069
2025-01-01T06:50:00,60744.74218279,60799.93056634,60675.43144329,60730.60698459,120.009653
2025-01-01T06:51:00,60730.60698459,60758.01011343,60721.20817086,60748.60851375,127.160534
2025-01-01T06:52:00,60748.60851375,60821.48411026,60691.31654356,60764.17745701,93.841565
2025-01-01T06:53:00,60764.17745701,60792.58408276,60724.42622871,60752.82754849,69.687654
2025-01-01T06:54:00,60752.82754849,60773.29239482,60686.54171019,60706.99111632,151.286303
2025-01-01T06:55:00,60706.99111632,60757.12238758,60677.57217479,60727.69341360,153.660887
2025-01-01T06:56:00,60727.69341360,60754.16407362,60711.99615258,60738.46402854,88.693033
2025-01-01T06:57:00,60738.46402854,60769.94368496,60671.31218992,60702.77334850,51.801254
2025-01-01T06:58:00,60702.77334850,60728.32798953,60686.15170015,60711.70389581,114.709496
2025-01-01T06:59:00,60711.70389581,60738.26180551,60673.10762215,60699.66026344,70.691598
2025-01-01T07:00:00,60699.66026344,60722.97617117,60666.33729682,60689.64935917,74.074045
2025-01-01T07:01:00,60689.64935917,60713.55513943,60675.12922121,60699.03275647,98.420823
2025-01-01T07:02:00,60699.03275647,60747.14169350,60615.65191440,60663.73287339,85.827107
2025-01-01T07:03:00,60663.73287339,60701.67560995,60616.35296945,60654.28979975,42.791339
2025-01-01T07:04:00,60654.28979975,60737.04641033,60614.81655446,60697.54501496,153.677097
2025-01-01T07:05:00,60697.54501496,60714.32208843,60649.39575222,60666.16415188,81.562874
2025-01-01T07:06:00,60666.16415188,60687.74441495,60626.86542929,60648.43938727,60.528974
2025-01-01T07:07:00,60648.43938727,60701.11684849,60619.79769685,60672.46381234,49.284569
2025-01-01T07:08:00,60672.46381234,60724.60506878,60629.78081090,60681.91541815,78.440769
2025-01-01T07:09:00,60681.91541815,60705.75839071,60660.39866422,60684.24081224,54.163634
2025-01-01T07:10:00,60684.24081224,60717.75758760,60634.85624959,60668.36425610,50.932193
2025-01-01T07:11:00,60668.36425610,60681.76362091,60632.12087903,60645.51519733,107.307556
2025-01-01T07:12:00,60645.51519733,60672.78112582,60605.70172545,60632.96201009,69.361903
2025-01-01T07:13:00,60632.96201009,60665.23210162,60563.35473813,60595.60494747,88.683864
2025-01-01T07:14:00,60595.60494747,60618.61027652,60496.94764445,60519.92424106,98.519611
2025-01-01T07:15:00,60519.92424106,60545.63423591,60486.01626645,60511.72277717,146.705196
2025-01-01T07:16:00,60511.72277717,60563.50682913,60493.51100424,60545.28495523,78.474620
2025-01-01T07:17:00,60545.28495523,60576.78134655,60491.23516115,60522.71981381,115.895360
2025-01-01T07:18:00,60522.71981381,60579.97239884,60483.80515156,60541.04595333,61.452527
2025-01-01T07:19:00,60541.04595333,60589.11977525,60498.20308945,60546.27321222,70.767090
2025-01-01T07:20:00,60546.27321222,60564.63609555,60501.29638846,60519.65119769,205.914180
2025-01-01T07:21:00,60519.65119769,60535.46374124,60479.01696333,60494.82301980,149.891074
2025-01-01T07:22:00,60494.82301980,60558.15329863,60429.52202055,60492.85023413,29.141594
2025-01-01T07:23:00,60492.85023413,60550.98554877,60407.05522545,60465.16393278,78.852908
2025-01-01T07:24:00,60465.16393278,60532.05574812,60408.49871721,60475.38095762,84.982090
2025-01-01T07:25:00,60475.38095762,60493.69001648,60437.48548357,60455.78861080,57.732584
2025-01-01T07:26:00,60455.78861080,60509.46935708,60437.29893677,60490.96892358,129.490699
2025-01-01T07:27:00,60490.96892358,60527.45427697,60451.48117509,60487.96471648,42.072498
2025-01-01T07:28:00,60487.96471648,60510.58301069,60456.99168676,60479.60685571,61.702767
2025-01-01T07:29:00,60479.60685571,60526.20416105,60448.41867889,60495.00804214,105.638500
2025-01-01T07:30:00,60495.00804214,60511.53289154,60466.12964219,60482.65111617,109.835172
2025-01-01T07:31:00,60482.65111617,60532.71814150,60429.49896602,60479.56343540,64.826490
2025-01-01T07:32:00,60479.56343540,60515.05428253,60382.75616313,60418.21100719,170.423149
2025-01-01T07:33:00,60418.21100719,60497.43790712,60370.83797573,60450.03991908,94.214355
2025-01-01T07:34:00,60450.03991908,60491.85132725,60396.44556022,60438.24881285,22.804943
2025-01-01T07:35:00,60438.24881285,60463.04495283,60420.94256626,60445.73656215,82.742529
2025-01-01T07:36:00,60445.73656215,60485.17911993,60365.62958469,60405.04559046,96.625244
2025-01-01T07:37:00,60405.04559046,60440.48722702,60385.61575307,60421.05224095,93.947150
2025-01-01T07:38:00,60421.05224095,60431.25992993,60403.84602013,60414.05252656,97.069374
2025-01-01T07:39:00,60414.05252656,60434.51389737,60392.46679458,60412.92778446,41.697076
2025-01-01T07:40:00,60412.92778446,60446.85984730,60366.04332307,60399.96810686,175.038448
2025-01-01T07:41:00,60399.96810686,60418.00282289,60373.38895492,60391.42111891,82.198489
2025-01-01T07:42:00,60391.42111891,60415.28006127,60350.89815520,60374.75051148,189.402599
2025-01-01T07:43:00,60374.75051148,60390.39155712,60334.36737100,60350.00200515,64.504484
2025-01-01T07:44:00,60350.00200515,60383.57494640,60309.54551325,60343.11462303,98.111249
2025-01-01T07:45:00,60343.11462303,60367.98252670,60299.82873032,60324.68904065,105.358293
2025-01-01T07:46:00,60324.68904065,60340.17123002,60313.40806813,60328.88947200,101.429027
2025-01-01T07:47:00,60328.88947200,60348.62219055,60289.35766319,60309.08390362,141.906500
2025-01-01T07:48:00,60309.08390362,60340.67121136,60281.14702714,60312.73264468,40.244746
2025-01-01T07:49:00,60312.73264468,60405.53353917,60279.68785901,60372.45603161,102.139296
2025-01-01T07:50:00,60372.45603161,60414.64245635,60279.22594833,60321.37668038,116.787055
2025-01-01T07:51:00,60321.37668038,60344.63847667,60198.74389267,60221.96735363,165.625856
2025-01-01T07:52:00,60221.96735363,60302.56503275,60154.37738850,60234.96048481,70.023018
2025-01-01T07:53:00,60234.96048481,60287.99952837,60165.76779925,60218.79260641,65.672203
2025-01-01T07:54:00,60218.79260641,60231.40044632,60184.64811827,60197.25144817,62.072879
2025-01-01T07:55:00,60197.25144817,60245.49168595,60149.98286486,60198.22234027,52.054905
2025-01-01T07:56:00,60198.22234027,60233.30235307,60183.55051899,60218.62555901,92.909291
2025-01-01T07:57:00,60218.62555901,60261.20274273,60148.64782656,60191.20562319,71.204400
2025-01-01T07:58:00,60191.20562319,60226.93807712,60163.75202666,60199.48070627,90.761341
2025-01-01T07:59:00,60199.48070627,60243.77375675,60176.37456269,60220.65948420,87.613665
2025-01-01T08:00:00,60220.65948420,60278.50007027,60205.81251804,60263.64250696,105.678256
2025-01-01T08:01:00,60263.64250696,60294.76492464,60242.21590128,60273.33487287,87.616586
2025-01-01T08:02:00,60273.33487287,60284.27469049,60259.24438784,60270.18363350,18.627571
2025-01-01T08:03:00,60270.18363350,60373.38849112,60200.36865059,60303.53487524,218.038248
2025-01-01T08:04:00,60303.53487524,60328.27685204,60262.57880817,60287.31412975,129.928903
2025-01-01T08:05:00,60287.31412975,60343.86906115,60247.59778091,60304.14162661,93.950632
2025-01-01T08:06:00,60304.14162661,60348.37574280,60263.59304292,60307.82468262,37.559225
2025-01-01T08:07:00,60307.82468262,60386.07977751,60264.67101268,60342.90100847,54.282476
2025-01-01T08:08:00,60342.90100847,60368.12573961,60295.94415211,60321.15979493,109.672525
2025-01-01T08:09:00,60321.15979493,60382.43384156,60196.98153465,60258.19161841,271.352691
2025-01-01T08:10:00,60258.19161841,60280.86324970,60175.97801309,60198.62723378,130.447579
2025-01-01T08:11:00,60198.62723378,60211.10543145,60181.54110307,60194.01834538,97.507237
2025-01-01T08:12:00,60194.01834538,60225.68913687,60157.21757309,60188.88566403,135.479603
2025-01-01T08:13:00,60188.88566403,60298.29461336,60162.70819351,60272.08095937,117.513264
2025-01-01T08:14:00,60272.08095937,60336.46074125,60212.13342804,60276.50880591,124.091317
2025-01-01T08:15:00,60276.50880591,60320.51838248,60228.91119237,60272.91814730,83.217515
2025-01-01T08:16:00,60272.91814730,60287.15053525,60245.71532886,60259.94465334,52.269445
2025-01-01T08:17:00,60259.94465334,60359.58545376,60202.15578153,60301.75648468,151.669113
2025-01-01T08:18:00,60301.75648468,60316.46290549,60260.91136760,60275.61141213,84.865835
2025-01-01T08:19:00,60275.61141213,60321.49950474,60249.38518705,60295.26472840,78.459369
2025-01-01T08:20:00,60295.26472840,60319.20113309,60276.98305162,60300.91774230,42.969155
2025-01-01T08:21:00,60300.91774230,60321.12235661,60259.32406552,60279.52151074,33.447852
2025-01-01T08:22:00,60279.52151074,60323.47039685,60265.22407412,60309.16592900,39.194267
2025-01-01T08:23:00,60309.16592900,60410.95919189,60242.04601671,60343.80073346,107.122351
2025-01-01T08:24:00,60343.80073346,60369.48220573,60327.84733905,60353.52624013,99.499951
2025-01-01T08:25:00,60353.52624013,60395.77125665,60319.02035172,60361.26094608,164.473593
2025-01-01T08:26:00,60361.26094608,60510.05571895,60310.91932637,60459.63205720,277.289109
2025-01-01T08:27:00,60459.63205720,60547.89906088,60422.39049639,60510.62608907,92.595196
2025-01-01T08:28:00,60510.62608907,60520.33915197,60465.22196534,60474.92929826,28.703629
2025-01-01T08:29:00,60474.92929826,60512.56471334,60428.62519828,60466.25521521,93.561353
2025-01-01T08:30:00,60466.25521521,60500.30919889,60405.68242860,60439.72146874,88.517349
2025-01-01T08:31:00,60439.72146874,60467.37943559,60383.35433893,60410.99916209,124.940976
2025-01-01T08:32:00,60410.99916209,60459.88621860,60400.70085206,60449.58133144,73.416251
2025-01-01T08:33:00,60449.58133144,60464.55359959,60374.12217492,60389.07945785,129.425069
2025-01-01T08:34:00,60389.07945785,60404.19414276,60369.96902520,60385.08270978,29.013616
2025-01-01T08:35:00,60385.08270978,60398.56289539,60337.85711069,60351.32976140,75.505475
2025-01-01T08:36:00,60351.32976140,60380.10823934,60319.86707519,60348.64427256,162.397651
2025-01-01T08:37:00,60348.64427256,60426.07185957,60275.31551592,60352.73812854,129.296538
2025-01-01T08:38:00,60352.73812854,60485.56321745,60311.19935264,60443.96165544,109.290271
2025-01-01T08:39:00,60443.96165544,60478.03098241,60404.53321857,60438.59952316,90.997329
2025-01-01T08:40:00,60438.59952316,60453.73700652,60403.68170115,60418.81422908,185.996471
2025-01-01T08:41:00,60418.81422908,60435.62670727,60403.14957273,60419.96175341,73.343805
2025-01-01T08:42:00,60419.96175341,60432.31532696,60375.05100450,60387.39791999,136.650459
2025-01-01T08:43:00,60387.39791999,60462.75531281,60335.37365908,60410.71096751,104.920422
2025-01-01T08:44:00,60410.71096751,60468.77407907,60380.79299754,60438.84217732,123.834876
2025-01-01T08:45:00,60438.84217732,60467.99254601,60391.49960449,60420.64119463,113.796052
2025-01-01T08:46:00,60420.64119463,60453.28810922,60360.37682617,60393.00881024,131.236025
2025-01-01T08:47:00,60393.00881024,60457.73325392,60360.51697033,60425.22408198,189.431943
2025-01-01T08:48:00,60425.22408198,60464.22572334,60344.19439968,60383.16889639,149.579337
2025-01-01T08:49:00,60383.16889639,60459.73458942,60337.34278493,60413.88516672,65.455517
2025-01-01T08:50:00,60413.88516672,60470.51707948,60370.74229031,60427.36457713,42.845693
2025-01-01T08:51:00,60427.36457713,60445.76837972,60399.41282550,60417.81371927,51.218736
2025-01-01T08:52:00,60417.81371927,60495.30279963,60397.40213112,60474.87193491,152.785322
2025-01-01T08:53:00,60474.87193491,60504.99186845,60464.49476989,60494.61131626,48.911389
2025-01-01T08:54:00,60494.61131626,60511.90337049,60472.36425181,60489.65488927,65.962509
2025-01-01T08:55:00,60489.65488927,60527.01671207,60390.37963049,60427.70318842,69.171416
2025-01-01T08:56:00,60427.70318842,60478.17124934,60384.73968645,60435.20241550,49.827751
2025-01-01T08:57:00,60435.20241550,60450.87170393,60419.14757248,60434.81676092,54.549833
2025-01-01T08:58:00,60434.81676092,60490.51383801,60338.22194887,60393.88129960,179.566346
2025-01-01T08:59:00,60393.88129960,60475.12563886,60379.62966632,60460.85820049,107.960550
2025-01-01T09:00:00,60460.85820049,60487.65376310,60403.33823317,60430.12017303,80.179141
2025-01-01T09:01:00,60430.12017303,60488.10526140,60406.11611340,60464.08770919,81.308957
2025-01-01T09:02:00,60464.08770919,60494.10210812,60398.22955385,60428.22615109,118.419086
2025-01-01T09:03:00,60428.22615109,60463.19849174,60408.79844762,60443.76579227,161.846225
2025-01-01T09:04:00,60443.76579227,60524.38525857,60403.75582629,60484.34842944,155.174559
2025-01-01T09:05:00,60484.34842944,60513.92151750,60431.06940346,60460.63089512,78.286801
2025-01-01T09:06:00,60460.63089512,60509.01458704,60443.63881510,60492.01368708,171.469173
2025-01-01T09:07:00,60492.01368708,60561.41240580,60449.51752945,60518.89736215,177.830084
2025-01-01T09:08:00,60518.89736215,60551.00244271,60435.84342087,60467.92145887,64.220440
2025-01-01T09:09:00,60467.92145887,60486.76018310,60360.67178095,60379.48295225,318.471196
2025-01-01T09:10:00,60379.48295225,60410.83571613,60347.63256002,60378.98506537,75.216017
2025-01-01T09:11:00,60378.98506537,60420.91371395,60248.91733680,60290.78473691,271.501426
2025-01-01T09:12:00,60290.78473691,60320.90600661,60276.69294059,60306.81046459,41.326678
2025-01-01T09:13:00,60306.81046459,60354.57944216,60233.36791309,60281.11653853,43.585446
2025-01-01T09:14:00,60281.11653853,60306.95333510,60190.44695431,60216.25595130,180.617123
2025-01-01T09:15:00,60216.25595130,60238.16803912,60194.53352700,60216.44554641,75.618797
2025-01-01T09:16:00,60216.44554641,60239.98861390,60204.74450033,60228.28526716,211.306535
2025-01-01T09:17:00,60228.28526716,60320.65083661,60178.87202265,60271.20238151,61.776943
2025-01-01T09:18:00,60271.20238151,60293.36846247,60212.30162291,60234.45418891,81.546440
2025-01-01T09:19:00,60234.45418891,60267.85446134,60183.91200403,60217.30276593,210.718846
2025-01-01T09:20:00,60217.30276593,60268.33403857,60199.10006029,60250.12141239,82.521453
2025-01-01T09:21:00,60250.12141239,60285.91996291,60219.05920285,60254.85531279,170.458351
2025-01-01T09:22:00,60254.85531279,60287.65125432,60242.53784692,60275.32960304,195.013385
2025-01-01T09:23:00,60275.32960304,60323.03768326,60201.56710910,60249.25455084,50.872505
2025-01-01T09:24:00,60249.25455084,60298.31915363,60226.18866837,60275.24332159,91.537382
2025-01-01T09:25:00,60275.24332159,60352.63732928,60249.95986977,60327.33202798,147.897405
2025-01-01T09:26:00,60327.33202798,60372.83899236,60286.51962506,60332.02341564,61.915191
2025-01-01T09:27:00,60332.02341564,60362.90083555,60273.05504060,60303.91807643,61.999330
2025-01-01T09:28:00,60303.91807643,60335.37435341,60190.01010853,60221.42335386,148.420758
2025-01-01T09:29:00,60221.42335386,60258.33094443,60194.92076434,60231.82377783,99.918761
2025-01-01T09:30:00,60231.82377783,60260.70519235,60204.16724403,60233.04809638,86.190849
2025-01-01T09:31:00,60233.04809638,60348.32261528,60171.94881909,60287.16843933,111.988926
2025-01-01T09:32:00,60287.16843933,60363.07952373,60235.91125820,60311.80139924,383.858777
2025-01-01T09:33:00,60311.80139924,60361.42841791,60247.07608386,60296.69066881,76.877783
2025-01-01T09:34:00,60296.69066881,60336.19685133,60241.24030304,60280.73603213,86.292113
2025-01-01T09:35:00,60280.73603213,60373.48432189,60271.44609865,60364.18152852,157.889501
2025-01-01T09:36:00,60364.18152852,60412.72763834,60302.34927446,60350.88469068,65.867128
2025-01-01T09:37:00,60350.88469068,60378.98048959,60307.62575999,60335.71449656,48.659675
2025-01-01T09:38:00,60335.71449656,60353.82484824,60315.27903279,60333.38868635,102.720722
2025-01-01T09:39:00,60333.38868635,60355.64364275,60300.40716495,60322.65816321,75.956495
2025-01-01T09:40:00,60322.65816321,60371.79874530,60298.68677204,60347.81735621,128.933117
2025-01-01T09:41:00,60347.81735621,60396.23681984,60284.86376041,60333.27155336,58.010742
2025-01-01T09:42:00,60333.27155336,60359.73843069,60286.13360338,60312.59140879,111.922411
2025-01-01T09:43:00,60312.59140879,60350.45066413,60261.56050838,60299.41149045,116.205320
2025-01-01T09:44:00,60299.41149045,60407.62896155,60256.81683446,60364.98798324,145.326504
2025-01-01T09:45:00,60364.98798324,60435.29498978,60302.88878333,60373.18735494,118.919578
2025-01-01T09:46:00,60373.18735494,60397.43104228,60314.10892652,60338.33861987,114.799351
2025-01-01T09:47:00,60338.33861987,60350.42218240,60301.75012174,60313.82877585,118.882444
2025-01-01T09:48:00,60313.82877585,60350.75560532,60216.59376732,60253.48365081,214.105169
2025-01-01T09:49:00,60253.48365081,60333.87964159,60239.94112662,60320.32209485,107.990419
2025-01-01T09:50:00,60320.32209485,60334.76848815,60281.15329381,60295.59376481,94.980078
2025-01-01T09:51:00,60295.59376481,60359.31684827,60241.52409577,60305.23853035,68.766818
2025-01-01T09:52:00,60305.23853035,60327.32247095,59906.44544596,59928.39138412,612.191950
2025-01-01T09:53:00,59928.39138412,59937.64992384,59919.11392841,59928.37246521,56.746023
2025-01-01T09:54:00,59928.37246521,59937.83427357,59887.75457837,59897.21146687,87.967656
2025-01-01T09:55:00,59897.21146687,59910.43850670,59846.28249822,59859.50121053,97.287453
2025-01-01T09:56:00,59859.50121053,59951.46976199,59801.14493962,59893.08075481,45.859171
2025-01-01T09:57:00,59893.08075481,59965.25450568,59855.07224385,59927.22432700,74.274497
2025-01-01T09:58:00,59927.22432700,59975.85860293,59881.72583562,59930.35773258,40.740084
2025-01-01T09:59:00,59930.35773258,59968.41303097,59907.26127543,59945.31081108,38.803612
2025-01-01T10:00:00,59945.31081108,59987.33149633,59934.70822521,59976.72335449,98.651400
2025-01-01T10:01:00,59976.72335449,60011.90636632,59928.08019514,59963.25530646,80.529439
2025-01-01T10:02:00,59963.25530646,60017.52006095,59894.21213290,59948.46350129,116.641128
2025-01-01T10:03:00,59948.46350129,60059.80750310,59877.63198164,59988.92817281,94.508100
2025-01-01T10:04:00,59988.92817281,60015.19492618,59890.56123989,59916.79640964,128.345494
2025-01-01T10:05:00,59916.79640964,59937.88510884,59906.89800130,59927.98485215,85.830274
2025-01-01T10:06:00,59927.98485215,60002.79017784,59904.67452167,59979.45982502,138.100445
2025-01-01T10:07:00,59979.45982502,60013.97964253,59967.52371549,60002.03903967,132.720808
2025-01-01T10:08:00,60002.03903967,60035.96402597,59949.68567105,59983.60023210,98.406727
2025-01-01T10:09:00,59983.60023210,60094.92528405,59934.14997112,60045.42405574,162.047022
2025-01-01T10:10:00,60045.42405574,60065.27700416,60013.64106013,60033.49006278,63.013634
2025-01-01T10:11:00,60033.49006278,60070.50276091,59979.60236429,60016.60465198,116.830592
2025-01-01T10:12:00,60016.60465198,60089.85164037,59976.15314509,60049.37804404,128.891386
2025-01-01T10:13:00,60049.37804404,60103.63043927,60024.31414288,60078.55436027,81.898260
2025-01-01T10:14:00,60078.55436027,60128.57945401,60033.80765545,60083.82882076,128.117437
2025-01-01T10:15:00,60083.82882076,60096.96242644,59998.85058496,60011.96848283,140.658378
2025-01-01T10:16:00,60011.96848283,60039.52021881,59977.56376686,60005.11235517,132.484957
2025-01-01T10:17:00,60005.11235517,60048.02940706,59941.88330635,59984.78582023,118.816100
2025-01-01T10:18:00,59984.78582023,60026.16245567,59916.05431987,59957.41207330,99.431232
2025-01-01T10:19:00,59957.41207330,60011.83592003,59935.86978850,59990.28182536,95.556400
2025-01-01T10:20:00,59990.28182536,60022.48951366,59955.33682952,59987.54304741,48.839489
2025-01-01T10:21:00,59987.54304741,60004.57425619,59936.95161969,59953.97329760,53.789434
2025-01-01T10:22:00,59953.97329760,59967.98245051,59924.28149877,59938.28698634,74.646233
2025-01-01T10:23:00,59938.28698634,59962.25058238,59852.65126378,59876.59019317,242.034042
2025-01-01T10:24:00,59876.59019317,59909.58195252,59820.11389073,59853.09270306,130.449008
2025-01-01T10:25:00,59853.09270306,59899.38132923,59808.67941373,59854.96664936,56.371805
2025-01-01T10:26:00,59854.96664936,60292.32057424,59823.78996705,60260.93243636,709.026503
2025-01-01T10:27:00,60260.93243636,60275.65354376,60192.14693751,60206.85483432,84.746610
2025-01-01T10:28:00,60206.85483432,60257.33221643,60142.43274842,60192.89842950,87.835646
2025-01-01T10:29:00,60192.89842950,60240.11244100,60172.63597596,60219.84091794,195.023110
2025-01-01T10:30:00,60219.84091794,60269.76243051,60193.63150291,60243.54269978,165.218274
2025-01-01T10:31:00,60243.54269978,60283.32386012,60205.77951865,60245.55941482,68.340501
2025-01-01T10:32:00,60245.55941482,60344.25477545,60217.88374114,60316.54649164,126.085609
2025-01-01T10:33:00,60316.54649164,60348.69259197,60299.61990096,60331.76173144,98.292864
2025-01-01T10:34:00,60331.76173144,60364.18370202,60262.18899589,60294.59099111,100.079851
2025-01-01T10:35:00,60294.59099111,60381.44595919,60277.96406261,60364.79966984,250.100078
2025-01-01T10:36:00,60364.79966984,60414.13505828,60335.37469569,60384.70038347,110.784937
2025-01-01T10:37:00,60384.70038347,60444.08123452,60302.53929290,60361.89772036,46.975452
2025-01-01T10:38:00,60361.89772036,60394.60685237,60318.47047490,60351.17379579,155.415591
2025-01-01T10:39:00,60351.17379579,60382.23431752,60307.06515682,60338.11895971,62.809221
2025-01-01T10:40:00,60338.11895971,60364.07948978,60264.72522075,60290.66533386,363.087927
2025-01-01T10:41:00,60290.66533386,60349.83381178,60214.11252946,60273.26392987,83.577556
2025-01-01T10:42:00,60273.26392987,60340.76493382,60232.95888420,60300.44171422,114.222046
2025-01-01T10:43:00,60300.44171422,60329.10739038,60263.02166021,60291.68317273,91.714714
2025-01-01T10:44:00,60291.68317273,60307.52387855,60273.02057930,60288.86054352,105.987216
2025-01-01T10:45:00,60288.86054352,60345.73438887,60233.49569004,60290.36815092,41.727987
2025-01-01T10:46:00,60290.36815092,60337.51425411,60269.61756797,60316.75458955,153.631515
2025-01-01T10:47:00,60316.75458955,60327.18134956,60298.23934310,60308.66470464,112.930330
2025-01-01T10:48:00,60308.66470464,60393.90526065,60263.22957803,60348.44016814,159.479247
2025-01-01T10:49:00,60348.44016814,60390.87364623,60304.33004584,60346.76234417,56.195335
2025-01-01T10:50:00,60346.76234417,60371.39222592,60310.35237594,60334.97744781,78.440534
2025-01-01T10:51:00,60334.97744781,60358.73017074,60270.11466881,60293.85120113,112.434664
2025-01-01T10:52:00,60293.85120113,60339.38742247,60220.04068173,60265.55553311,61.816287
2025-01-01T10:53:00,60265.55553311,60364.03273971,60237.18144356,60335.62565990,164.454994
2025-01-01T10:54:00,60335.62565990,60355.69818640,60284.50981835,60304.57201389,78.621147
2025-01-01T10:55:00,60304.57201389,60324.75736444,60286.40338923,60306.58813235,59.513919
2025-01-01T10:56:00,60306.58813235,60342.52050688,60287.29554961,60323.22260262,66.442097
2025-01-01T10:57:00,60323.22260262,60383.68204844,60270.67764253,60331.13020037,93.222781
2025-01-01T10:58:00,60331.13020037,60395.63610079,60301.40541460,60365.89418701,170.440708
2025-01-01T10:59:00,60365.89418701,60380.36644791,60322.20592035,60336.67117525,137.723414
2025-01-01T11:00:00,60336.67117525,60381.71353265,60300.36031574,60345.39742165,108.880055
2025-01-01T11:01:00,60345.39742165,60360.08273291,60247.31765628,60261.98266821,301.103780
2025-01-01T11:02:00,60261.98266821,60280.64450974,60252.49409429,60271.15449166,70.077007
2025-01-01T11:03:00,60271.15449166,60289.90250771,60199.24374016,60217.97521421,207.549048
2025-01-01T11:04:00,60217.97521421,60291.28347378,60192.71010649,60265.99821748,104.189557
2025-01-01T11:05:00,60265.99821748,60286.09620645,60252.32896595,60272.42549711,80.428354
2025-01-01T11:06:00,60272.42549711,60302.35893964,60243.06916197,60273.00232355,80.232574
2025-01-01T11:07:00,60273.00232355,60332.56670766,60259.75925834,60319.31346706,143.316858
2025-01-01T11:08:00,60319.31346706,60363.56546883,60273.69534867,60317.94634748,57.402769
2025-01-01T11:09:00,60317.94634748,60355.73600735,60280.55207360,60318.34148850,84.868924
2025-01-01T11:10:00,60318.34148850,60330.38923719,60285.71608201,60297.75971978,140.742695
2025-01-01T11:11:00,60297.75971978,60325.38439128,60285.04675574,60312.66828397,105.940528
2025-01-01T11:12:00,60312.66828397,60369.26529905,60293.09952531,60349.68453028,116.810340
2025-01-01T11:13:00,60349.68453028,60389.87494910,60333.22927424,60373.41322307,140.926292
2025-01-01T11:14:00,60373.41322307,60402.43858287,60300.58351167,60329.58780178,75.347799
2025-01-01T11:15:00,60329.58780178,60361.73263090,60305.50417450,60337.64578686,77.910801
2025-01-01T11:16:00,60337.64578686,60362.39818388,60323.63723991,60348.38714312,75.065161
2025-01-01T11:17:00,60348.38714312,60415.97035893,60311.37660933,60378.94108699,235.976200
2025-01-01T11:18:00,60378.94108699,60414.47856609,60325.38073460,60360.90759965,57.599849
2025-01-01T11:19:00,60360.90759965,60380.08565475,60309.76245364,60328.93034883,89.819632
2025-01-01T11:20:00,60328.93034883,60356.75995602,60298.64975134,60326.47822738,50.581774
2025-01-01T11:21:00,60326.47822738,60400.60665817,60285.19798510,60359.30395389,91.521260
2025-01-01T11:22:00,60359.30395389,60399.97554587,60301.26728230,60341.92716537,138.047103
2025-01-01T11:23:00,60341.92716537,60370.78027986,60321.56533437,60350.41558452,34.903532
2025-01-01T11:24:00,60350.41558452,60406.29927362,60334.53367629,60390.40684123,214.232708
2025-01-01T11:25:00,60390.40684123,60410.06444896,60328.33086029,60347.97465597,94.666847
2025-01-01T11:26:00,60347.97465597,60371.12257126,60306.12380482,60329.26454341,107.290838
2025-01-01T11:27:00,60329.26454341,60345.29267351,60271.56043453,60287.57748932,104.077808
2025-01-01T11:28:00,60287.57748932,60367.60064644,60239.28085496,60319.27861617,55.707060
2025-01-01T11:29:00,60319.27861617,60333.85501678,60282.02906973,60296.59998996,123.424380
2025-01-01T11:30:00,60296.59998996,60320.10027432,60255.37471152,60278.86808496,48.237242
2025-01-01T11:31:00,60278.86808496,60311.45530023,60265.02885118,60297.61176315,68.043373
2025-01-01T11:32:00,60297.61176315,60308.95662584,60273.44115563,60284.78360474,49.341361
2025-01-01T11:33:00,60284.78360474,60300.50799201,60204.27660151,60219.98408680,83.077571
2025-01-01T11:34:00,60219.98408680,60282.48410034,60176.69749405,60239.18370676,171.848571
2025-01-01T11:35:00,60239.18370676,60250.91121297,60192.44252872,60204.16321706,99.637395
2025-01-01T11:36:00,60204.16321706,60258.58635057,60172.52809112,60226.93925664,102.089483
2025-01-01T11:37:00,60226.93925664,60257.99170380,60205.68461168,60236.73360233,86.727538
2025-01-01T11:38:00,60236.73360233,60278.08378100,60204.51012505,60245.85542403,50.984229
2025-01-01T11:39:00,60245.85542403,60310.95197907,60197.59408641,60262.67716601,79.907270
2025-01-01T11:40:00,60262.67716601,60344.53437631,60211.04560254,60292.87693843,40.859630
2025-01-01T11:41:00,60292.87693843,60355.39240156,60252.12551269,60314.62627563,91.158297
2025-01-01T11:42:00,60314.62627563,60340.37213949,60284.78233508,60310.52644889,83.823914
2025-01-01T11:43:00,60310.52644889,60374.06064815,60296.54060196,60360.06331376,92.024181
2025-01-01T11:44:00,60360.06331376,60395.28537155,60222.98622541,60258.14881279,229.120832
2025-01-01T11:45:00,60258.14881279,60288.35361686,60233.92930682,60264.13170619,37.238185
2025-01-01T11:46:00,60264.13170619,60297.51598360,60207.71517009,60241.08668135,62.025326
2025-01-01T11:47:00,60241.08668135,60275.64815386,60220.81318053,60255.36984619,79.795414
2025-01-01T11:48:00,60255.36984619,60279.82967353,60236.69858581,60261.15662001,78.743894
2025-01-01T11:49:00,60261.15662001,60306.12919880,60221.45602181,60266.42512966,70.234357
2025-01-01T11:50:00,60266.42512966,60305.55798414,60174.86972466,60213.96851744,207.181133
2025-01-01T11:51:00,60213.96851744,60226.51920825,60166.87312344,60179.41661243,100.258597
2025-01-01T11:52:00,60179.41661243,60248.55750032,60126.14203488,60195.26888934,105.322682
2025-01-01T11:53:00,60195.26888934,60245.79910655,60145.43413505,60195.96377698,39.198188
2025-01-01T11:54:00,60195.96377698,60261.28991494,60134.81889258,60200.14078768,115.108744
2025-01-01T11:55:00,60200.14078768,60264.23882624,60152.50074026,60216.58576491,86.996969
2025-01-01T11:56:00,60216.58576491,60272.61675007,60205.80771704,60261.83060391,85.429483
2025-01-01T11:57:00,60261.83060391,60326.80125222,60220.97603893,60285.93034880,141.589387
2025-01-01T11:58:00,60285.93034880,60310.89246554,60240.27906468,60265.23261127,118.886764
2025-01-01T11:59:00,60265.23261127,60309.03034527,60226.44114803,60270.23566168,75.271841
2025-01-01T12:00:00,60270.23566168,60366.81270596,60100.10471577,60196.56370809,294.912562
2025-01-01T12:01:00,60196.56370809,60278.92656970,60112.94356908,60195.30470808,48.629209
2025-01-01T12:02:00,60195.30470808,60240.18113611,60088.37313721,60133.20326775,204.552472
2025-01-01T12:03:00,60133.20326775,60289.62968946,59725.90601169,59881.67813303,274.846360
2025-01-01T12:04:00,59881.67813303,59973.99886973,59845.13392375,59937.42064227,157.889066
2025-01-01T12:05:00,59937.42064227,60052.14435166,59899.77412843,60014.44945625,82.351464
2025-01-01T12:06:00,60014.44945625,60195.99011931,59996.63421534,60178.12629106,215.708246
2025-01-01T12:07:00,60178.12629106,60287.25509612,60090.35856349,60199.45625953,112.437078
2025-01-01T12:08:00,60199.45625953,60284.38181419,60036.46956644,60121.28484185,87.549554
2025-01-01T12:09:00,60121.28484185,60189.49981764,59952.18105374,60020.28142876,179.852251
2025-01-01T12:10:00,60020.28142876,60061.55083772,59875.62225257,59916.82052273,217.456814
2025-01-01T12:11:00,59916.82052273,60032.82753607,59890.83059107,60006.79857492,148.351230
2025-01-01T12:12:00,60006.79857492,60017.01941610,59920.07570505,59930.28351357,136.630448
2025-01-01T12:13:00,59930.28351357,59967.39392896,59748.64035607,59785.66121751,182.190998
2025-01-01T12:14:00,59785.66121751,59799.76246740,59709.44155927,59723.52815424,238.298460
2025-01-01T12:15:00,59723.52815424,59945.88436287,59633.98260002,59856.13997916,136.670184
2025-01-01T12:16:00,59856.13997916,59925.26976419,59801.24585078,59870.36259224,117.728278
2025-01-01T12:17:00,59870.36259224,59945.57534159,59732.61420217,59807.74829167,94.808301
2025-01-01T12:18:00,59807.74829167,59882.76844915,59620.92856673,59695.80831172,175.396105
2025-01-01T12:19:00,59695.80831172,59747.98817365,59620.72417948,59672.88400337,33.222612
2025-01-01T12:20:00,59672.88400337,59749.43095455,59645.51355527,59722.03796076,84.435447
2025-01-01T12:21:00,59722.03796076,59779.03562062,59659.21547838,59716.20757383,107.597618
2025-01-01T12:22:00,59716.20757383,59766.05321161,59674.00763572,59723.84787430,147.080598
2025-01-01T12:23:00,59723.84787430,59903.35496204,59709.39952936,59888.86669588,327.900078
2025-01-01T12:24:00,59888.86669588,60029.26866358,59677.07638506,59817.31059842,141.236773
2025-01-01T12:25:00,59817.31059842,59988.61655152,59704.42580958,59875.62172031,86.553463
2025-01-01T12:26:00,59875.62172031,60014.72512784,59807.55041493,59946.57315930,55.813442
2025-01-01T12:27:00,59946.57315930,60043.86008686,59864.34214951,59961.60845258,81.726476
2025-01-01T12:28:00,59961.60845258,60101.61036037,59947.29728954,60087.26920561,110.065309
2025-01-01T12:29:00,60087.26920561,60164.37625818,60045.19669809,60122.27923699,84.276545
2025-01-01T12:30:00,60122.27923699,60163.57480569,60003.18656379,60044.42866007,114.148185
2025-01-01T12:31:00,60044.42866007,60080.10541410,59904.67960019,59940.29448055,345.002037
2025-01-01T12:32:00,59940.29448055,60068.46855951,59784.55694176,59912.67195374,128.515327
2025-01-01T12:33:00,59912.67195374,60068.76522181,59799.16077364,59955.17351779,54.331684
2025-01-01T12:34:00,59955.17351779,60188.61383170,59839.94041524,60073.15397217,178.269314
2025-01-01T12:35:00,60073.15397217,60086.45997791,59996.18371717,60009.47561836,88.506715
2025-01-01T12:36:00,60009.47561836,60146.87741891,59867.75688430,60005.14877781,91.028103
2025-01-01T12:37:00,60005.14877781,60080.16806489,59861.71698922,59936.65063895,104.013421
2025-01-01T12:38:00,59936.65063895,60027.16853198,59771.17956509,59861.58409066,158.203548
2025-01-01T12:39:00,59861.58409066,59915.23943431,59581.84500678,59635.29752447,203.957999
2025-01-01T12:40:00,59635.29752447,59730.15097648,59554.53536383,59649.36975828,93.366998
2025-01-01T12:41:00,59649.36975828,59856.81492315,59604.19104723,59811.51340375,374.832459
2025-01-01T12:42:00,59811.51340375,59864.73988005,59693.45365588,59746.62238543,75.949280
2025-01-01T12:43:00,59746.62238543,59845.30265604,59600.77285875,59699.37509355,124.576834
2025-01-01T12:44:00,59699.37509355,59895.03220583,59614.85002541,59810.35001439,247.160944
2025-01-01T12:45:00,59810.35001439,59831.77842294,59740.73807799,59762.14921752,75.152889
2025-01-01T12:46:00,59762.14921752,59881.58218765,59641.29009256,59760.72020686,46.917070
2025-01-01T12:47:00,59760.72020686,60021.26664766,59662.89219446,59923.17270131,94.978082
2025-01-01T12:48:00,59923.17270131,60178.86296124,59835.63619072,60091.08116789,97.406582
2025-01-01T12:49:00,60091.08116789,60112.32701090,60028.88591617,60050.11727595,27.966246
2025-01-01T12:50:00,60050.11727595,60178.12259630,59984.26104998,60112.19828684,256.230756
2025-01-01T12:51:00,60112.19828684,60380.17864954,59980.10471203,60247.78712498,212.622599
2025-01-01T12:52:00,60247.78712498,60395.04169953,60099.35391292,60246.60559964,85.373343
2025-01-01T12:53:00,60246.60559964,60378.94359828,60195.67919966,60327.94843927,87.731340
2025-01-01T12:54:00,60327.94843927,60357.60110821,60032.77546257,60062.29755757,294.966573
2025-01-01T12:55:00,60062.29755757,60328.34218650,59976.63023792,60242.41795972,116.412148
2025-01-01T12:56:00,60242.41795972,60459.96975741,60186.22110011,60403.62251887,353.424603
2025-01-01T12:57:00,60403.62251887,60519.95374478,60287.37891083,60403.70996844,92.430565
2025-01-01T12:58:00,60403.70996844,60562.32737492,60349.39475151,60507.91845337,288.692113
2025-01-01T12:59:00,60507.91845337,60567.66172156,60424.91644775,60484.63672843,90.209251
2025-01-01T13:00:00,60484.63672843,60529.43040223,60451.96238426,60496.74951463,44.536663
2025-01-01T13:01:00,60496.74951463,60536.59115873,60331.35760252,60371.11650786,150.833292
2025-01-01T13:02:00,60371.11650786,60400.44216767,60359.35530604,60388.67754469,67.825825
2025-01-01T13:03:00,60388.67754469,60401.01188447,60366.29645291,60378.62874022,56.692289
2025-01-01T13:04:00,60378.62874022,60388.34234153,60287.53470784,60297.23521471,173.903086
2025-01-01T13:05:00,60297.23521471,60373.33393686,60212.42536778,60288.51308208,54.463404
2025-01-01T13:06:00,60288.51308208,60540.61285093,60264.97861753,60516.98919754,111.650914
2025-01-01T13:07:00,60516.98919754,60686.38143429,60452.03394519,60621.31420583,316.223763
2025-01-01T13:08:00,60621.31420583,60641.02971553,60560.39098428,60580.09308788,80.773170
2025-01-01T13:09:00,60580.09308788,60740.75983313,60538.67391810,60699.25918839,119.641817
2025-01-01T13:10:00,60699.25918839,60870.50217672,60678.72375460,60849.91577364,178.879760
2025-01-01T13:11:00,60849.91577364,60986.91335123,60823.29631907,60960.24563167,194.005945
2025-01-01T13:12:00,60960.24563167,61029.00385696,60899.90641608,60968.65631637,91.988950
2025-01-01T13:13:00,60968.65631637,61141.38896704,60937.66010150,61110.32073056,166.973491
2025-01-01T13:14:00,61110.32073056,61126.87468274,61054.06838967,61070.61158519,73.580545
2025-01-01T13:15:00,61070.61158519,61129.61125122,60963.13181646,61022.08460109,77.465525
2025-01-01T13:16:00,61022.08460109,61050.63833387,60993.42483073,61021.97851387,73.776445
2025-01-01T13:17:00,61021.97851387,61036.63093276,60897.17745765,60911.80342161,126.252735
2025-01-01T13:18:00,60911.80342161,61066.84960855,60834.54552352,60989.49317214,76.992199
2025-01-01T13:19:00,60989.49317214,61038.16060368,60791.07405392,60839.62189354,168.980052
2025-01-01T13:20:00,60839.62189354,60852.89598731,60688.08292559,60701.32684591,217.519237
2025-01-01T13:21:00,60701.32684591,60751.41328897,60596.89427262,60646.93583606,53.778647
2025-01-01T13:22:00,60646.93583606,60699.99524483,60598.72925512,60651.78480957,64.026437
2025-01-01T13:23:00,60651.78480957,60820.17704286,60586.03766318,60754.31874865,187.531247
2025-01-01T13:24:00,60754.31874865,60769.46158250,60620.59818456,60635.71145589,109.355915
2025-01-01T13:25:00,60635.71145589,60655.60549875,60613.05352648,60632.94666223,111.917460
2025-01-01T13:26:00,60632.94666223,60691.27615059,60523.06625557,60581.34610369,135.791983
2025-01-01T13:27:00,60581.34610369,60718.49325220,60428.39505505,60565.50634470,51.086810
2025-01-01T13:28:00,60565.50634470,60653.29004742,60527.21624517,60614.96867732,55.267831
2025-01-01T13:29:00,60614.96867732,60694.26273921,60349.80544019,60428.85603702,275.361622
2025-01-01T13:30:00,60428.85603702,60537.53181971,60331.52723097,60440.18476721,100.751473
2025-01-01T13:31:00,60440.18476721,60641.65564303,60358.07816708,60559.38710925,173.626701
2025-01-01T13:32:00,60559.38710925,60587.87888840,60418.88520615,60447.32426234,330.154032
2025-01-01T13:33:00,60447.32426234,60622.56792087,60435.67085362,60610.88298028,380.998120
2025-01-01T13:34:00,60610.88298028,60665.08380083,60528.67127841,60582.84702802,73.733677
2025-01-01T13:35:00,60582.84702802,60656.00292146,60506.96530111,60580.11789903,41.818664
2025-01-01T13:36:00,60580.11789903,60638.42223323,60567.29315914,60625.58786740,77.385845
2025-01-01T13:37:00,60625.58786740,60823.40095640,60455.27768348,60653.01372740,176.063850
2025-01-01T13:38:00,60653.01372740,60700.10886592,60506.23327461,60553.25095052,149.006617
2025-01-01T13:39:00,60553.25095052,60704.08792737,60385.72162695,60536.51691966,62.229066
2025-01-01T13:40:00,60536.51691966,60583.29838312,60390.53587763,60437.24062227,95.128664
2025-01-01T13:41:00,60437.24062227,60454.88818368,60322.34559719,60339.96475423,363.438600
2025-01-01T13:42:00,60339.96475423,60503.87646076,60276.26509441,60440.07112071,227.942798
2025-01-01T13:43:00,60440.07112071,60635.31339413,60280.88048925,60476.02805716,165.254558
2025-01-01T13:44:00,60476.02805716,60538.55340818,60452.38750140,60514.89765799,112.466793
2025-01-01T13:45:00,60514.89765799,60533.04694694,60423.37609250,60441.50336944,84.448645
2025-01-01T13:46:00,60441.50336944,60606.21795572,60349.30078446,60513.90492329,139.161132
2025-01-01T13:47:00,60513.90492329,60572.36998832,60320.27679007,60378.61114201,146.197277
2025-01-01T13:48:00,60378.61114201,60472.87005261,60281.22123900,60375.47525408,60.472452
2025-01-01T13:49:00,60375.47525408,60493.02138391,60211.95836017,60329.41481407,73.050948
2025-01-01T13:50:00,60329.41481407,60376.04351211,60185.24422078,60231.79747023,156.907873
2025-01-01T13:51:00,60231.79747023,60311.99419205,60142.49568021,60222.68026276,79.873196
2025-01-01T13:52:00,60222.68026276,60264.94245943,60111.67906582,60153.89298996,90.110559
2025-01-01T13:53:00,60153.89298996,60209.96318665,60104.15431004,60160.21927579,85.689591
2025-01-01T13:54:00,60160.21927579,60246.40859813,60128.67141714,60214.83210066,43.277703
2025-01-01T13:55:00,60214.83210066,60399.58105316,60148.99808667,60333.61716921,191.725841
2025-01-01T13:56:00,60333.61716921,60425.51792273,60276.20956944,60368.07753382,136.222140
2025-01-01T13:57:00,60368.07753382,60388.06448529,60273.49926352,60293.46151076,81.243997
2025-01-01T13:58:00,60293.46151076,60387.93897496,60199.22205719,60293.69914996,82.394269
2025-01-01T13:59:00,60293.69914996,60434.65008332,60238.66988047,60379.54246575,93.233218
2025-01-01T14:00:00,60379.54246575,60439.39187998,60297.54669688,60357.37413741,124.576446
2025-01-01T14:01:00,60357.37413741,60467.96168947,60315.06409062,60425.60381421,129.875825
2025-01-01T14:02:00,60425.60381421,60559.22385349,60372.28275614,60505.83200007,92.427447
2025-01-01T14:03:00,60505.83200007,60639.34456715,60478.75147049,60612.21642321,119.397627
2025-01-01T14:04:00,60612.21642321,60634.37340753,60589.48382601,60611.64059984,57.256715
2025-01-01T14:05:00,60611.64059984,60861.18203121,60597.81222246,60847.29988882,173.566596
2025-01-01T14:06:00,60847.29988882,61054.24501270,60353.70648459,60559.67337435,231.551274
2025-01-01T14:07:00,60559.67337435,60591.73933274,60491.61892990,60523.66582252,103.427772
2025-01-01T14:08:00,60523.66582252,60696.92494588,60440.53126321,60613.66676238,161.007583
2025-01-01T14:09:00,60613.66676238,60708.31412097,60474.89907310,60569.47743069,46.601272
2025-01-01T14:10:00,60569.47743069,60628.75625406,60398.01627343,60457.18519735,67.567113
2025-01-01T14:11:00,60457.18519735,60704.13645148,60359.84195136,60606.55270606,261.672497
2025-01-01T14:12:00,60606.55270606,60654.33088628,60576.15204986,60623.92151776,100.889904
2025-01-01T14:13:00,60623.92151776,60690.63504339,60582.61508597,60649.31131213,148.410686
2025-01-01T14:14:00,60649.31131213,60784.50359211,60509.77988856,60644.96247462,87.596863
2025-01-01T14:15:00,60644.96247462,60704.58238221,60602.49979836,60662.10770112,100.905461
2025-01-01T14:16:00,60662.10770112,60699.22721924,60574.43819277,60611.52676010,103.794249
2025-01-01T14:17:00,60611.52676010,60716.04061470,60540.92353783,60645.39793766,68.991914
2025-01-01T14:18:00,60645.39793766,60751.67792475,60352.01553060,60457.96704837,362.494436
2025-01-01T14:19:00,60457.96704837,60507.17316446,60381.75400191,60430.93811943,80.111604
2025-01-01T14:20:00,60430.93811943,60565.67255917,60231.73365871,60366.32403744,96.392185
2025-01-01T14:21:00,60366.32403744,60454.48399435,60155.72489095,60243.70577417,45.744177
2025-01-01T14:22:00,60243.70577417,60289.26934091,60104.24110850,60149.73360213,176.674804
2025-01-01T14:23:00,60149.73360213,60278.01703050,60093.50923345,60221.72536822,192.101819
2025-01-01T14:24:00,60221.72536822,60276.41892795,59932.37417784,59986.85442705,190.032827
2025-01-01T14:25:00,59986.85442705,60059.04302757,59967.70356511,60039.87523868,93.347571
2025-01-01T14:26:00,60039.87523868,60193.82229602,59834.16266778,59987.97665298,201.694242
2025-01-01T14:27:00,59987.97665298,60020.21385836,59933.54326162,59965.76853248,47.613587
2025-01-01T14:28:00,59965.76853248,60110.08472827,59904.73204459,60048.96355986,122.303807
2025-01-01T14:29:00,60048.96355986,60099.08395525,59827.66220389,59877.63960224,148.877363
2025-01-01T14:30:00,59877.63960224,59925.58996440,59817.67161106,59865.61234173,86.676663
2025-01-01T14:31:00,59865.61234173,59978.74731499,59716.74442480,59829.81174153,109.295143
2025-01-01T14:32:00,59829.81174153,59845.03284827,59790.74652663,59805.96156573,32.728326
2025-01-01T14:33:00,59805.96156573,59877.61310788,59766.72387630,59838.35416620,55.189873
2025-01-01T14:34:00,59838.35416620,59927.91722051,59815.94442208,59905.48233657,125.814337
2025-01-01T14:35:00,59905.48233657,59963.58140325,59771.35197411,59829.37723059,168.505654
2025-01-01T14:36:00,59829.37723059,60070.24402170,59787.95186529,60028.68066036,314.769937
2025-01-01T14:37:00,60028.68066036,60094.61981186,60008.15287494,60074.07650259,237.185603
2025-01-01T14:38:00,60074.07650259,60227.49606726,59864.12503528,60017.39985689,108.258205
2025-01-01T14:39:00,60017.39985689,60107.93545121,59872.67261923,59963.12634255,162.261545
2025-01-01T14:40:00,59963.12634255,60079.40706640,59887.66517403,60003.89459269,80.545024
2025-01-01T14:41:00,60003.89459269,60030.23831116,59954.78563216,59981.11935153,91.864046
2025-01-01T14:42:00,59981.11935153,60153.53330882,59894.70174370,60066.99198027,149.432581
2025-01-01T14:43:00,60066.99198027,60163.27126281,59932.15449173,60028.37187145,162.894152
2025-01-01T14:44:00,60028.37187145,60140.00757281,60013.15214877,60124.76341081,100.056670
2025-01-01T14:45:00,60124.76341081,60208.92500363,59998.98079517,60083.08404593,91.075101
2025-01-01T14:46:00,60083.08404593,60123.34768625,59948.87295208,59989.07359292,149.169369
2025-01-01T14:47:00,59989.07359292,60065.02186534,59811.40761307,59887.22694406,175.597031
2025-01-01T14:48:00,59887.22694406,60081.44396298,59780.10377106,59974.16527918,130.417509
2025-01-01T14:49:00,59974.16527918,60018.62006527,59493.66521482,59537.79655033,372.300708
2025-01-01T14:50:00,59537.79655033,59626.82403120,59416.09806965,59505.07662407,61.396311
2025-01-01T14:51:00,59505.07662407,59566.54153632,59357.93330202,59419.30962248,197.417075
2025-01-01T14:52:00,59419.30962248,59653.07904425,59280.35634313,59513.90455270,148.488012
2025-01-01T14:53:00,59513.90455270,59583.88908159,59475.79876915,59545.76289965,81.488458
2025-01-01T14:54:00,59545.76289965,59590.07780276,59526.90519018,59571.21203374,104.567607
2025-01-01T14:55:00,59571.21203374,59584.55485851,59542.62622917,59555.96563904,65.860594
2025-01-01T14:56:00,59555.96563904,59573.48623060,59489.40694268,59506.91310362,84.188204
2025-01-01T14:57:00,59506.91310362,59586.33743497,59441.94250051,59521.35106826,99.458424
2025-01-01T14:58:00,59521.35106826,59747.31700868,59441.62165585,59667.39197310,284.307147
2025-01-01T14:59:00,59667.39197310,59682.85262681,59600.79305243,59616.24045207,59.488666
2025-01-01T15:00:00,59616.24045207,59818.28393123,59469.25696813,59671.16503107,91.197747
2025-01-01T15:01:00,59671.16503107,59771.76835292,59621.18940328,59721.75035905,140.927644
2025-01-01T15:02:00,59721.75035905,59839.90469189,59703.83368319,59821.95795351,82.166546
2025-01-01T15:03:00,59821.95795351,59923.44035907,59774.51402727,59875.95360966,35.943857
2025-01-01T15:04:00,59875.95360966,60068.13821132,59797.98217194,59990.01823680,192.661314
2025-01-01T15:05:00,59990.01823680,60072.71255677,59928.44798364,60011.12064533,162.106156
2025-01-01T15:06:00,60011.12064533,60059.07400823,59956.19556654,60004.14335406,162.772212
2025-01-01T15:07:00,60004.14335406,60147.76241466,59944.73109811,60088.26686500,245.378051
2025-01-01T15:08:00,60088.26686500,60182.98374912,60028.08968713,60122.77201504,100.577549
2025-01-01T15:09:00,60122.77201504,60337.45841036,60087.38554977,60301.96647659,204.341981
2025-01-01T15:10:00,60301.96647659,60377.26644259,60124.28038900,60199.45234408,217.392580
2025-01-01T15:11:00,60199.45234408,60229.58138951,60094.92462670,60125.01641792,50.577720
2025-01-01T15:12:00,60125.01641792,60171.80654995,60090.62884092,60137.41188356,124.580348
2025-01-01T15:13:00,60137.41188356,60340.07266366,60061.53865476,60264.03967309,113.976484
2025-01-01T15:14:00,60264.03967309,60363.78443005,60075.89366025,60175.49185916,219.063518
2025-01-01T15:15:00,60175.49185916,60216.96982677,60098.98225369,60140.43605792,38.158078
2025-01-01T15:16:00,60140.43605792,60218.90392533,60017.97468112,60096.38507328,59.627449
2025-01-01T15:17:00,60096.38507328,60189.42376411,60042.18116769,60135.18486307,113.688230
2025-01-01T15:18:00,60135.18486307,60203.74694652,59956.31198569,60024.74815665,172.619319
2025-01-01T15:19:00,60024.74815665,60104.52051041,59914.97328513,59994.70571275,71.520627
2025-01-01T15:20:00,59994.70571275,60120.79321346,59920.85381410,60046.87709321,54.146557
2025-01-01T15:21:00,60046.87709321,60134.85326593,59745.83063134,59833.49417144,172.304868
2025-01-01T15:22:00,59833.49417144,59988.83384430,59736.20668504,59891.45211999,322.345280
2025-01-01T15:23:00,59891.45211999,60045.04016099,59823.02690432,59976.51775892,81.354186
2025-01-01T15:24:00,59976.51775892,60049.54655334,59872.98091029,59945.97251211,133.844127
2025-01-01T15:25:00,59945.97251211,60040.90185785,59882.85331827,59977.74920523,61.605585
2025-01-01T15:26:00,59977.74920523,60125.89691347,59900.88949254,60048.94596423,347.930108
2025-01-01T15:27:00,60048.94596423,60120.54529203,59928.37818725,59999.91905785,129.571751
2025-01-01T15:28:00,59999.91905785,60188.75731899,59858.54037238,60047.26706671,221.041771
2025-01-01T15:29:00,60047.26706671,60306.34462929,59960.84558441,60219.67501329,258.885454
2025-01-01T15:30:00,60219.67501329,60237.27086382,60039.15527919,60056.70351037,138.839273
2025-01-01T15:31:00,60056.70351037,60167.40951387,60033.77275512,60144.44525720,202.178060
2025-01-01T15:32:00,60144.44525720,60193.55110280,60020.68033680,60069.72517606,99.239913
2025-01-01T15:33:00,60069.72517606,60122.93768827,59864.63627251,59917.71412638,184.524835
2025-01-01T15:34:00,59917.71412638,59951.62907735,59751.33095358,59785.17088170,440.560846
2025-01-01T15:35:00,59785.17088170,59844.48948124,59770.53874631,59829.84641173,257.297009
2025-01-01T15:36:00,59829.84641173,59858.71871935,59716.66362357,59745.49522553,126.539377
2025-01-01T15:37:00,59745.49522553,59758.17760689,59723.72021602,59736.40066685,138.957514
2025-01-01T15:38:00,59736.40066685,59897.14294746,59552.66401115,59713.34425018,85.514057
2025-01-01T15:39:00,59713.34425018,59804.86489372,59435.42247067,59526.65698489,340.160465
2025-01-01T15:40:00,59526.65698489,59709.77806181,59431.83118036,59614.81182684,149.687484
2025-01-01T15:41:00,59614.81182684,59655.69642212,59525.75873919,59566.61027723,160.866178
2025-01-01T15:42:00,59566.61027723,59651.56930988,59439.94419381,59524.84365531,257.369381
2025-01-01T15:43:00,59524.84365531,59535.91592804,59501.79947796,59512.86952337,161.582976
2025-01-01T15:44:00,59512.86952337,59576.00727265,59411.68718560,59474.78453017,83.350754
2025-01-01T15:45:00,59474.78453017,59568.28555934,59343.33054454,59436.77181346,135.721704
2025-01-01T15:46:00,59436.77181346,59509.17979264,59289.31410478,59361.63054420,159.098933
2025-01-01T15:47:00,59361.63054420,59386.12802826,59335.58492262,59360.08176752,91.244305
2025-01-01T15:48:00,59360.08176752,59404.46219329,59265.96471401,59310.30792648,178.380622
2025-01-01T15:49:00,59310.30792648,59492.67270355,59243.15044989,59425.38492447,150.572320
2025-01-01T15:50:00,59425.38492447,59494.54863360,59368.62958570,59437.78145529,79.534479
2025-01-01T15:51:00,59437.78145529,59681.18542007,59411.46589189,59654.77378519,364.043691
2025-01-01T15:52:00,59654.77378519,59729.52719674,59489.04084107,59563.68010310,80.668313
2025-01-01T15:53:00,59563.68010310,59606.51556322,59536.05809493,59578.88650325,76.156156
2025-01-01T15:54:00,59578.88650325,59611.95053825,59345.53121381,59378.48403300,128.695120
2025-01-01T15:55:00,59378.48403300,59420.46314088,59286.54426300,59328.48802495,103.990320
2025-01-01T15:56:00,59328.48802495,59423.62124582,59257.25603379,59352.36059237,149.645716
2025-01-01T15:57:00,59352.36059237,59492.14255427,59296.45895548,59436.16198817,280.841221
2025-01-01T15:58:00,59436.16198817,59488.44613946,59345.60251260,59397.85296463,138.290279
2025-01-01T15:59:00,59397.85296463,59444.08896157,59271.89897963,59318.07287479,75.382044
2025-01-01T16:00:00,59318.07287479,59419.73400285,59229.35403190,59330.99583179,44.439609
2025-01-01T16:01:00,59330.99583179,59355.87262656,59181.54871230,59206.37325428,225.666013
2025-01-01T16:02:00,59206.37325428,59347.56696242,59177.92795719,59319.06752215,333.671423
2025-01-01T16:03:00,59319.06752215,59439.17066749,59222.25214381,59342.31734284,99.702990
2025-01-01T16:04:00,59342.31734284,59457.34548275,59237.74735578,59352.75709928,57.856958
2025-01-01T16:05:00,59352.75709928,59440.42115945,59292.99098923,59380.62698542,50.379134
2025-01-01T16:06:00,59380.62698542,59535.46449089,59368.31873902,59523.12670755,341.551619
2025-01-01T16:07:00,59523.12670755,59648.07051558,59391.50760163,59516.43736820,41.827356
2025-01-01T16:08:00,59516.43736820,59591.10291020,59506.20169631,59580.85615953,98.464252
2025-01-01T16:09:00,59580.85615953,59723.16857248,59519.49846840,59661.72759814,153.434448
2025-01-01T16:10:00,59661.72759814,59689.24381578,59573.90534054,59601.39373196,120.048471
2025-01-01T16:11:00,59601.39373196,59633.61792776,59592.35245054,59624.57313012,58.528644
2025-01-01T16:12:00,59624.57313012,59637.14663330,59606.42214571,59618.99447248,107.024822
2025-01-01T16:13:00,59618.99447248,59689.08883336,59438.29252307,59508.25668897,108.040773
2025-01-01T16:14:00,59508.25668897,59584.84790249,59336.62281175,59413.09154119,81.049207
2025-01-01T16:15:00,59413.09154119,59500.04104460,59401.01829310,59487.95258412,160.088931
2025-01-01T16:16:00,59487.95258412,59591.23109525,59430.64677805,59533.88104548,143.165788
2025-01-01T16:17:00,59533.88104548,59654.77164281,59443.81392721,59564.65796301,112.507777
2025-01-01T16:18:00,59564.65796301,59593.78416241,59505.00445978,59534.11572450,85.887701
2025-01-01T16:19:00,59534.11572450,59559.46344679,59458.83665075,59484.16310482,80.113547
2025-01-01T16:20:00,59484.16310482,59617.12486144,59382.99462957,59515.90240517,78.890410
2025-01-01T16:21:00,59515.90240517,59591.68632479,59424.74817717,59500.51250022,103.245250
2025-01-01T16:22:00,59500.51250022,59715.84651015,59442.08441555,59657.26449875,263.898318
2025-01-01T16:23:00,59657.26449875,59836.59681244,59600.66539004,59779.88137246,198.825414
2025-01-01T16:24:00,59779.88137246,59798.01151686,59753.29841986,59771.42599989,33.366373
2025-01-01T16:25:00,59771.42599989,59816.86905573,59741.53783135,59786.97311298,38.614541
2025-01-01T16:26:00,59786.97311298,59812.00215454,59739.36624816,59764.38583384,40.404759
2025-01-01T16:27:00,59764.38583384,59841.03389439,59681.31696013,59757.95677538,99.038278
2025-01-01T16:28:00,59757.95677538,59922.78135146,59499.39875697,59663.96408212,94.696702
2025-01-01T16:29:00,59663.96408212,59715.80835397,59614.52462965,59666.36691044,48.900713
2025-01-01T16:30:00,59666.36691044,59692.93206920,59600.93686457,59627.48471188,119.495131
2025-01-01T16:31:00,59627.48471188,59845.75803591,59503.56215712,59721.63980060,223.454032
2025-01-01T16:32:00,59721.63980060,59831.16292356,59585.12383168,59694.59736169,88.942133
2025-01-01T16:33:00,59694.59736169,59786.55425351,59644.03920589,59735.96106485,81.212405
2025-01-01T16:34:00,59735.96106485,59829.04834170,59602.58892187,59695.61332433,112.953539
2025-01-01T16:35:00,59695.61332433,59787.51144721,59636.46543443,59728.33113969,101.354325
2025-01-01T16:36:00,59728.33113969,59981.84486570,59703.94239974,59957.36260583,273.823976
2025-01-01T16:37:00,59957.36260583,59999.09072660,59875.50380460,59917.20397643,72.077222
2025-01-01T16:38:00,59917.20397643,60152.01529736,59785.36189981,60019.94714423,91.988296
2025-01-01T16:39:00,60019.94714423,60094.54226854,59961.43101211,60036.01047557,140.422732
2025-01-01T16:40:00,60036.01047557,60080.35654615,60013.53967511,60057.87756110,87.187250
2025-01-01T16:41:00,60057.87756110,60147.97351295,59976.20677139,60066.29128170,57.926785
2025-01-01T16:42:00,60066.29128170,60153.17407892,60028.28649372,60115.13838470,83.554316
2025-01-01T16:43:00,60115.13838470,60147.63116681,60034.74040602,60067.20728094,49.404582
2025-01-01T16:44:00,60067.20728094,60185.21455121,60034.09440599,60152.05490284,157.361757
2025-01-01T16:45:00,60152.05490284,60214.28149265,60024.68058043,60086.83970588,107.263136
2025-01-01T16:46:00,60086.83970588,60110.59912652,60052.04461995,60075.79967516,63.219263
2025-01-01T16:47:00,60075.79967516,60099.85863832,59966.33971700,59990.36446534,104.927859
2025-01-01T16:48:00,59990.36446534,60181.77900064,59881.75020054,60073.01509452,294.351951
2025-01-01T16:49:00,60073.01509452,60097.84511851,59990.78290940,60015.58919750,132.975919
2025-01-01T16:50:00,60015.58919750,60118.99033884,59932.13703622,60035.51047686,43.820624
2025-01-01T16:51:00,60035.51047686,60125.15835213,59990.08451124,60079.69895124,179.632305
2025-01-01T16:52:00,60079.69895124,60395.42007019,60013.84748989,60329.29503446,289.497583
2025-01-01T16:53:00,60329.29503446,60414.20072633,60123.51192213,60208.24725488,93.994126
2025-01-01T16:54:00,60208.24725488,60395.97859840,60142.97227973,60330.57100554,159.556154
2025-01-01T16:55:00,60330.57100554,60378.42281076,60243.44988577,60291.27051941,62.597227
2025-01-01T16:56:00,60291.27051941,60338.56920933,60143.14343011,60190.36295773,151.062886
2025-01-01T16:57:00,60190.36295773,60240.64876541,60124.45168296,60174.72442549,112.111036
2025-01-01T16:58:00,60174.72442549,60303.05606578,60164.88691636,60293.19918811,234.910720
2025-01-01T16:59:00,60293.19918811,60410.35209291,60135.41017503,60252.48396798,126.029027
2025-01-01T17:00:00,60252.48396798,60394.51609997,60144.61434111,60286.58542149,109.925325
2025-01-01T17:01:00,60286.58542149,60312.20068384,60242.94970466,60268.55730702,80.369427
2025-01-01T17:02:00,60268.55730702,60350.19959731,60105.60737493,60187.13937311,170.754292
2025-01-01T17:03:00,60187.13937311,60291.84762545,60131.59147960,60236.25440272,170.790216
2025-01-01T17:04:00,60236.25440272,60384.29506889,60090.66212308,60238.69688572,155.913563
2025-01-01T17:05:00,60238.69688572,60377.97322582,60022.45985521,60161.55784411,126.810672
2025-01-01T17:06:00,60161.55784411,60223.58534091,60035.17284604,60097.13392078,200.179671
2025-01-01T17:07:00,60097.13392078,60131.18769613,59909.32704755,59943.29364999,191.835487
2025-01-01T17:08:00,59943.29364999,60043.74076039,59783.18712315,59883.53409433,172.613399
2025-01-01T17:09:00,59883.53409433,59938.36045756,59855.45483258,59910.26866002,63.676151
2025-01-01T17:10:00,59910.26866002,59989.25104780,59864.50325787,59943.46029059,51.175243
2025-01-01T17:11:00,59943.46029059,60094.18464153,59712.86773613,59863.39075687,109.086391
2025-01-01T17:12:00,59863.39075687,59932.01289411,59848.57018767,59917.17900838,117.243563
2025-01-01T17:13:00,59917.17900838,59972.68026264,59754.04472228,59809.44618368,157.571686
2025-01-01T17:14:00,59809.44618368,59834.33286991,59680.99256071,59705.83613485,265.196783
2025-01-01T17:15:00,59705.83613485,59825.44459124,59535.08294139,59654.58873407,97.906154
2025-01-01T17:16:00,59654.58873407,59721.53520680,59614.39447274,59681.32293241,51.562790
2025-01-01T17:17:00,59681.32293241,59749.51953741,59634.56365299,59702.74347537,63.831503
2025-01-01T17:18:00,59702.74347537,59824.42840633,59690.36873247,59812.03101113,144.724800
2025-01-01T17:19:00,59812.03101113,59916.57634226,59674.57477643,59779.06248194,58.712478
2025-01-01T17:20:00,59779.06248194,59902.99645967,59757.39804045,59881.29496825,351.186068
2025-01-01T17:21:00,59881.29496825,59894.78261079,59747.06578636,59760.52622699,331.658328
2025-01-01T17:22:00,59760.52622699,59919.41292587,59576.29385643,59735.11298854,50.322189
2025-01-01T17:23:00,59735.11298854,59891.29571202,59701.05473865,59857.16787198,125.482645
2025-01-01T17:24:00,59857.16787198,59947.55157462,59713.93469064,59804.23847044,125.018537
2025-01-01T17:25:00,59804.23847044,59863.09151789,59751.31506742,59810.16287211,165.941440
2025-01-01T17:26:00,59810.16287211,60088.28686697,59753.09457298,60031.00784702,258.472300
2025-01-01T17:27:00,60031.00784702,60041.66910501,59991.88863090,60002.54483398,69.631712
2025-01-01T17:28:00,60002.54483398,60040.69912968,59889.92954514,59928.03646262,111.846359
2025-01-01T17:29:00,59928.03646262,59965.90739330,59788.88741459,59826.69430310,139.666282
2025-01-01T17:30:00,59826.69430310,59998.15638628,59725.07358195,59896.41723482,174.113552
2025-01-01T17:31:00,59896.41723482,60041.24741447,59809.63419079,59954.38038848,121.816584
2025-01-01T17:32:00,59954.38038848,60102.57551098,59908.78912369,60056.90628216,127.676011
2025-01-01T17:33:00,60056.90628216,60086.45926019,59921.64551924,59951.14645467,116.814340
2025-01-01T17:34:00,59951.14645467,60042.69401809,59891.06984224,59982.58590042,93.013466
2025-01-01T17:35:00,59982.58590042,60132.72216832,59856.19878981,60006.28512194,57.135786
2025-01-01T17:36:00,60006.28512194,60041.46974351,59942.83431689,59978.00235489,75.210542
2025-01-01T17:37:00,59978.00235489,60141.29036020,59915.58431004,60078.76745089,233.809041
2025-01-01T17:38:00,60078.76745089,60216.38220665,60053.06402820,60190.63092555,161.553266
2025-01-01T17:39:00,60190.63092555,60302.12917726,60072.77240067,60184.25884863,107.051137
2025-01-01T17:40:00,60184.25884863,60205.89656898,60160.92737920,60182.56449038,73.412741
2025-01-01T17:41:00,60182.56449038,60216.70441054,60022.95170862,60057.02041106,103.751239
2025-01-01T17:42:00,60057.02041106,60192.61914390,59784.57152944,59919.86057826,120.846683
2025-01-01T17:43:00,59919.86057826,59998.11437588,59890.42409225,59968.65391945,183.233007
2025-01-01T17:44:00,59968.65391945,60065.98445876,59908.23290066,60005.52628946,55.467449
2025-01-01T17:45:00,60005.52628946,60077.70975243,59865.98857006,59938.09091185,92.105331
2025-01-01T17:46:00,59938.09091185,60061.42825867,59786.23133933,59909.50987364,59.421595
2025-01-01T17:47:00,59909.50987364,60096.04044046,59796.40020212,59982.79241088,334.114948
2025-01-01T17:48:00,59982.79241088,60107.40311635,59813.59825132,59938.11614448,72.839814
2025-01-01T17:49:00,59938.11614448,60060.98083238,59873.54566364,59996.34761960,215.299695
2025-01-01T17:50:00,59996.34761960,60089.59065242,59936.77071726,60029.98035248,156.195994
2025-01-01T17:51:00,60029.98035248,60082.15740862,59957.46027817,60009.61963711,66.363612
2025-01-01T17:52:00,60009.61963711,60039.58334309,59992.16127974,60022.12134864,72.827133
2025-01-01T17:53:00,60022.12134864,60172.28754467,59992.92173254,60143.02910926,134.071193
2025-01-01T17:54:00,60143.02910926,60167.38256583,59832.64532595,59856.88291458,482.963202
2025-01-01T17:55:00,59856.88291458,59934.40092640,59822.97265302,59900.46597406,91.737745
2025-01-01T17:56:00,59900.46597406,59909.88291404,59755.79563763,59765.19131110,198.921071
2025-01-01T17:57:00,59765.19131110,59779.45223645,59738.55075582,59752.80872648,55.801450
2025-01-01T17:58:00,59752.80872648,59894.66766775,59695.72469970,59837.50272971,95.910855
2025-01-01T17:59:00,59837.50272971,59849.24898242,59694.57102044,59706.29151606,207.884039
2025-01-01T18:00:00,59706.29151606,59823.21336640,59633.48290913,59750.35103127,108.027711
2025-01-01T18:01:00,59750.35103127,59782.09216918,59717.66756746,59749.40820451,69.599039
2025-01-01T18:02:00,59749.40820451,59774.96696906,59703.43572919,59728.98575770,44.914949
2025-01-01T18:03:00,59728.98575770,59757.18022539,59670.62975233,59698.80997584,232.338423
2025-01-01T18:04:00,59698.80997584,59736.41013297,59663.29746817,59700.89638417,46.492421
2025-01-01T18:05:00,59700.89638417,59782.63290403,59662.88835238,59744.59705061,159.309333
2025-01-01T18:06:00,59744.59705061,59772.93533232,59681.51180650,59709.83359908,60.132686
2025-01-01T18:07:00,59709.83359908,59786.91835173,59599.17903451,59676.22039288,139.258730
2025-01-01T18:08:00,59676.22039288,59698.38938749,59636.74678862,59658.90935238,128.323061
2025-01-01T18:09:00,59658.90935238,59696.02543638,59622.51734039,59659.63298298,161.290723
2025-01-01T18:10:00,59659.63298298,59693.06520489,59577.40049082,59610.80535057,187.767165
2025-01-01T18:11:00,59610.80535057,59675.37485285,59503.17765051,59567.70046224,106.370955
2025-01-01T18:12:00,59567.70046224,59580.39831283,59535.97980981,59548.67360450,139.169306
2025-01-01T18:13:00,59548.67360450,59577.67431326,59536.98773409,59565.98504564,67.862231
2025-01-01T18:14:00,59565.98504564,59605.88791064,59483.56819861,59523.44256468,108.029252
2025-01-01T18:15:00,59523.44256468,59536.99725639,59480.25215030,59493.80009182,94.018103
2025-01-01T18:16:00,59493.80009182,59545.05060569,59454.48287549,59505.72550830,59.558846
2025-01-01T18:17:00,59505.72550830,59517.15449517,59483.03520179,59494.46202533,134.132437
2025-01-01T18:18:00,59494.46202533,59525.47916120,59475.14904578,59506.16238351,60.892959
2025-01-01T18:19:00,59506.16238351,59549.67776588,59463.40483092,59506.91966915,73.719863
2025-01-01T18:20:00,59506.91966915,59522.18984913,59447.38673985,59462.64555857,66.789494
2025-01-01T18:21:00,59462.64555857,59485.36280169,59410.18702665,59432.89290299,124.490803
2025-01-01T18:22:00,59432.89290299,59492.48076007,59410.82460422,59470.39853490,58.385639
2025-01-01T18:23:00,59470.39853490,59501.74516576,59388.01673484,59419.33645105,95.759381
2025-01-01T18:24:00,59419.33645105,59460.28690412,59409.06073469,59450.00588392,72.791891
2025-01-01T18:25:00,59450.00588392,59469.11664364,59422.68562102,59441.79374087,42.629131
2025-01-01T18:26:00,59441.79374087,59503.24163123,59423.96490627,59485.39971755,107.911895
2025-01-01T18:27:00,59485.39971755,59531.68146818,59472.70815265,59518.98273814,69.611141
2025-01-01T18:28:00,59518.98273814,59538.57880413,59489.88989362,59509.48283185,90.534468
2025-01-01T18:29:00,59509.48283185,59519.39149832,59436.86628598,59446.76450949,85.140699
2025-01-01T18:30:00,59446.76450949,59477.61430510,59434.49512252,59465.34108406,117.593087
2025-01-01T18:31:00,59465.34108406,59496.14138475,59428.95838197,59459.75578973,134.129514
2025-01-01T18:32:00,59459.75578973,59526.81241710,59439.96819711,59507.00909907,120.248058
2025-01-01T18:33:00,59507.00909907,59528.99733459,59445.25251566,59467.22605108,90.096688
2025-01-01T18:34:00,59467.22605108,59518.25369968,59430.56151233,59481.58031081,95.613260
2025-01-01T18:35:00,59481.58031081,59500.71143893,59438.12070359,59457.24400439,118.621431
2025-01-01T18:36:00,59457.24400439,59521.93741999,59423.29711828,59487.97298928,58.134458
2025-01-01T18:37:00,59487.97298928,59538.21661489,59402.38278159,59452.59652819,60.007479
2025-01-01T18:38:00,59452.59652819,59529.46188949,59395.94416849,59472.79028717,55.439351
2025-01-01T18:39:00,59472.79028717,59486.24261018,59432.79162939,59446.23794644,55.144634
2025-01-01T18:40:00,59446.23794644,59511.16899231,59417.67602243,59482.58960255,77.152066
2025-01-01T18:41:00,59482.58960255,59548.87061550,59439.91446565,59506.17855496,69.269054
2025-01-01T18:42:00,59506.17855496,59577.83568096,59489.15405774,59560.79555801,31.637219
2025-01-01T18:43:00,59560.79555801,59596.52802803,59459.35382949,59495.04685471,171.196665
2025-01-01T18:44:00,59495.04685471,59515.76082906,59426.71300463,59447.41039373,240.774445
2025-01-01T18:45:00,59447.41039373,59537.87038336,59419.51393950,59509.94458416,103.940112
2025-01-01T18:46:00,59509.94458416,59598.48842516,59485.47964063,59573.99714918,203.289352
2025-01-01T18:47:00,59573.99714918,59656.29897134,59522.45808451,59604.73331599,105.119275
2025-01-01T18:48:00,59604.73331599,59672.52943636,59569.15582417,59636.93272501,149.378669
2025-01-01T18:49:00,59636.93272501,59646.13273079,59610.49357655,59619.69092248,111.637840
2025-01-01T18:50:00,59619.69092248,59689.46567674,59573.47145292,59643.22796036,68.764804
2025-01-01T18:51:00,59643.22796036,59675.56414230,59613.78799040,59646.12274347,75.498336
2025-01-01T18:52:00,59646.12274347,59704.85340880,59615.69113601,59674.40737045,70.136525
2025-01-01T18:53:00,59674.40737045,59698.65223811,59651.10349288,59675.34799322,58.261762
2025-01-01T18:54:00,59675.34799322,59729.42554847,59574.81780091,59628.85322279,271.512112
2025-01-01T18:55:00,59628.85322279,59723.59399453,59600.17181337,59694.88082591,92.222293
2025-01-01T18:56:00,59694.88082591,59735.09410049,59618.95593250,59659.14513385,134.140965
2025-01-01T18:57:00,59659.14513385,60093.96558707,59621.92772097,60056.50029047,667.629752
2025-01-01T18:58:00,60056.50029047,60130.99924982,60030.18702272,60104.66487914,152.309399
2025-01-01T18:59:00,60104.66487914,60122.34035004,60057.22904356,60074.89576001,158.074725
2025-01-01T19:00:00,60074.89576001,60094.58503421,60050.17330849,60069.86093255,69.443700
2025-01-01T19:01:00,60069.86093255,60113.07855801,60050.25684733,60093.46676892,61.467772
2025-01-01T19:02:00,60093.46676892,60142.27109855,60073.25950798,60122.05422469,97.238053
2025-01-01T19:03:00,60122.05422469,60173.26410580,60048.95212889,60100.14334708,55.547479
2025-01-01T19:04:00,60100.14334708,60110.76679087,60084.87589126,60095.49851403,49.705160
2025-01-01T19:05:00,60095.49851403,60133.58602580,60073.63095035,60111.71256215,146.100021
2025-01-01T19:06:00,60111.71256215,60174.01798728,60076.79325510,60139.08278068,168.847962
2025-01-01T19:07:00,60139.08278068,60167.61424708,60119.95128153,60148.47975856,83.477038
2025-01-01T19:08:00,60148.47975856,60168.39479544,60122.80238936,60142.71551771,62.917818
2025-01-01T19:09:00,60142.71551771,60200.20245065,60104.05005179,60161.52489227,93.258344
2025-01-01T19:10:00,60161.52489227,60214.45594261,60136.85784084,60189.77730731,115.221624
2025-01-01T19:11:00,60189.77730731,60298.95122962,60126.97819256,60236.10378007,113.556393
2025-01-01T19:12:00,60236.10378007,60252.52032576,60160.38816637,60176.78854649,196.491469
2025-01-01T19:13:00,60176.78854649,60203.98216694,60150.14699154,60177.34036769,93.413242
2025-01-01T19:14:00,60177.34036769,60212.34096804,60138.60744789,60173.60587617,52.442423
2025-01-01T19:15:00,60173.60587617,60241.68032718,60126.47164181,60194.52970310,58.760066
2025-01-01T19:16:00,60194.52970310,60238.58279210,60147.93151355,60191.98273857,37.756436
2025-01-01T19:17:00,60191.98273857,60311.86107954,60131.13038249,60250.94911016,82.940166
2025-01-01T19:18:00,60250.94911016,60276.55841568,60182.76277697,60208.35397768,109.376924
2025-01-01T19:19:00,60208.35397768,60260.85626349,60186.77606930,60239.26727618,120.722377
2025-01-01T19:20:00,60239.26727618,60301.55559533,60190.77767966,60253.05490046,91.880096
2025-01-01T19:21:00,60253.05490046,60271.38051474,60239.20274837,60257.52733444,42.741146
2025-01-01T19:22:00,60257.52733444,60291.80168322,60200.46668920,60234.72806981,115.666362
2025-01-01T19:23:00,60234.72806981,60266.69157982,60197.87904247,60229.83995861,69.409097
2025-01-01T19:24:00,60229.83995861,60263.46368288,60187.14665524,60220.76531353,113.960439
2025-01-01T19:25:00,60220.76531353,60316.30007458,60158.57164499,60254.07200818,90.639422
2025-01-01T19:26:00,60254.07200818,60293.82852003,60208.13203500,60247.88446421,125.973975
2025-01-01T19:27:00,60247.88446421,60278.52929498,60190.92806847,60221.55950916,87.564178
2025-01-01T19:28:00,60221.55950916,60233.29108364,60190.72350208,60202.45135416,83.030382
2025-01-01T19:29:00,60202.45135416,60253.25142234,60191.03547658,60241.82807796,66.886420
2025-01-01T19:30:00,60241.82807796,60276.38176985,60212.02934250,60246.58068350,210.328406
2025-01-01T19:31:00,60246.58068350,60270.75194271,60174.36368371,60198.51565896,140.495862
2025-01-01T19:32:00,60198.51565896,60235.93415728,60179.93847127,60217.35115698,52.292164
2025-01-01T19:33:00,60217.35115698,60299.41961909,60112.33317877,60194.37032097,21.950559
2025-01-01T19:34:00,60194.37032097,60237.88628120,60170.86420110,60214.37235047,75.994841
2025-01-01T19:35:00,60214.37235047,60228.11027959,60151.43101394,60165.15771472,132.313676
2025-01-01T19:36:00,60165.15771472,60225.69115246,60146.08295233,60206.60325017,143.093698
2025-01-01T19:37:00,60206.60325017,60270.65110725,60155.83876338,60219.87542973,85.577808
2025-01-01T19:38:00,60219.87542973,60248.53222942,60187.41340193,60216.06838996,64.694136
2025-01-01T19:39:00,60216.06838996,60255.99502014,60181.65800060,60221.58148033,48.912805
2025-01-01T19:40:00,60221.58148033,60285.70282058,60171.51922364,60235.62888626,173.674257
2025-01-01T19:41:00,60235.62888626,60253.89020344,60204.93642959,60223.19397694,51.165322
2025-01-01T19:42:00,60223.19397694,60245.77624682,60177.63467867,60200.20832947,50.334606
2025-01-01T19:43:00,60200.20832947,60221.76754945,60161.26402641,60182.81701813,43.044627
2025-01-01T19:44:00,60182.81701813,60244.53972799,60167.14034809,60228.85106681,114.088844
2025-01-01T19:45:00,60228.85106681,60282.05338812,60204.82220839,60258.01289532,129.032971
2025-01-01T19:46:00,60258.01289532,60318.14081403,60244.98027832,60305.09801344,77.197108
2025-01-01T19:47:00,60305.09801344,60328.16069091,60240.90856115,60263.95550435,105.300593
2025-01-01T19:48:00,60263.95550435,60288.40059669,60204.86545041,60229.29648388,141.637708
2025-01-01T19:49:00,60229.29648388,60261.55185670,60145.39613074,60177.62383064,158.923833
2025-01-01T19:50:00,60177.62383064,60247.63865598,60118.96302999,60188.96679827,61.666320
2025-01-01T19:51:00,60188.96679827,60237.11083194,60117.06166667,60165.18667907,71.781409
2025-01-01T19:52:00,60165.18667907,60223.94740156,60063.28604052,60122.00458894,82.424800
2025-01-01T19:53:00,60122.00458894,60155.77579534,60110.69687564,60144.46385792,82.219871
2025-01-01T19:54:00,60144.46385792,60156.14162550,60125.50411808,60137.18047150,69.461945
2025-01-01T19:55:00,60137.18047150,60182.75546183,60058.70702758,60104.25706689,42.463623
2025-01-01T19:56:00,60104.25706689,60140.39516724,60027.53587693,60063.64956174,205.236154
2025-01-01T19:57:00,60063.64956174,60092.27970700,60047.18951457,60075.81632561,172.887065
2025-01-01T19:58:00,60075.81632561,60090.53233933,60061.01243638,60075.72842856,46.519925
2025-01-01T19:59:00,60075.72842856,60161.22840542,60022.97628216,60108.44752857,59.844823
2025-01-01T20:00:00,60108.44752857,60205.70507001,60061.30846015,60158.52672780,102.362025
2025-01-01T20:01:00,60158.52672780,60203.99489720,60145.94510963,60191.40640255,37.862097
2025-01-01T20:02:00,60191.40640255,60215.45064215,60141.17059224,60165.20436509,144.194311
2025-01-01T20:03:00,60165.20436509,60189.88227268,60104.13134820,60128.79432152,54.573730
2025-01-01T20:04:00,60128.79432152,60141.37496947,60060.32080202,60072.88975315,93.309559
2025-01-01T20:05:00,60072.88975315,60126.04637983,60059.74849213,60112.89636715,61.398632
2025-01-01T20:06:00,60112.89636715,60140.02226863,60095.41635160,60122.53944900,92.322632
2025-01-01T20:07:00,60122.53944900,60137.67855329,60086.34130964,60101.47510984,81.847717
2025-01-01T20:08:00,60101.47510984,60112.17852434,60043.84360055,60054.53865618,148.125959
2025-01-01T20:09:00,60054.53865618,60128.23524811,60017.16802588,60090.84202701,33.211573
2025-01-01T20:10:00,60090.84202701,60120.30175545,60040.42953455,60069.87898580,41.075226
2025-01-01T20:11:00,60069.87898580,60124.06689229,60045.22126987,60099.39705967,55.091591
2025-01-01T20:12:00,60099.39705967,60187.74191090,60029.42337854,60117.74686511,52.268773
2025-01-01T20:13:00,60117.74686511,60155.05689784,60108.61344647,60145.91919910,108.182052
2025-01-01T20:14:00,60145.91919910,60200.99602146,60112.70072318,60167.76547987,74.714105
2025-01-01T20:15:00,60167.76547987,60213.64213304,60125.08808219,60170.96246771,171.768188
2025-01-01T20:16:00,60170.96246771,60199.75410590,60073.25010745,60102.00875147,265.059683
2025-01-01T20:17:00,60102.00875147,60121.63497722,60087.81595766,60107.44090064,124.815282
2025-01-01T20:18:00,60107.44090064,60132.62696499,60088.89992717,60114.08394239,73.075236
2025-01-01T20:19:00,60114.08394239,60148.74786421,60092.94949254,60127.60865944,143.959594
2025-01-01T20:20:00,60127.60865944,60167.61748328,60087.51112724,60127.51989201,43.892006
2025-01-01T20:21:00,60127.51989201,60152.96087814,60106.20678655,60131.64631001,68.370430
2025-01-01T20:22:00,60131.64631001,60168.32739200,60104.31315314,60140.98998791,62.808968
2025-01-01T20:23:00,60140.98998791,60194.25989698,60086.29555157,60139.56419774,87.883383
2025-01-01T20:24:00,60139.56419774,60174.18012628,60035.31673646,60069.89256248,264.294239
2025-01-01T20:25:00,60069.89256248,60136.64498651,59967.43297901,60034.14567946,206.036223
2025-01-01T20:26:00,60034.14567946,60044.24219549,60008.58625478,60018.68016982,57.619374
2025-01-01T20:27:00,60018.68016982,60038.30847695,59965.86269072,59985.48014022,55.760838
2025-01-01T20:28:00,59985.48014022,60045.60817833,59901.96469630,59962.06926790,70.278734
2025-01-01T20:29:00,59962.06926790,60051.18039871,59902.93308325,59992.01468110,59.068381
2025-01-01T20:30:00,59992.01468110,60044.38060761,59894.04290666,59946.36898988,126.357814
2025-01-01T20:31:00,59946.36898988,59995.19229783,59860.63839958,59909.43162389,49.751744
2025-01-01T20:32:00,59909.43162389,59945.18747458,59830.27694590,59866.00687933,109.058987
2025-01-01T20:33:00,59866.00687933,59911.62612876,59826.30398818,59871.91931650,51.341493
2025-01-01T20:34:00,59871.91931650,59954.56747922,59854.81704744,59937.44649248,41.193601
2025-01-01T20:35:00,59937.44649248,59972.51077228,59887.90583498,59922.96164094,246.478037
2025-01-01T20:36:00,59922.96164094,59963.27144710,59877.25648756,59917.56266186,65.172972
2025-01-01T20:37:00,59917.56266186,59954.32035914,59907.78937551,59944.54267202,142.741196
2025-01-01T20:38:00,59944.54267202,60014.12504150,59854.88384262,59924.44288069,119.675598
2025-01-01T20:39:00,59924.44288069,59970.67532269,59860.36189096,59906.58055196,88.165689
2025-01-01T20:40:00,59906.58055196,59945.53642444,59825.93222590,59864.86096910,105.498577
2025-01-01T20:41:00,59864.86096910,59905.84183801,59827.35499825,59868.33369147,63.294200
2025-01-01T20:42:00,59868.33369147,59918.49017250,59844.17785014,59894.32384459,70.754483
2025-01-01T20:43:00,59894.32384459,59927.28612821,59843.53730084,59876.48976964,98.762227
2025-01-01T20:44:00,59876.48976964,59933.70803725,59866.62582886,59923.83629669,147.939655
2025-01-01T20:45:00,59923.83629669,59976.94082605,59888.12174151,59941.21591264,29.590485
2025-01-01T20:46:00,59941.21591264,59952.88581013,59886.24887410,59897.91034047,101.565986
2025-01-01T20:47:00,59897.91034047,59955.31842680,59860.81455503,59918.21006939,52.598847
2025-01-01T20:48:00,59918.21006939,59958.27900357,59865.28630109,59905.34663315,61.421875
2025-01-01T20:49:00,59905.34663315,59920.37352975,59885.18441991,59900.21002802,104.087081
2025-01-01T20:50:00,59900.21002802,59940.83314397,59882.52974254,59923.14608863,34.035285
2025-01-01T20:51:00,59923.14608863,59971.09554259,59913.72246269,59961.66585895,51.281071
2025-01-01T20:52:00,59961.66585895,59997.60015515,59909.48543922,59945.40999348,45.793318
2025-01-01T20:53:00,59945.40999348,59972.41964308,59924.23940525,59951.24699343,111.836832
2025-01-01T20:54:00,59951.24699343,59973.24178566,59916.95224579,59938.94252378,33.351742
2025-01-01T20:55:00,59938.94252378,59966.22600205,59885.40507933,59912.67660167,79.069151
2025-01-01T20:56:00,59912.67660167,59946.69683719,59858.58622565,59892.59505826,57.794337
2025-01-01T20:57:00,59892.59505826,59950.27447381,59877.84221308,59935.51105749,69.209485
2025-01-01T20:58:00,59935.51105749,59953.24595075,59906.18513521,59923.91659767,87.983181
2025-01-01T20:59:00,59923.91659767,59977.01912279,59906.43731057,59959.52944773,98.586762
2025-01-01T21:00:00,59959.52944773,59995.77513010,59898.16036463,59934.39085065,71.560573
2025-01-01T21:01:00,59934.39085065,60014.86119902,59881.19337140,59961.63953397,45.729377
2025-01-01T21:02:00,59961.63953397,60002.42286774,59899.04677007,59939.81525991,143.025772
2025-01-01T21:03:00,59939.81525991,59954.16011574,59925.55008309,59939.89491996,60.391913
2025-01-01T21:04:00,59939.89491996,59990.93735403,59926.73039231,59977.76450912,34.871062
2025-01-01T21:05:00,59977.76450912,60083.51021821,59915.12624939,60020.82698584,44.522757
2025-01-01T21:06:00,60020.82698584,60041.32849316,59992.85386368,60013.35281802,110.369004
2025-01-01T21:07:00,60013.35281802,60105.77537465,59984.03583804,60076.42758216,74.528473
2025-01-01T21:08:00,60076.42758216,60117.17257885,60036.01827791,60076.76304896,107.683533
2025-01-01T21:09:00,60076.76304896,60116.27956311,60016.80088738,60056.30394420,93.864180
2025-01-01T21:10:00,60056.30394420,60134.07638520,60020.59745444,60098.34489998,53.254680
2025-01-01T21:11:00,60098.34489998,60124.39690869,60009.02978604,60035.05435895,158.537749
2025-01-01T21:12:00,60035.05435895,60048.08922381,59999.63156611,60012.66156902,90.523230
2025-01-01T21:13:00,60012.66156902,60113.11004008,59941.51365909,60041.92743405,106.830287
2025-01-01T21:14:00,60041.92743405,60139.31090522,60010.90332895,60108.25252946,68.856286
2025-01-01T21:15:00,60108.25252946,60178.10055595,60098.99409479,60168.83279015,173.641974
2025-01-01T21:16:00,60168.83279015,60224.25294904,60132.02582774,60187.43460738,210.398957
2025-01-01T21:17:00,60187.43460738,60261.83764571,60178.00395888,60252.39681841,126.594257
2025-01-01T21:18:00,60252.39681841,60360.68886255,60200.75785379,60309.00138531,69.508467
2025-01-01T21:19:00,60309.00138531,60334.48049637,60270.58831935,60296.06196381,90.046564
2025-01-01T21:20:00,60296.06196381,60306.94037301,60249.13971009,60260.01161521,226.997399
2025-01-01T21:21:00,60260.01161521,60282.51806613,60166.60610785,60189.08606886,123.410115
2025-01-01T21:22:00,60189.08606886,60231.29217741,60175.55940995,60217.75907464,53.479747
2025-01-01T21:23:00,60217.75907464,60330.28204432,60138.32285473,60250.80223554,84.771026
2025-01-01T21:24:00,60250.80223554,60313.97203589,60239.19459117,60302.35445970,181.382941
2025-01-01T21:25:00,60302.35445970,60375.92193228,60247.72722332,60321.27755368,113.255024
2025-01-01T21:26:00,60321.27755368,60422.13577271,60303.58059798,60404.41442645,137.568973
2025-01-01T21:27:00,60404.41442645,60415.44073764,60387.24356190,60398.26875125,81.325700
2025-01-01T21:28:00,60398.26875125,60438.17213848,60348.66184645,60388.55881861,30.443473
2025-01-01T21:29:00,60388.55881861,60429.50065546,60323.41285591,60364.33827188,115.153528
2025-01-01T21:30:00,60364.33827188,60468.66850502,60310.88478842,60415.17000934,35.559000
2025-01-01T21:31:00,60415.17000934,60518.46839553,60395.92751670,60499.19913925,185.732208
2025-01-01T21:32:00,60499.19913925,60509.39013773,60487.52839424,60497.71914341,99.605453
2025-01-01T21:33:00,60497.71914341,60540.30455441,60469.96379080,60512.54240114,73.488097
2025-01-01T21:34:00,60512.54240114,60525.19208828,60458.21057769,60470.85154967,107.310246
2025-01-01T21:35:00,60470.85154967,60495.01653642,60420.32171373,60444.47616051,45.472136
2025-01-01T21:36:00,60444.47616051,60537.72167639,60419.85126303,60513.06883446,110.501231
2025-01-01T21:37:00,60513.06883446,60526.63073287,60490.89837552,60504.45834419,51.265670
2025-01-01T21:38:00,60504.45834419,60584.25270877,60482.50045802,60562.27384058,120.004596
2025-01-01T21:39:00,60562.27384058,60624.75026991,60537.23661748,60599.69757536,56.695833
2025-01-01T21:40:00,60599.69757536,60720.79510098,60539.58219706,60660.61928786,50.846781
2025-01-01T21:41:00,60660.61928786,60713.42884445,60584.49363970,60637.28288022,101.375313
2025-01-01T21:42:00,60637.28288022,60657.81124665,60622.78983103,60643.31675530,113.079852
2025-01-01T21:43:00,60643.31675530,60670.86838974,60587.33667878,60614.87539167,165.488858
2025-01-01T21:44:00,60614.87539167,60632.56535548,60558.51890610,60576.19758210,111.696975
2025-01-01T21:45:00,60576.19758210,60617.78331857,60502.45635622,60544.02000268,98.146036
2025-01-01T21:46:00,60544.02000268,60556.78055538,60532.30874108,60545.06909085,106.073361
2025-01-01T21:47:00,60545.06909085,60573.19773035,60528.17149269,60556.29699858,61.747694
2025-01-01T21:48:00,60556.29699858,60577.14586954,60516.93522828,60537.77772325,94.907924
2025-01-01T21:49:00,60537.77772325,60567.29374154,60487.10478063,60516.61047854,88.575731
2025-01-01T21:50:00,60516.61047854,60532.57948506,60453.21133619,60469.16782363,230.372114
2025-01-01T21:51:00,60469.16782363,60490.67607368,60434.45426722,60455.95781861,137.057435
2025-01-01T21:52:00,60455.95781861,60498.97426483,60438.67484113,60481.68393285,102.389296
2025-01-01T21:53:00,60481.68393285,60514.51788288,60465.42662051,60498.25611599,107.365770
2025-01-01T21:54:00,60498.25611599,60555.99672547,60414.49678968,60472.21254272,74.802337
2025-01-01T21:55:00,60472.21254272,60492.30954558,60441.67418904,60461.76772073,142.335815
2025-01-01T21:56:00,60461.76772073,60527.72110893,60434.39946043,60500.33539082,97.453498
2025-01-01T21:57:00,60500.33539082,60514.90474661,60426.29081393,60440.84584378,174.275960
2025-01-01T21:58:00,60440.84584378,60479.07001294,60206.50595021,60244.60601283,196.509652
2025-01-01T21:59:00,60244.60601283,60276.79213309,60161.00581335,60193.16445058,144.996550
2025-01-01T22:00:00,60193.16445058,60207.77146153,60155.99983758,60170.60137318,55.847805
2025-01-01T22:01:00,60170.60137318,60276.06935439,60121.70312548,60227.12517206,40.744587
2025-01-01T22:02:00,60227.12517206,60289.61015815,60119.82405497,60182.26249652,141.066117
2025-01-01T22:03:00,60182.26249652,60209.05313584,60129.36588710,60156.14489995,53.592019
2025-01-01T22:04:00,60156.14489995,60192.28108645,60124.26133252,60160.39526627,102.683999
2025-01-01T22:05:00,60160.39526627,60213.59014978,60136.75637180,60189.93964640,46.885038
2025-01-01T22:06:00,60189.93964640,60237.08551936,60140.17798426,60187.32180670,68.866405
2025-01-01T22:07:00,60187.32180670,60219.41117572,60138.26422169,60170.34453913,113.639410
2025-01-01T22:08:00,60170.34453913,60205.99375699,60127.84022947,60163.48538347,77.833853
2025-01-01T22:09:00,60163.48538347,60191.25124566,60136.95397054,60164.71928859,60.369020
2025-01-01T22:10:00,60164.71928859,60225.90224120,60133.51543147,60194.68284377,75.116086
2025-01-01T22:11:00,60194.68284377,60218.21406405,60177.36075661,60200.89019062,54.808937
2025-01-01T22:12:00,60200.89019062,60217.91351246,60135.85392688,60152.86366800,104.729517
2025-01-01T22:13:00,60152.86366800,60190.35515896,60122.07011282,60159.55817672,52.585227
2025-01-01T22:14:00,60159.55817672,60188.34502250,60108.70392952,60137.48021082,148.461113
2025-01-01T22:15:00,60137.48021082,60182.96613367,60053.05145148,60098.50789702,71.425949
2025-01-01T22:16:00,60098.50789702,60153.50192418,60020.76930135,60075.74249669,48.098509
2025-01-01T22:17:00,60075.74249669,60201.65725832,60065.53640061,60191.43150816,149.432830
2025-01-01T22:18:00,60191.43150816,60219.07227241,60118.47096186,60146.09090505,111.347815
2025-01-01T22:19:00,60146.09090505,60193.29287891,60115.58741737,60162.78092678,117.496747
2025-01-01T22:20:00,60162.78092678,60176.41965971,60088.36237672,60101.98732792,165.934257
2025-01-01T22:21:00,60101.98732792,60137.58561607,60070.84411455,60106.44009539,140.888065
2025-01-01T22:22:00,60106.44009539,60149.52567878,60069.43393280,60112.51577553,57.329042
2025-01-01T22:23:00,60112.51577553,60442.34384868,60057.75119154,60387.32890042,254.173531
2025-01-01T22:24:00,60387.32890042,60422.71334506,60301.60484401,60336.95977446,96.921563
2025-01-01T22:25:00,60336.95977446,60418.04636110,60269.39505335,60350.46651528,132.482979
2025-01-01T22:26:00,60350.46651528,60385.80602627,60281.22004494,60316.53968935,66.468587
2025-01-01T22:27:00,60316.53968935,60329.27365137,60279.86979165,60292.59869928,96.897917
2025-01-01T22:28:00,60292.59869928,60317.41840669,60276.34587364,60301.16327233,77.464746
2025-01-01T22:29:00,60301.16327233,60338.70877477,60246.25774119,60283.79242797,66.010333
2025-01-01T22:30:00,60283.79242797,60301.35121529,60256.42698691,60273.98291703,76.681364
2025-01-01T22:31:00,60273.98291703,60322.76379411,60243.88933775,60292.66088930,43.517949
2025-01-01T22:32:00,60292.66088930,60303.06893914,60266.84228912,60277.24767824,111.115634
2025-01-01T22:33:00,60277.24767824,60320.10698137,60241.07539528,60283.93068795,69.120242
2025-01-01T22:34:00,60283.93068795,60344.09209690,60261.71941782,60321.86684941,122.068325
2025-01-01T22:35:00,60321.86684941,60346.98188346,60312.13002621,60337.24257839,53.588094
2025-01-01T22:36:00,60337.24257839,60355.72329038,60243.89717814,60262.35495279,123.647085
2025-01-01T22:37:00,60262.35495279,60293.17550027,60226.34536658,60257.16325882,63.694496
2025-01-01T22:38:00,60257.16325882,60287.83664550,60216.83680468,60247.50527505,100.560921
2025-01-01T22:39:00,60247.50527505,60313.42439432,60178.96323488,60244.87948118,47.902074
2025-01-01T22:40:00,60244.87948118,60299.77557717,60204.43134148,60259.31774369,124.950860
2025-01-01T22:41:00,60259.31774369,60298.97497084,60234.86828266,60274.51934196,139.014522
2025-01-01T22:42:00,60274.51934196,60318.73009105,60235.19757930,60279.40514101,96.363159
2025-01-01T22:43:00,60279.40514101,60294.59042562,60237.10296550,60252.28141724,87.883480
2025-01-01T22:44:00,60252.28141724,60302.78891128,60179.93167300,60230.42084205,79.380119
2025-01-01T22:45:00,60230.42084205,60331.09070909,60182.36019937,60282.98812055,164.348823
2025-01-01T22:46:00,60282.98812055,60340.96879119,60260.04087382,60318.00821376,63.097079
2025-01-01T22:47:00,60318.00821376,60332.76430751,60268.00345665,60282.75092511,183.915170
2025-01-01T22:48:00,60282.75092511,60327.10220760,60253.18545946,60297.52949385,38.726543
2025-01-01T22:49:00,60297.52949385,60376.40491125,60247.00061324,60325.85229635,81.196344
2025-01-01T22:50:00,60325.85229635,60335.75150566,60315.97319134,60325.87239737,58.743358
2025-01-01T22:51:00,60325.87239737,60376.16456667,60301.73505656,60352.01676508,76.857635
2025-01-01T22:52:00,60352.01676508,60377.43744095,60312.16189530,60337.57648883,58.402061
2025-01-01T22:53:00,60337.57648883,60353.03160399,60305.44138392,60320.89222551,86.399165
2025-01-01T22:54:00,60320.89222551,60369.92062339,60279.88523082,60328.90817934,50.840478
2025-01-01T22:55:00,60328.90817934,60350.81076005,60291.27756459,60313.17443312,63.896832
2025-01-01T22:56:00,60313.17443312,60324.73353868,60286.75337764,60298.30963434,95.911065
2025-01-01T22:57:00,60298.30963434,60333.23503575,60281.61510663,60316.53546193,42.682596
2025-01-01T22:58:00,60316.53546193,60390.24477026,60304.41173499,60378.10866700,151.512386
2025-01-01T22:59:00,60378.10866700,60428.60655280,60279.18679620,60329.64414817,184.975399
2025-01-01T23:00:00,60329.64414817,60369.97378182,60263.16248614,60303.47462578,69.776102
2025-01-01T23:01:00,60303.47462578,60349.46455273,60259.33476298,60305.32333674,39.891998
2025-01-01T23:02:00,60305.32333674,60347.86116966,60282.50127280,60325.03164727,141.813231
2025-01-01T23:03:00,60325.03164727,60370.42327983,60306.52863604,60351.91202380,64.511593
2025-01-01T23:04:00,60351.91202380,60445.33714299,60328.65733893,60422.05543060,107.117843
2025-01-01T23:05:00,60422.05543060,60466.39093591,60339.91398877,60384.22173310,149.409551
2025-01-01T23:06:00,60384.22173310,60426.31907534,60341.11881789,60383.21545860,80.054813
2025-01-01T23:07:00,60383.21545860,60431.39614790,60311.72794483,60359.89002241,76.283964
2025-01-01T23:08:00,60359.89002241,60369.97998187,60343.36548697,60353.45437062,47.979402
2025-01-01T23:09:00,60353.45437062,60373.47348332,60318.24240792,60338.25647951,36.962844
2025-01-01T23:10:00,60338.25647951,60435.59214013,60275.51731252,60372.81703739,57.638358
2025-01-01T23:11:00,60372.81703739,60398.41602794,60344.86007076,60370.45806107,50.929545
2025-01-01T23:12:00,60370.45806107,60395.43844533,60325.05531262,60350.02724292,77.110973
2025-01-01T23:13:00,60350.02724292,60370.42346908,60289.90142059,60310.28421498,310.238783
2025-01-01T23:14:00,60310.28421498,60324.44180047,60294.90495201,60309.06225065,151.402820
2025-01-01T23:15:00,60309.06225065,60380.76874869,60265.00331720,60336.68963198,86.558343
2025-01-01T23:16:00,60336.68963198,60371.33878836,60266.99653607,60301.62555644,57.592237
2025-01-01T23:17:00,60301.62555644,60333.99334073,60278.36651717,60310.73078946,74.888315
2025-01-01T23:18:00,60310.73078946,60323.02496194,60219.96284474,60232.24101730,243.049009
2025-01-01T23:19:00,60232.24101730,60243.76473963,60170.41678113,60181.93087805,103.405952
2025-01-01T23:20:00,60181.93087805,60229.05704425,60160.55958545,60207.67660906,58.881751
2025-01-01T23:21:00,60207.67660906,60275.23117048,60134.70013086,60202.24860192,72.540829
2025-01-01T23:22:00,60202.24860192,60249.16536642,60133.07090403,60179.97030663,166.395987
2025-01-01T23:23:00,60179.97030663,60225.64527803,60108.48466915,60154.14003607,63.871536
2025-01-01T23:24:00,60154.14003607,60181.56655867,60113.07628924,60140.49659128,301.241406
2025-01-01T23:25:00,60140.49659128,60170.59351743,60072.25909888,60102.33692827,102.337063
2025-01-01T23:26:00,60102.33692827,60134.51477663,60012.15856723,60044.30534639,144.141436
2025-01-01T23:27:00,60044.30534639,60078.73624151,59994.76463118,60029.18685699,97.166077
2025-01-01T23:28:00,60029.18685699,60072.72179447,59945.20517667,59988.71075969,178.205464
2025-01-01T23:29:00,59988.71075969,60070.38921310,59869.37446272,59951.00157266,137.899699
2025-01-01T23:30:00,59951.00157266,59995.37907915,59873.40601568,59917.75891497,69.425487
2025-01-01T23:31:00,59917.75891497,59946.28063905,59892.94423998,59921.46442943,57.002700
2025-01-01T23:32:00,59921.46442943,59940.43053125,59904.02433540,59922.98999320,89.147603
2025-01-01T23:33:00,59922.98999320,59972.19061916,59898.42630969,59947.61684059,183.805216
2025-01-01T23:34:00,59947.61684059,59986.41972167,59919.63496468,59958.43279718,58.723800
2025-01-01T23:35:00,59958.43279718,59982.84214580,59898.76732115,59923.16231100,51.120873
2025-01-01T23:36:00,59923.16231100,59975.56244872,59912.53916803,59964.93190087,100.673085
2025-01-01T23:37:00,59964.93190087,59984.81912209,59913.38664281,59933.26336123,85.879575
2025-01-01T23:38:00,59933.26336123,59960.81644632,59884.48681342,59912.03013697,76.656444
2025-01-01T23:39:00,59912.03013697,59975.50716776,59834.88213806,59898.34466905,143.801032
2025-01-01T23:40:00,59898.34466905,59947.48648705,59836.81786109,59885.94950985,59.565159
2025-01-01T23:41:00,59885.94950985,59920.08214477,59828.57689376,59862.69627525,48.779692
2025-01-01T23:42:00,59862.69627525,59939.60636380,59840.15841788,59917.04804340,103.180912
2025-01-01T23:43:00,59917.04804340,59947.34560065,59847.04438478,59877.32185415,45.307601
2025-01-01T23:44:00,59877.32185415,60004.01616668,59835.69078865,59962.32600012,116.830004
2025-01-01T23:45:00,59962.32600012,60018.22550727,59928.29981814,59984.18692010,150.195737
2025-01-01T23:46:00,59984.18692010,60065.02966735,59941.27697890,60022.09261014,134.978503
2025-01-01T23:47:00,60022.09261014,60053.58399362,60001.74597054,60033.23357739,31.784597
2025-01-01T23:48:00,60033.23357739,60060.42537767,60004.34193101,60031.53296100,78.088511
2025-01-01T23:49:00,60031.53296100,60057.20261598,59954.85560620,59980.50344081,145.865911
2025-01-01T23:50:00,59980.50344081,60019.48367472,59936.72968983,59975.70680649,50.670643
2025-01-01T23:51:00,59975.70680649,59993.83978431,59902.82535710,59920.94177733,366.774183
2025-01-01T23:52:00,59920.94177733,59996.77542161,59893.26745009,59969.07886239,130.920713
2025-01-01T23:53:00,59969.07886239,60020.24059590,59903.99710479,59955.14695250,101.583780
2025-01-01T23:54:00,59955.14695250,60035.94490753,59908.46973353,59989.24114502,60.711767
2025-01-01T23:55:00,59989.24114502,60097.00694174,59928.05513448,60035.77347057,129.333318
2025-01-01T23:56:00,60035.77347057,60073.46300797,60023.84064721,60061.52506617,176.862569
2025-01-01T23:57:00,60061.52506617,60074.97243401,60000.63105444,60014.06779692,91.376592
2025-01-01T23:58:00,60014.06779692,60026.68739272,59980.56300352,59993.17820671,143.477188
2025-01-01T23:59:00,59993.17820671,60011.99709095,59928.35054199,59947.15498950,204.603901
2025-01-02T00:00:00,59947.15498950,59969.34484686,59905.52660187,59927.70926126,114.016610
2025-01-02T00:01:00,59927.70926126,59985.72647009,59891.58756059,59949.59157975,40.765843
2025-01-02T00:02:00,59949.59157975,60016.85777542,59899.05816641,59966.31026937,96.030108
2025-01-02T00:03:00,59966.31026937,60005.05510416,59944.91380858,59983.65245553,184.873028
2025-01-02T00:04:00,59983.65245553,60039.64765691,59972.78840242,60028.77543126,148.073601
2025-01-02T00:05:00,60028.77543126,60041.53014202,59993.10972047,60005.85956215,79.217335
2025-01-02T00:06:00,60005.85956215,60053.87550847,59962.06656804,60010.07943465,178.504166
2025-01-02T00:07:00,60010.07943465,60023.24387853,59981.48429848,59994.64535658,99.535571
2025-01-02T00:08:00,59994.64535658,60036.08227006,59971.02603938,60012.45594100,124.481802
2025-01-02T00:09:00,60012.45594100,60092.48892767,59893.15610703,59973.13665726,186.508242
2025-01-02T00:10:00,59973.13665726,60077.28499589,59913.63903065,60017.74311649,141.418508
2025-01-02T00:11:00,60017.74311649,60082.91300528,60001.72877217,60066.88554843,107.288419
2025-01-02T00:12:00,60066.88554843,60136.47258340,60047.04725100,60116.61786087,228.487186
2025-01-02T00:13:00,60116.61786087,60164.13764070,60041.55828615,60089.05627965,106.977201
2025-01-02T00:14:00,60089.05627965,60118.83115712,60044.82525548,60074.59296620,42.322726
2025-01-02T00:15:00,60074.59296620,60111.14526794,60022.38899755,60058.93177027,91.953376
2025-01-02T00:16:00,60058.93177027,60111.16506283,60002.19171949,60054.42108910,43.862568
2025-01-02T00:17:00,60054.42108910,60085.64981268,60005.14972097,60036.36905737,96.083650
2025-01-02T00:18:00,60036.36905737,60047.66882014,59988.84814442,60000.14108854,217.026145
2025-01-02T00:19:00,60000.14108854,60083.06951688,59960.10198827,60043.00181494,152.400242
2025-01-02T00:20:00,60043.00181494,60061.71339785,60011.00142724,60029.70886759,102.270778
2025-01-02T00:21:00,60029.70886759,60070.80169600,60007.71002573,60048.79585941,115.743992
2025-01-02T00:22:00,60048.79585941,60167.74971797,60023.67167650,60142.58629350,118.994915
2025-01-02T00:23:00,60142.58629350,60248.52638574,60103.91528090,60209.81214765,89.676072
2025-01-02T00:24:00,60209.81214765,60270.70238157,60177.09497937,60237.96991275,108.335238
2025-01-02T00:25:00,60237.96991275,60283.14326750,60177.85594609,60223.01808825,113.457395
2025-01-02T00:26:00,60223.01808825,60288.68869483,60188.90443490,60254.55717600,50.173191
2025-01-02T00:27:00,60254.55717600,60279.35973144,60196.44835388,60221.23719383,110.451289
2025-01-02T00:28:00,60221.23719383,60247.64956026,60121.82331017,60148.20364490,70.885881
2025-01-02T00:29:00,60148.20364490,60194.42612632,60099.89544868,60146.11632605,100.160330
2025-01-02T00:30:00,60146.11632605,60180.50039298,60091.63717102,60126.00974351,121.529392
2025-01-02T00:31:00,60126.00974351,60171.33196094,60091.89342620,60137.20928886,58.663695
2025-01-02T00:32:00,60137.20928886,60154.11978729,60074.71151258,60091.60918832,92.728203
2025-01-02T00:33:00,60091.60918832,60177.32035112,60057.82925041,60143.51123695,154.772009
2025-01-02T00:34:00,60143.51123695,60274.15968802,60091.89619171,60222.47687462,73.986144
2025-01-02T00:35:00,60222.47687462,60291.37906890,60188.54360521,60257.42610682,60.443527
2025-01-02T00:36:00,60257.42610682,60275.91749963,60218.30888502,60236.79394637,48.224900
2025-01-02T00:37:00,60236.79394637,60318.31933497,60184.23528958,60265.73542575,151.771987
2025-01-02T00:38:00,60265.73542575,60321.40585058,60238.51933865,60294.17691926,50.735865
2025-01-02T00:39:00,60294.17691926,60341.02813690,60239.83050497,60286.67589399,78.733972
2025-01-02T00:40:00,60286.67589399,60359.20781754,60259.06187909,60331.57323764,207.066275
2025-01-02T00:41:00,60331.57323764,60355.05581577,60279.75263688,60303.22418084,74.221579
2025-01-02T00:42:00,60303.22418084,60376.05104916,60215.25510988,60288.06366918,45.087509
2025-01-02T00:43:00,60288.06366918,60336.71198826,60267.24939633,60315.88810911,189.376855
2025-01-02T00:44:00,60315.88810911,60359.46066197,60297.72783913,60341.29274301,94.998132
2025-01-02T00:45:00,60341.29274301,60409.96111293,60259.18532746,60327.83838633,44.937048
2025-01-02T00:46:00,60327.83838633,60373.51279847,60266.02819327,60311.69037970,41.786591
2025-01-02T00:47:00,60311.69037970,60325.96187313,60271.23830334,60285.50360022,104.228841
2025-01-02T00:48:00,60285.50360022,60299.65612362,60255.86840743,60270.01729530,54.071262
2025-01-02T00:49:00,60270.01729530,60321.79968478,60242.57839147,60294.34970323,87.852199
2025-01-02T00:50:00,60294.34970323,60341.15836199,60280.75030943,60327.55147952,141.741752
2025-01-02T00:51:00,60327.55147952,60503.05110690,60316.29913628,60491.76813384,398.838303
2025-01-02T00:52:00,60491.76813384,60547.23660429,60476.14108538,60531.59926611,100.381435
2025-01-02T00:53:00,60531.59926611,60556.45900728,60488.15798955,60513.01009633,57.074168
2025-01-02T00:54:00,60513.01009633,60575.31669284,60485.50732834,60547.79811392,98.626928
2025-01-02T00:55:00,60547.79811392,60609.57716409,60517.09622289,60578.85952279,109.952426
2025-01-02T00:56:00,60578.85952279,60601.68461906,60537.43657433,60560.25466060,48.504777
2025-01-02T00:57:00,60560.25466060,60596.91947328,60537.76783387,60574.42738403,73.114947
2025-01-02T00:58:00,60574.42738403,60615.26434435,60552.45686998,60593.28698987,46.347851
2025-01-02T00:59:00,60593.28698987,60660.57338325,60526.90162311,60594.18703042,43.187192
2025-01-02T01:00:00,60594.18703042,60621.33223606,60557.38110951,60584.52198537,91.231848
2025-01-02T01:01:00,60584.52198537,60616.64803005,60549.46640030,60581.59089071,125.162397
2025-01-02T01:02:00,60581.59089071,60674.94843963,60548.80164184,60642.12642643,119.968594
2025-01-02T01:03:00,60642.12642643,60699.16463017,60592.98793044,60650.01973820,68.559358
2025-01-02T01:04:00,60650.01973820,60663.10317939,60584.39991418,60597.47201976,65.227304
2025-01-02T01:05:00,60597.47201976,60655.88336486,60542.89060390,60601.29850241,95.397368
2025-01-02T01:06:00,60601.29850241,60657.17395234,60532.66237244,60588.52604595,78.103152
2025-01-02T01:07:00,60588.52604595,60647.46877532,60577.76962355,60636.70379981,85.748220
2025-01-02T01:08:00,60636.70379981,60767.70751675,60608.19257528,60739.14812315,135.133504
2025-01-02T01:09:00,60739.14812315,60765.66990361,60725.36306942,60751.88195987,51.808279
2025-01-02T01:10:00,60751.88195987,60792.19946904,60718.73560033,60759.04919905,74.557093
2025-01-02T01:11:00,60759.04919905,60788.11789749,60724.77402664,60753.84023298,58.481251
2025-01-02T01:12:00,60753.84023298,60770.50743450,60736.38663097,60753.05361669,44.218425
2025-01-02T01:13:00,60753.05361669,60785.44207890,60737.24032658,60769.62447559,139.935999
2025-01-02T01:14:00,60769.62447559,60790.11411252,60747.72762813,60768.21679042,90.731565
2025-01-02T01:15:00,60768.21679042,60815.69951059,60697.55932632,60745.02392419,137.461471
2025-01-02T01:16:00,60745.02392419,60782.11070426,60678.10490743,60715.17346284,42.018589
2025-01-02T01:17:00,60715.17346284,60797.67792356,60673.89139482,60756.36784624,220.163183
2025-01-02T01:18:00,60756.36784624,60779.81344898,60724.29002105,60747.73229137,78.447089
2025-01-02T01:19:00,60747.73229137,60836.68767358,60646.85835096,60735.79625475,92.226421
2025-01-02T01:20:00,60735.79625475,60795.24841483,60695.13255909,60754.57214837,144.566609
2025-01-02T01:21:00,60754.57214837,60821.23013143,60676.59464573,60743.24019573,30.830574
2025-01-02T01:22:00,60743.24019573,60752.48833484,60730.61272964,60739.86035418,82.920657
2025-01-02T01:23:00,60739.86035418,60803.80140309,60721.02045501,60784.94751908,189.243104
2025-01-02T01:24:00,60784.94751908,60818.46495428,60714.49040779,60747.98746284,135.744838
2025-01-02T01:25:00,60747.98746284,60793.55181400,60712.28033860,60757.83889918,56.352099
2025-01-02T01:26:00,60757.83889918,60821.43547461,60708.27100490,60771.85614469,119.270025
2025-01-02T01:27:00,60771.85614469,60812.46007955,60724.20340574,60764.80262788,34.770795
2025-01-02T01:28:00,60764.80262788,60779.18910722,60734.68222491,60749.06497826,126.521526
2025-01-02T01:29:00,60749.06497826,60811.02607749,60702.86051098,60764.80963515,137.668981
2025-01-02T01:30:00,60764.80963515,60808.68206238,60755.47761057,60799.34473403,86.875071
2025-01-02T01:31:00,60799.34473403,60840.92370659,60749.75947429,60791.33296782,61.442858
2025-01-02T01:32:00,60791.33296782,60808.64585177,60772.47863383,60789.79107866,93.727949
2025-01-02T01:33:00,60789.79107866,60826.53844390,60777.05694236,60813.79927841,341.583203
2025-01-02T01:34:00,60813.79927841,60882.71756851,60758.80609219,60827.71180136,107.237935
2025-01-02T01:35:00,60827.71180136,60881.32773994,60739.38693573,60792.97225351,120.402904
2025-01-02T01:36:00,60792.97225351,60831.40339800,60763.04666873,60801.47362839,193.920160
2025-01-02T01:37:00,60801.47362839,60843.92831056,60776.24357705,60818.69111469,29.009246
2025-01-02T01:38:00,60818.69111469,60858.48575185,60800.16368146,60839.95184189,120.472139
2025-01-02T01:39:00,60839.95184189,60851.65515052,60777.91609595,60789.60972066,73.515266
2025-01-02T01:40:00,60789.60972066,60805.08964030,60767.89461697,60783.37294843,77.831406
2025-01-02T01:41:00,60783.37294843,60846.33561450,60740.27515366,60803.22374473,149.028894
2025-01-02T01:42:00,60803.22374473,60845.81231644,60788.61725097,60831.19910228,43.508423
2025-01-02T01:43:00,60831.19910228,60936.79886959,60816.16943053,60921.74682606,95.334977
2025-01-02T01:44:00,60921.74682606,60975.17538518,60883.30031160,60936.71942182,75.801458
2025-01-02T01:45:00,60936.71942182,60959.38953120,60908.16601077,60930.83393060,106.955330
2025-01-02T01:46:00,60930.83393060,61023.41249374,60886.73476239,60979.27826357,79.113839
2025-01-02T01:47:00,60979.27826357,61014.38384970,60957.42882055,60992.52965858,41.215672
2025-01-02T01:48:00,60992.52965858,61066.10568812,60952.07393002,61025.62800576,153.855031
2025-01-02T01:49:00,61025.62800576,61118.35009527,60983.25805665,61075.94521104,83.076058
2025-01-02T01:50:00,61075.94521104,61196.26444491,61026.73491315,61146.99689902,142.435794
2025-01-02T01:51:00,61146.99689902,61254.89404594,61109.81372130,61217.66789355,141.542377
2025-01-02T01:52:00,61217.66789355,61233.78762466,61160.52317309,61176.63209873,45.509178
2025-01-02T01:53:00,61176.63209873,61232.87883481,61104.31409781,61160.54604413,185.271799
2025-01-02T01:54:00,61160.54604413,61176.18227485,61150.55145032,61166.18675926,32.557919
2025-01-02T01:55:00,61166.18675926,61199.57981241,61122.16565487,61155.55290258,115.917379
2025-01-02T01:56:00,61155.55290258,61223.21428577,61131.87485254,61199.51921296,87.024872
2025-01-02T01:57:00,61199.51921296,61234.25654592,61189.77889174,61224.51224689,69.446630
2025-01-02T01:58:00,61224.51224689,61259.80316950,61180.78416521,61216.07022169,38.662711
2025-01-02T01:59:00,61216.07022169,61241.91504709,61179.54812995,61205.38844561,75.632422
2025-01-02T02:00:00,61205.38844561,61224.69803210,61128.60931035,61147.90076015,130.155270
2025-01-02T02:01:00,61147.90076015,61176.52078256,61077.33188054,61105.93225977,126.821418
2025-01-02T02:02:00,61105.93225977,61227.75348958,61095.22005082,61217.02180602,473.699340
2025-01-02T02:03:00,61217.02180602,61244.75686338,61203.33811028,61231.07002748,111.910902
2025-01-02T02:04:00,61231.07002748,61326.23908514,61180.35075903,61275.48302826,160.502804
2025-01-02T02:05:00,61275.48302826,61301.79240967,61258.22103595,61284.52786932,67.657170
2025-01-02T02:06:00,61284.52786932,61334.81001910,61269.65044775,61319.92400477,111.653264
2025-01-02T02:07:00,61319.92400477,61414.97792919,61264.20282374,61359.22103909,90.091290
2025-01-02T02:08:00,61359.22103909,61427.20988493,61333.70711167,61401.67830324,74.416132
2025-01-02T02:09:00,61401.67830324,61457.13116343,61347.64153060,61403.09314565,52.208866
2025-01-02T02:10:00,61403.09314565,61452.50016534,61326.67815398,61376.06342463,74.198950
2025-01-02T02:11:00,61376.06342463,61399.97314509,61362.16996522,61386.07741885,75.584097
2025-01-02T02:12:00,61386.07741885,61459.68528365,61341.47958079,61415.06638471,117.407428
2025-01-02T02:13:00,61415.06638471,61478.35207119,61390.33583042,61453.60599782,93.393687
2025-01-02T02:14:00,61453.60599782,61512.51015221,61438.86992971,61497.76349550,72.736021
2025-01-02T02:15:00,61497.76349550,61519.92524281,61461.86867789,61484.02547447,120.946975
2025-01-02T02:16:00,61484.02547447,61572.69084680,61433.02614282,61521.66029809,66.403623
2025-01-02T02:17:00,61521.66029809,61558.43162059,61498.06191390,61534.82818548,89.893395
2025-01-02T02:18:00,61534.82818548,61565.20048480,61518.73617643,61549.10474227,54.788388
2025-01-02T02:19:00,61549.10474227,61618.48980038,61525.30259476,61594.67003194,76.425239
2025-01-02T02:20:00,61594.67003194,61609.22087418,61578.20847118,61592.75886193,86.408499
2025-01-02T02:21:00,61592.75886193,61640.61755558,61576.85161918,61624.70206302,52.309593
2025-01-02T02:22:00,61624.70206302,61660.70497577,61585.49307070,61621.49410928,141.112049
2025-01-02T02:23:00,61621.49410928,61693.45639387,61605.34387271,61677.29153348,87.169486
2025-01-02T02:24:00,61677.29153348,61769.09619953,61638.83318663,61730.60460977,125.758296
2025-01-02T02:25:00,61730.60460977,61767.28164268,61640.84803921,61677.49351634,68.227570
2025-01-02T02:26:00,61677.49351634,61709.65709940,61660.31076973,61692.47018044,133.287789
2025-01-02T02:27:00,61692.47018044,61811.08861143,61623.95717577,61742.52002356,182.459220
2025-01-02T02:28:00,61742.52002356,61794.14569135,61722.71892413,61774.33438891,77.541517
2025-01-02T02:29:00,61774.33438891,61832.30476528,61742.37042667,61800.32735348,125.930779
2025-01-02T02:30:00,61800.32735348,61861.35254572,61754.96450937,61815.97821353,38.998477
2025-01-02T02:31:00,61815.97821353,61826.01572702,61748.24389234,61758.27203565,219.094530
2025-01-02T02:32:00,61758.27203565,61838.59210794,61739.82052251,61820.12211586,76.069658
2025-01-02T02:33:00,61820.12211586,61858.08433848,61804.35013512,61842.30669785,76.439128
2025-01-02T02:34:00,61842.30669785,61922.72554837,61790.79985767,61871.19464817,89.094458
2025-01-02T02:35:00,61871.19464817,61947.07711039,61834.30181500,61910.16104217,51.151787
2025-01-02T02:36:00,61910.16104217,62001.82651195,61887.59890691,61979.23920230,80.271395
2025-01-02T02:37:00,61979.23920230,62095.11524481,61914.31043928,62030.13316583,146.861904
2025-01-02T02:38:00,62030.13316583,62094.97441635,61963.40844931,62028.24772895,88.719469
2025-01-02T02:39:00,62028.24772895,62060.25704292,61998.52312244,62030.53134208,56.658778
2025-01-02T02:40:00,62030.53134208,62046.12019815,62007.95667548,62023.54377550,70.398096
2025-01-02T02:41:00,62023.54377550,62041.17509736,61961.85481465,61979.47360876,101.547287
2025-01-02T02:42:00,61979.47360876,62049.28407528,61904.68932619,61974.49418415,91.922625
2025-01-02T02:43:00,61974.49418415,62004.75976405,61933.81618335,61964.07667581,73.013289
2025-01-02T02:44:00,61964.07667581,61976.64972543,61928.00827973,61940.57656098,52.647186
2025-01-02T02:45:00,61940.57656098,61968.33773695,61897.49366504,61925.24797089,90.610408
2025-01-02T02:46:00,61925.24797089,61978.02866521,61905.92674987,61958.69700780,93.445135
2025-01-02T02:47:00,61958.69700780,62078.29640897,61899.75036839,62019.29212022,72.969767
2025-01-02T02:48:00,62019.29212022,62048.68727183,62004.80521658,62034.19688663,46.287974
2025-01-02T02:49:00,62034.19688663,62100.07024617,62000.80623917,62066.66212390,31.618163
2025-01-02T02:50:00,62066.66212390,62173.50938618,62025.07939409,62131.88296044,155.061440
2025-01-02T02:51:00,62131.88296044,62164.33079911,62082.37010382,62114.80902578,96.778935
2025-01-02T02:52:00,62114.80902578,62148.28537181,62074.55220568,62108.02489545,66.508426
2025-01-02T02:53:00,62108.02489545,62166.63819614,62062.65203666,62121.25567164,109.450214
2025-01-02T02:54:00,62121.25567164,62202.24297027,61999.31113290,62080.24496599,207.722831
2025-01-02T02:55:00,62080.24496599,62103.81575507,62052.48552137,62076.05471948,60.449951
2025-01-02T02:56:00,62076.05471948,62127.15621406,62066.05279453,62117.14766806,60.350665
2025-01-02T02:57:00,62117.14766806,62147.74588644,62105.46954547,62136.06420751,156.928666
2025-01-02T02:58:00,62136.06420751,62150.08989740,62106.03164974,62120.05372567,81.419548
2025-01-02T02:59:00,62120.05372567,62166.93044626,62061.43671883,62108.30457333,69.000758
2025-01-02T03:00:00,62108.30457333,62126.39029414,62053.86418634,62071.93931771,68.179248
2025-01-02T03:01:00,62071.93931771,62088.66236419,62039.76497939,62056.48386196,84.356415
2025-01-02T03:02:00,62056.48386196,62133.35651647,62012.69449682,62089.54382300,61.200212
2025-01-02T03:03:00,62089.54382300,62187.10666902,62055.80994214,62153.33812807,158.099470
2025-01-02T03:04:00,62153.33812807,62193.22997371,62089.29578895,62129.17212413,86.461217
2025-01-02T03:05:00,62129.17212413,62161.80979353,62114.32156118,62146.95497999,87.442740
2025-01-02T03:06:00,62146.95497999,62183.95415481,62104.82717400,62141.82329367,67.180311
2025-01-02T03:07:00,62141.82329367,62196.80264205,62103.49493995,62158.46402452,55.690494
2025-01-02T03:08:00,62158.46402452,62567.26224620,62106.05320696,62514.55118282,374.407025
2025-01-02T03:09:00,62514.55118282,62543.72837953,62473.13586660,62502.30734878,81.625966
2025-01-02T03:10:00,62502.30734878,62527.00510519,62472.71814552,62497.41396831,62.749328
2025-01-02T03:11:00,62497.41396831,62530.79706124,62430.89175157,62464.25713372,38.505536
2025-01-02T03:12:00,62464.25713372,62501.81273643,62387.67134650,62425.20346883,84.677054
2025-01-02T03:13:00,62425.20346883,62487.67759635,62372.92866464,62435.39425841,37.576004
2025-01-02T03:14:00,62435.39425841,62473.98170571,62355.28376068,62393.84552929,139.297137
2025-01-02T03:15:00,62393.84552929,62414.11657595,62370.64711673,62390.91721202,34.312819
2025-01-02T03:16:00,62390.91721202,62420.20809591,62276.95910998,62306.21022619,181.111697
2025-01-02T03:17:00,62306.21022619,62331.44033812,62270.77320628,62295.99918338,197.064372
2025-01-02T03:18:00,62295.99918338,62345.83192844,62261.63980613,62311.46402155,56.923404
2025-01-02T03:19:00,62311.46402155,62340.17852126,62284.86035416,62313.57395303,53.306070
2025-01-02T03:20:00,62313.57395303,62363.83289438,62277.03915165,62327.29005117,88.680777
2025-01-02T03:21:00,62327.29005117,62364.41093302,62230.91366824,62267.99923768,112.269056
2025-01-02T03:22:00,62267.99923768,62333.84654839,62183.56945929,62249.39709857,166.001461
2025-01-02T03:23:00,62249.39709857,62302.58442894,62223.20353819,62276.37951478,72.377327
2025-01-02T03:24:00,62276.37951478,62306.71913785,62216.44291052,62246.76810759,119.043914
2025-01-02T03:25:00,62246.76810759,62300.08356597,62148.84354020,62202.12075734,124.335238
2025-01-02T03:26:00,62202.12075734,62229.84792386,62174.74711013,62202.47412115,106.275793
2025-01-02T03:27:00,62202.47412115,62222.04343743,62125.75875814,62145.31009023,90.994529
2025-01-02T03:28:00,62145.31009023,62225.02429824,62100.19405543,62179.88316420,104.490814
2025-01-02T03:29:00,62179.88316420,62250.05793229,62128.45064327,62198.60992140,74.654294
2025-01-02T03:30:00,62198.60992140,62231.69579629,62165.18704062,62198.27273615,59.830046
2025-01-02T03:31:00,62198.27273615,62254.26252979,62102.03388009,62157.98740959,71.113883
2025-01-02T03:32:00,62157.98740959,62201.70708838,62143.22644850,62186.93925197,175.914216
2025-01-02T03:33:00,62186.93925197,62250.38081357,62167.28963853,62230.71736728,97.478739
2025-01-02T03:34:00,62230.71736728,62263.54195905,62202.32960900,62235.15217775,47.262929
2025-01-02T03:35:00,62235.15217775,62302.95503876,62223.28777504,62291.07997407,68.761660
2025-01-02T03:36:00,62291.07997407,62318.38736503,62256.67690176,62283.98118072,58.863359
2025-01-02T03:37:00,62283.98118072,62340.42500027,62240.20775451,62296.64267552,105.756538
2025-01-02T03:38:00,62296.64267552,62338.98047164,62226.60132299,62268.92027852,122.281347
2025-01-02T03:39:00,62268.92027852,62329.88160575,62249.76347353,62310.71194371,84.093792
2025-01-02T03:40:00,62310.71194371,62330.92942424,62249.80600838,62270.01028276,107.690964
2025-01-02T03:41:00,62270.01028276,62282.80565162,62243.32309913,62256.11561289,36.530185
2025-01-02T03:42:00,62256.11561289,62269.72900967,62215.64662816,62229.25415121,78.255681
2025-01-02T03:43:00,62229.25415121,62250.37422052,62186.93982470,62208.05269842,74.569234
2025-01-02T03:44:00,62208.05269842,62258.83305247,62167.16207638,62217.93593398,74.091849
2025-01-02T03:45:00,62217.93593398,62314.87560532,62180.50418495,62277.40807647,79.246323
2025-01-02T03:46:00,62277.40807647,62312.36310758,62254.74205027,62289.69261039,212.356220
2025-01-02T03:47:00,62289.69261039,62316.58907677,62268.71387894,62295.60835294,73.874260
2025-01-02T03:48:00,62295.60835294,62313.28457349,62277.41276629,62295.08883942,54.677167
2025-01-02T03:49:00,62295.08883942,62349.33286834,62221.52872582,62275.75592042,89.567773
2025-01-02T03:50:00,62275.75592042,62299.15762086,62247.91206106,62271.31209160,96.938874
2025-01-02T03:51:00,62271.31209160,62283.42342556,62237.77634355,62249.88350979,84.149462
2025-01-02T03:52:00,62249.88350979,62299.66730329,62209.41553333,62259.19327465,152.174944
2025-01-02T03:53:00,62259.19327465,62310.05555103,62172.87428740,62223.70757394,213.536442
2025-01-02T03:54:00,62223.70757394,62243.22231777,62203.34155324,62222.85603001,34.372195
2025-01-02T03:55:00,62222.85603001,62237.55631910,62178.82838995,62193.52174875,47.365349
2025-01-02T03:56:00,62193.52174875,62242.36268749,62151.41000206,62200.24638748,159.277844
2025-01-02T03:57:00,62200.24638748,62236.44178623,62182.01424368,62218.20437857,69.857306
2025-01-02T03:58:00,62218.20437857,62240.20242911,62183.18754887,62205.18099482,43.711654
2025-01-02T03:59:00,62205.18099482,62276.51862422,62104.80436379,62176.10865269,51.821813
2025-01-02T04:00:00,62176.10865269,62210.33499355,62158.53767294,62192.75930833,77.701270
2025-01-02T04:01:00,62192.75930833,62207.09586492,62140.55654411,62154.88436984,51.510002
2025-01-02T04:02:00,62154.88436984,62179.16869403,62119.93572942,62144.21588537,70.004211
2025-01-02T04:03:00,62144.21588537,62163.00386411,62098.53243841,62117.31228342,25.469848
2025-01-02T04:04:00,62117.31228342,62154.62992461,62091.36794557,62128.68083849,49.203534
2025-01-02T04:05:00,62128.68083849,62139.53442256,62105.23905436,62116.09043894,62.316664
2025-01-02T04:06:00,62116.09043894,62221.99487938,62068.34307165,62174.20284227,75.753500
2025-01-02T04:07:00,62174.20284227,62239.43059870,62101.43958531,62166.65942785,64.798441
2025-01-02T04:08:00,62166.65942785,62241.80195482,62107.25169358,62182.37919842,79.815044
2025-01-02T04:09:00,62182.37919842,62246.75320204,62135.75160185,62200.11230826,117.543097
2025-01-02T04:10:00,62200.11230826,62277.96325805,62157.39163064,62235.21846859,114.503861
2025-01-02T04:11:00,62235.21846859,62270.80198116,62184.75876220,62220.33376431,99.399185
2025-01-02T04:12:00,62220.33376431,62335.01903040,62201.33035856,62315.98641030,51.480932
2025-01-02T04:13:00,62315.98641030,62362.52587662,62305.07748342,62351.61071340,95.044251
2025-01-02T04:14:00,62351.61071340,62420.72154132,62337.74125427,62406.83979706,74.688458
2025-01-02T04:15:00,62406.83979706,62469.23338760,62350.05606251,62412.44455331,101.750612
2025-01-02T04:16:00,62412.44455331,62423.30322362,62373.48994503,62384.34372629,107.413288
2025-01-02T04:17:00,62384.34372629,62406.89533070,62303.38093949,62325.91142095,89.409933
2025-01-02T04:18:00,62325.91142095,62382.32200466,62237.95428133,62294.33628670,92.182803
2025-01-02T04:19:00,62294.33628670,62308.42090463,62235.41345184,62249.48792965,96.178289
2025-01-02T04:20:00,62249.48792965,62295.69793579,62239.19407255,62285.39814042,118.660544
2025-01-02T04:21:00,62285.39814042,62302.59687304,62250.82779136,62268.02172587,137.466207
2025-01-02T04:22:00,62268.02172587,62316.20413165,62244.92873800,62293.10184247,130.981148
2025-01-02T04:23:00,62293.10184247,62380.49269236,62279.30401551,62366.67856827,210.903222
2025-01-02T04:24:00,62366.67856827,62407.97431470,62306.79821443,62348.08164701,66.724111
2025-01-02T04:25:00,62348.08164701,62377.88047331,62275.23268335,62305.01092430,132.704935
2025-01-02T04:26:00,62305.01092430,62325.21863028,62009.88132541,62029.99983562,402.382053
2025-01-02T04:27:00,62029.99983562,62060.54575437,61993.87395861,62024.41712822,47.365274
2025-01-02T04:28:00,62024.41712822,62072.64252985,62007.46431528,62055.68117166,69.644404
2025-01-02T04:29:00,62055.68117166,62117.86056868,61983.21809617,62045.38717866,96.571403
2025-01-02T04:30:00,62045.38717866,62092.83985551,62024.92164337,62072.36542150,51.110970
2025-01-02T04:31:00,62072.36542150,62115.71123696,62053.73099405,62097.06939325,48.441600
2025-01-02T04:32:00,62097.06939325,62128.10436382,62046.44973150,62077.47490910,54.881431
2025-01-02T04:33:00,62077.47490910,62109.10289918,62040.11737894,62071.74244837,87.807541
2025-01-02T04:34:00,62071.74244837,62100.58708928,62001.00336968,62029.82853326,54.655026
2025-01-02T04:35:00,62029.82853326,62050.09014010,62008.73746978,62028.99880560,83.827229
2025-01-02T04:36:00,62028.99880560,62077.48999245,61934.70037861,61983.15572763,64.377494
2025-01-02T04:37:00,61983.15572763,62051.22833078,61887.99391959,61956.03673949,86.273476
2025-01-02T04:38:00,61956.03673949,61978.74862065,61906.31691824,61929.01889518,262.214095
2025-01-02T04:39:00,61929.01889518,61960.12073854,61851.39242253,61882.47088866,87.316004
2025-01-02T04:40:00,61882.47088866,61892.84187671,61858.10953114,61868.47817412,84.599313
2025-01-02T04:41:00,61868.47817412,61909.78303981,61832.02740013,61873.32940764,121.150384
2025-01-02T04:42:00,61873.32940764,61900.13972005,61860.99073778,61887.79816486,94.167192
2025-01-02T04:43:00,61887.79816486,61936.85857287,61865.55242018,61914.60319305,78.161975
2025-01-02T04:44:00,61914.60319305,61965.29219812,61864.57769912,61915.26616852,66.944336
2025-01-02T04:45:00,61915.26616852,61972.12669159,61832.17023119,61889.00663856,105.208125
2025-01-02T04:46:00,61889.00663856,61948.35769968,61879.71497310,61939.05851972,74.267284
2025-01-02T04:47:00,61939.05851972,61956.81373747,61861.51741289,61879.25548773,144.722323
2025-01-02T04:48:00,61879.25548773,61937.51742875,61796.54189841,61854.78079548,76.052009
2025-01-02T04:49:00,61854.78079548,61938.95921028,61799.37841689,61883.53108050,34.201337
2025-01-02T04:50:00,61883.53108050,61901.76570238,61831.97690129,61850.20170233,93.879819
2025-01-02T04:51:00,61850.20170233,61886.06704559,61777.28927278,61813.13312092,88.255395
2025-01-02T04:52:00,61813.13312092,61868.38959452,61798.60531630,61853.85221977,290.700353
2025-01-02T04:53:00,61853.85221977,61868.62518002,61835.46575346,61850.23785047,136.611013
2025-01-02T04:54:00,61850.23785047,61881.11645805,61818.45698674,61849.33514365,31.495319
2025-01-02T04:55:00,61849.33514365,61859.12022318,61811.76890252,61821.54958615,82.848123
2025-01-02T04:56:00,61821.54958615,61851.85691636,61777.31263781,61807.61313583,50.918581
2025-01-02T04:57:00,61807.61313583,61848.25829049,61776.95723532,61817.59743788,58.586714
2025-01-02T04:58:00,61817.59743788,61892.60810226,61788.64055931,61863.62966107,99.807130
2025-01-02T04:59:00,61863.62966107,61901.57507852,61760.26649767,61798.17176508,125.974224
2025-01-02T05:00:00,61798.17176508,61867.99781100,61694.08471668,61763.87200714,112.126057
2025-01-02T05:01:00,61763.87200714,61855.48305230,61739.80855038,61831.39328898,237.073350
2025-01-02T05:02:00,61831.39328898,61926.97813489,61745.50303186,61841.07442966,94.942699
2025-01-02T05:03:00,61841.07442966,61880.97579302,61821.89151973,61861.78645828,118.852324
2025-01-02T05:04:00,61861.78645828,61932.58577721,61837.77022372,61908.55138738,179.385368
2025-01-02T05:05:00,61908.55138738,62015.27712846,61847.25240151,61953.93320761,135.348643
2025-01-02T05:06:00,61953.93320761,62013.85103456,61942.15270868,62002.06138408,76.976042
2025-01-02T05:07:00,62002.06138408,62029.17935608,61973.52546797,62000.64281953,38.463310
2025-01-02T05:08:00,62000.64281953,62039.34630920,61930.78580222,61969.46983236,77.865964
2025-01-02T05:09:00,61969.46983236,61981.80567654,61948.24202718,61960.57610095,92.446631
2025-01-02T05:10:00,61960.57610095,62026.32695461,61920.48882665,61986.22308721,65.807141
2025-01-02T05:11:00,61986.22308721,62000.87675736,61957.97159231,61972.62204715,71.667999
2025-01-02T05:12:00,61972.62204715,62002.78894169,61958.58843192,61988.75167393,67.527262
2025-01-02T05:13:00,61988.75167393,62044.13079614,61942.73051708,61998.10269699,115.512995
2025-01-02T05:14:00,61998.10269699,62017.21633995,61979.00688736,61998.12052483,99.136367
2025-01-02T05:15:00,61998.12052483,62061.03494518,61975.47560545,62038.37532266,57.419550
2025-01-02T05:16:00,62038.37532266,62085.14616212,62018.48982018,62065.25204470,75.819600
2025-01-02T05:17:00,62065.25204470,62114.61790514,61990.21894982,62039.56437864,101.763658
2025-01-02T05:18:00,62039.56437864,62115.84829787,62011.78595528,62088.04816573,86.949516
2025-01-02T05:19:00,62088.04816573,62190.22740892,62059.73902904,62161.88460641,158.181629
2025-01-02T05:20:00,62161.88460641,62229.62628966,62135.76260635,62203.48680731,85.097318
2025-01-02T05:21:00,62203.48680731,62263.51287617,62186.92946482,62246.94396624,96.347297
2025-01-02T05:22:00,62246.94396624,62372.84006134,62178.46527432,62304.29827318,194.037408
2025-01-02T05:23:00,62304.29827318,62382.47591193,62263.02983037,62341.18303778,102.552432
2025-01-02T05:24:00,62341.18303778,62401.57594484,62289.73963972,62350.12516781,69.624382
2025-01-02T05:25:00,62350.12516781,62381.71527393,62254.68950531,62286.24724726,106.932311
2025-01-02T05:26:00,62286.24724726,62299.26671675,62266.06142277,62279.07939399,79.566216
2025-01-02T05:27:00,62279.07939399,62348.39539314,62212.36542980,62281.67864462,48.480434
2025-01-02T05:28:00,62281.67864462,62332.25724050,62265.44069991,62316.01034491,72.690482
2025-01-02T05:29:00,62316.01034491,62344.71400698,62260.32221536,62289.01344226,58.084909
2025-01-02T05:30:00,62289.01344226,62307.03193410,62236.20621056,62254.21463607,26.281238
2025-01-02T05:31:00,62254.21463607,62319.88068191,62202.34020582,62267.99476912,106.575128
2025-01-02T05:32:00,62267.99476912,62304.89559481,62211.00082052,62247.88973170,114.122299
2025-01-02T05:33:00,62247.88973170,62349.96373601,62218.97350128,62321.01353713,147.366132
2025-01-02T05:34:00,62321.01353713,62353.72452231,62297.40186088,62330.10939989,33.262158
2025-01-02T05:35:00,62330.10939989,62376.95206319,62295.08828231,62341.92430722,118.930687
2025-01-02T05:36:00,62341.92430722,62355.14581372,62316.26597665,62329.48484498,46.974843
2025-01-02T05:37:00,62329.48484498,62373.01669030,62241.77637862,62285.27734876,67.528877
2025-01-02T05:38:00,62285.27734876,62296.21317732,62209.87679341,62220.80130150,79.465008
2025-01-02T05:39:00,62220.80130150,62269.05856136,62203.93459694,62252.18334981,82.952077
2025-01-02T05:40:00,62252.18334981,62298.09277635,62153.91056202,62199.78134339,149.053215
2025-01-02T05:41:00,62199.78134339,62252.39261876,62116.15010106,62168.73511618,75.905572
2025-01-02T05:42:00,62168.73511618,62190.06055144,62150.06744552,62171.39208296,50.586886
2025-01-02T05:43:00,62171.39208296,62229.37064285,62087.60193990,62145.55640647,83.191361
2025-01-02T05:44:00,62145.55640647,62168.64247815,62088.62234823,62111.69584125,66.792469
2025-01-02T05:45:00,62111.69584125,62147.54355782,62095.75313113,62131.59573984,54.684024
2025-01-02T05:46:00,62131.59573984,62147.50776750,62089.52702769,62105.43235486,102.528016
2025-01-02T05:47:00,62105.43235486,62154.92111297,62027.48911786,62076.95518392,100.259332
2025-01-02T05:48:00,62076.95518392,62096.28627253,62034.05365730,62053.37740367,54.807502
2025-01-02T05:49:00,62053.37740367,62073.96765818,62000.96868204,62021.54837520,85.264622
2025-01-02T05:50:00,62021.54837520,62046.24335318,62002.95550828,62027.64865752,46.194059
2025-01-02T05:51:00,62027.64865752,62046.08979983,62008.06983086,62026.51063483,89.858273
2025-01-02T05:52:00,62026.51063483,62062.08518900,62006.77030821,62042.33982464,39.341343
2025-01-02T05:53:00,62042.33982464,62075.51570922,62028.90816637,62062.07977741,232.278880
2025-01-02T05:54:00,62062.07977741,62075.23596388,62043.88754491,62057.04266360,55.280265
2025-01-02T05:55:00,62057.04266360,62114.88675912,61973.64797422,62031.46823151,135.227220
2025-01-02T05:56:00,62031.46823151,62049.65190808,62008.97295215,62027.15536445,71.186050
2025-01-02T05:57:00,62027.15536445,62059.83042671,61983.14090549,62015.80999116,63.779406
2025-01-02T05:58:00,62015.80999116,62052.98070840,61995.84282655,62033.00800657,113.847728
2025-01-02T05:59:00,62033.00800657,62063.95249314,61964.27539484,61995.20102181,161.311694
2025-01-02T06:00:00,61995.20102181,62144.17748942,61878.63238356,62027.54802958,75.536993
2025-01-02T06:01:00,62027.54802958,62069.90440298,61961.63075849,62003.97103201,126.938738
2025-01-02T06:02:00,62003.97103201,62021.83006948,61947.03824469,61964.88602448,180.252307
2025-01-02T06:03:00,61964.88602448,62044.98166053,61831.80727664,61911.83433823,64.560711
2025-01-02T06:04:00,61911.83433823,62023.35338197,61869.72890036,61981.20076888,165.374997
2025-01-02T06:05:00,61981.20076888,62099.07609820,61953.13558698,62070.97026853,151.356497
2025-01-02T06:06:00,62070.97026853,62141.17169132,61939.75294046,62009.88527695,158.836212
2025-01-02T06:07:00,62009.88527695,62323.60924072,61820.29131583,62133.63691150,258.750949
2025-01-02T06:08:00,62133.63691150,62219.32638300,61929.75040496,62015.27664396,102.287517
2025-01-02T06:09:00,62015.27664396,62025.82195761,61959.28995999,61969.82754530,152.742205
2025-01-02T06:10:00,61969.82754530,62092.67994912,61891.45361496,62014.24983741,80.258497
2025-01-02T06:11:00,62014.24983741,62099.50887503,61909.24076801,61994.47261531,42.426487
2025-01-02T06:12:00,61994.47261531,62016.37417197,61891.80067341,61913.67368522,52.753422
2025-01-02T06:13:00,61913.67368522,61988.27712503,61846.67947439,61921.27468946,106.865293
2025-01-02T06:14:00,61921.27468946,61951.47441394,61862.70639956,61892.89228161,134.553573
2025-01-02T06:15:00,61892.89228161,61948.06393095,61707.54442934,61762.59993540,343.871886
2025-01-02T06:16:00,61762.59993540,61840.21745098,61553.53006006,61630.98217063,224.975017
2025-01-02T06:17:00,61630.98217063,61657.69257202,61535.40675801,61562.08730089,160.368896
2025-01-02T06:18:00,61562.08730089,61633.66311391,61503.24531739,61574.80897084,37.712281
2025-01-02T06:19:00,61574.80897084,61596.99732483,61455.00593582,61477.15910188,115.642016
2025-01-02T06:20:00,61477.15910188,61670.28289700,61297.54140368,61490.62585302,107.188720
2025-01-02T06:21:00,61490.62585302,61639.32598206,61314.40551963,61463.03893641,78.689260
2025-01-02T06:22:00,61463.03893641,61549.51588001,61356.87548308,61443.32468922,52.293576
2025-01-02T06:23:00,61443.32468922,61536.25925941,61403.20972700,61496.10983495,56.062878
2025-01-02T06:24:00,61496.10983495,61507.62246716,61436.03153815,61447.53507671,112.873658
2025-01-02T06:25:00,61447.53507671,61466.09683299,61273.39581647,61291.91056249,182.349896
2025-01-02T06:26:00,61291.91056249,61424.91591404,61228.93421593,61361.86768777,126.817787
2025-01-02T06:27:00,61361.86768777,61462.18032324,61310.59772098,61410.86941382,139.263822
2025-01-02T06:28:00,61410.86941382,61486.71392404,61383.57166426,61459.39460454,95.002561
2025-01-02T06:29:00,61459.39460454,61492.44939612,61414.15912188,61447.20735877,78.851484
2025-01-02T06:30:00,61447.20735877,61503.32624278,61241.89530030,61297.87780369,122.295513
2025-01-02T06:31:00,61297.87780369,61387.67132462,61253.82857029,61343.58924255,101.796009
2025-01-02T06:32:00,61343.58924255,61469.59455522,61260.08099991,61386.02853912,116.109642
2025-01-02T06:33:00,61386.02853912,61406.50808651,61232.38349078,61252.81859680,165.279889
2025-01-02T06:34:00,61252.81859680,61331.44558465,61074.77262501,61153.27182996,223.359712
2025-01-02T06:35:00,61153.27182996,61199.18515384,61068.49643607,61114.38056074,168.403778
2025-01-02T06:36:00,61114.38056074,61336.65408701,61014.14328839,61236.21698361,223.028154
2025-01-02T06:37:00,61236.21698361,61312.89538266,61084.15610428,61160.73999301,108.228727
2025-01-02T06:38:00,61160.73999301,61385.25160049,61117.85770715,61342.24205614,200.899346
2025-01-02T06:39:00,61342.24205614,61428.86176605,61260.78763612,61347.40049630,58.534448
2025-01-02T06:40:00,61347.40049630,61586.19699229,61235.80847289,61474.37400180,357.984963
2025-01-02T06:41:00,61474.37400180,61499.00609239,61445.41352876,61470.04388432,60.000179
2025-01-02T06:42:00,61470.04388432,61571.75958492,61314.86248064,61416.48956384,171.412691
2025-01-02T06:43:00,61416.48956384,61450.45755793,61384.27134781,61418.23842447,37.563054
2025-01-02T06:44:00,61418.23842447,61542.30857753,61387.83186834,61511.85567396,276.382616
2025-01-02T06:45:00,61511.85567396,61565.20662911,61469.89123191,61523.23442428,84.452099
2025-01-02T06:46:00,61523.23442428,61574.20804541,61271.97172422,61322.77926296,157.458862
2025-01-02T06:47:00,61322.77926296,61387.46255574,61221.80794700,61286.45292274,60.754136
2025-01-02T06:48:00,61286.45292274,61474.79868912,61265.11010116,61453.39772952,268.432508
2025-01-02T06:49:00,61453.39772952,61566.90921286,61387.63137528,61501.09181724,114.117768
2025-01-02T06:50:00,61501.09181724,61691.48091244,61480.47123265,61670.80342557,222.671191
2025-01-02T06:51:00,61670.80342557,61709.90169103,61641.93005603,61681.02353658,87.772530
2025-01-02T06:52:00,61681.02353658,61820.40402171,61545.26791681,61684.64044138,45.794933
2025-01-02T06:53:00,61684.64044138,61916.92879737,61579.16023622,61811.23212153,178.138555
2025-01-02T06:54:00,61811.23212153,61836.19887359,61788.07368203,61813.03975683,101.535865
2025-01-02T06:55:00,61813.03975683,61973.41421241,61751.66594306,61911.94219897,222.776285
2025-01-02T06:56:00,61911.94219897,61980.70384870,61843.88647534,61912.64734995,73.953105
2025-01-02T06:57:00,61912.64734995,61942.99765122,61830.52845764,61860.85336891,87.675698
2025-01-02T06:58:00,61860.85336891,61948.90271694,61746.52441361,61834.53630338,120.954029
2025-01-02T06:59:00,61834.53630338,61851.12043110,61804.51111114,61821.09163298,72.407348
2025-01-02T07:00:00,61821.09163298,61929.74360173,61774.05715081,61882.66227562,133.647945
2025-01-02T07:01:00,61882.66227562,61909.59831509,61804.64091840,61831.55471197,119.835445
2025-01-02T07:02:00,61831.55471197,61916.34044459,61615.24376292,61699.84889562,92.137139
2025-01-02T07:03:00,61699.84889562,61768.80165368,61514.16153662,61582.98369180,303.614699
2025-01-02T07:04:00,61582.98369180,61639.17371677,61523.77114208,61579.95840670,68.111742
2025-01-02T07:05:00,61579.95840670,61666.86498059,61557.98282299,61644.86623371,119.318330
2025-01-02T07:06:00,61644.86623371,61766.09030630,61518.26723585,61639.48071787,67.046303
2025-01-02T07:07:00,61639.48071787,61670.59267706,61622.03382643,61653.14191886,54.551255
2025-01-02T07:08:00,61653.14191886,61719.85670159,61619.12998409,61685.82673572,94.021694
2025-01-02T07:09:00,61685.82673572,61700.91567157,61627.62288217,61642.70126913,97.570715
2025-01-02T07:10:00,61642.70126913,62021.03221069,61479.82918209,61857.59233937,377.469981
2025-01-02T07:11:00,61857.59233937,61997.51501798,61641.74259702,61781.49313825,92.037293
2025-01-02T07:12:00,61781.49313825,61905.20266152,61599.75528075,61723.34837659,90.936645
2025-01-02T07:13:00,61723.34837659,61740.89592144,61651.02351915,61668.55548675,156.392280
2025-01-02T07:14:00,61668.55548675,61717.34851680,61601.09205364,61649.87029971,100.615160
2025-01-02T07:15:00,61649.87029971,61784.94307974,61598.08836550,61733.09124527,175.892549
2025-01-02T07:16:00,61733.09124527,61898.58408662,61683.77209821,61849.17220140,119.816675
2025-01-02T07:17:00,61849.17220140,61978.32489148,61801.36160693,61930.45146658,88.095129
2025-01-02T07:18:00,61930.45146658,62081.25799056,61885.45413489,62036.18383601,89.748282
2025-01-02T07:19:00,62036.18383601,62126.91861545,61997.62520829,62088.32757775,117.964481
2025-01-02T07:20:00,62088.32757775,62111.62554050,61945.07274105,61968.32567439,253.051331
2025-01-02T07:21:00,61968.32567439,62088.36142180,61673.61599008,61793.31272866,582.962180
2025-01-02T07:22:00,61793.31272866,61812.78790831,61779.14672052,61798.62068332,79.045340
2025-01-02T07:23:00,61798.62068332,61809.93510245,61789.11471480,61800.42885579,103.122474
2025-01-02T07:24:00,61800.42885579,61820.09619890,61712.23892998,61731.88445954,90.521459
2025-01-02T07:25:00,61731.88445954,61872.15355017,61615.62349119,61755.84745180,128.143597
2025-01-02T07:26:00,61755.84745180,61917.46094961,61702.08187748,61863.60156292,78.999076
2025-01-02T07:27:00,61863.60156292,61910.77386447,61811.80546813,61858.97424124,60.969437
2025-01-02T07:28:00,61858.97424124,61906.88736684,61814.62684413,61862.53741525,80.470479
2025-01-02T07:29:00,61862.53741525,62090.94946528,61751.70095370,61979.90272533,136.504577
2025-01-02T07:30:00,61979.90272533,62084.36596731,61747.90167319,61852.14959528,120.735728
2025-01-02T07:31:00,61852.14959528,62218.46088304,61750.17567992,62116.05187933,257.158715
2025-01-02T07:32:00,62116.05187933,62157.37008630,62012.03441348,62053.31088654,229.999373
2025-01-02T07:33:00,62053.31088654,62140.07307007,62039.47641908,62126.22234737,155.114441
2025-01-02T07:34:00,62126.22234737,62278.07927351,62113.99510791,62265.82455855,83.855115
2025-01-02T07:35:00,62265.82455855,62436.39216991,62235.39963426,62405.89880119,217.235274
2025-01-02T07:36:00,62405.89880119,62589.48693569,62293.26129684,62476.72160202,132.291190
2025-01-02T07:37:00,62476.72160202,62556.56449511,62318.53972572,62398.28237644,162.151210
2025-01-02T07:38:00,62398.28237644,62456.33881284,62365.51374247,62423.55690588,52.081840
2025-01-02T07:39:00,62423.55690588,62491.79505071,62340.47759931,62408.69950281,24.756243
2025-01-02T07:40:00,62408.69950281,62512.64964045,62228.42917274,62332.25197668,496.068879
2025-01-02T07:41:00,62332.25197668,62413.39701755,62297.42945222,62378.54862901,139.326564
2025-01-02T07:42:00,62378.54862901,62529.56458849,62360.01029220,62510.98689224,206.436831
2025-01-02T07:43:00,62510.98689224,62687.19505590,62390.63935532,62566.74018152,91.893548
2025-01-02T07:44:00,62566.74018152,62721.85500221,62530.86478110,62685.91126979,138.806744
2025-01-02T07:45:00,62685.91126979,62953.58466562,62536.64363162,62804.03574954,176.216369
2025-01-02T07:46:00,62804.03574954,62841.61091542,62607.05027795,62644.53001279,300.288868
2025-01-02T07:47:00,62644.53001279,62755.08793086,62603.44690760,62713.95929304,98.030212
2025-01-02T07:48:00,62713.95929304,62818.81356955,62683.51771873,62788.33589258,269.403934
2025-01-02T07:49:00,62788.33589258,62861.53446159,62687.09553941,62760.26137919,61.163309
2025-01-02T07:50:00,62760.26137919,62838.36423748,62543.16398824,62621.09365737,132.884619
2025-01-02T07:51:00,62621.09365737,62739.04292195,62575.66061593,62693.55730648,199.513719
2025-01-02T07:52:00,62693.55730648,62864.90588888,62590.20206091,62761.43873546,287.313697
2025-01-02T07:53:00,62761.43873546,62914.00504789,62676.39946545,62828.87440521,107.323768
2025-01-02T07:54:00,62828.87440521,62891.16245066,62740.31019954,62802.57216916,115.083786
2025-01-02T07:55:00,62802.57216916,62816.02324224,62732.65004674,62746.08902224,118.849931
2025-01-02T07:56:00,62746.08902224,62767.73547388,62630.92134953,62652.53552663,168.958508
2025-01-02T07:57:00,62652.53552663,62764.72793374,62607.15245472,62719.29650277,41.083280
2025-01-02T07:58:00,62719.29650277,62853.71630183,62642.84702484,62777.19624904,169.956926
2025-01-02T07:59:00,62777.19624904,62819.23534639,62706.06778808,62748.08739252,129.335269
2025-01-02T08:00:00,62748.08739252,62820.57887006,62591.88271793,62664.27737161,193.614459
2025-01-02T08:01:00,62664.27737161,62795.54592258,62542.45186847,62673.70209685,73.048315
2025-01-02T08:02:00,62673.70209685,62923.04078754,62624.02453691,62873.20509393,139.425291
2025-01-02T08:03:00,62873.20509393,62974.38781385,62761.79101988,62862.95724780,55.226308
2025-01-02T08:04:00,62862.95724780,62962.53646050,62730.14034530,62829.66682370,139.300590
2025-01-02T08:05:00,62829.66682370,62855.07578914,62764.16398321,62789.55672772,65.983335
2025-01-02T08:06:00,62789.55672772,62846.47973926,62658.96297084,62715.81913423,97.842524
2025-01-02T08:07:00,62715.81913423,62767.20129829,62648.37887637,62699.74787348,67.285320
2025-01-02T08:08:00,62699.74787348,62850.02877132,62616.67040202,62766.86237282,62.318298
2025-01-02T08:09:00,62766.86237282,62806.28839085,62683.47620704,62722.87459484,87.114673
2025-01-02T08:10:00,62722.87459484,62901.56387437,62556.91388187,62735.56957131,69.075299
2025-01-02T08:11:00,62735.56957131,62848.00721702,62599.68595025,62712.08149953,101.765180
2025-01-02T08:12:00,62712.08149953,62807.28134522,62546.05700856,62641.14917569,91.820215
2025-01-02T08:13:00,62641.14917569,63063.34184414,62568.73369846,62990.52247849,414.019263
2025-01-02T08:14:00,62990.52247849,63071.81763186,62936.11797258,63017.38992070,62.525352
2025-01-02T08:15:00,63017.38992070,63052.85644345,62921.23753904,62956.66988822,217.844308
2025-01-02T08:16:00,62956.66988822,63130.46004859,62855.81288212,63029.48638996,124.621404
2025-01-02T08:17:00,63029.48638996,63068.98674164,62977.82176506,63017.31448865,55.433800
2025-01-02T08:18:00,63017.31448865,63078.53799849,62887.50500285,62948.66181424,225.982137
2025-01-02T08:19:00,62948.66181424,63031.27580902,62879.85966356,62962.45857864,101.774286
2025-01-02T08:20:00,62962.45857864,63079.91811098,62880.01959315,62997.43333180,93.399807
2025-01-02T08:21:00,62997.43333180,63021.55796624,62895.16019340,62919.25488969,100.814854
2025-01-02T08:22:00,62919.25488969,63031.12107238,62858.02739139,62969.84434486,119.491363
2025-01-02T08:23:00,62969.84434486,63142.88438585,62855.40324906,63028.33698580,71.540919
2025-01-02T08:24:00,63028.33698580,63172.24673623,62962.25672724,63106.08496502,345.228083
2025-01-02T08:25:00,63106.08496502,63182.29466793,63032.49275924,63108.69941326,118.092226
2025-01-02T08:26:00,63108.69941326,63217.81879262,63039.36854639,63148.44426229,69.130664
2025-01-02T08:27:00,63148.44426229,63195.56212387,63036.67820736,63083.74779603,155.101900
2025-01-02T08:28:00,63083.74779603,63146.89596595,63058.41602010,63121.54901064,118.142928
2025-01-02T08:29:00,63121.54901064,63317.66115210,62892.83868970,63088.84923634,30.394003
2025-01-02T08:30:00,63088.84923634,63274.07251696,62980.56039798,63165.65185077,127.096937
2025-01-02T08:31:00,63165.65185077,63203.69768884,63096.68441171,63134.71161391,228.745981
2025-01-02T08:32:00,63134.71161391,63278.06382439,62813.24492353,62956.19179105,204.828281
2025-01-02T08:33:00,62956.19179105,63050.78883444,62930.07550435,63024.64415147,117.618051
2025-01-02T08:34:00,63024.64415147,63113.76248607,62963.94214488,63053.03313671,97.714007
2025-01-02T08:35:00,63053.03313671,63198.89882114,62917.17824594,63063.02240736,68.851211
2025-01-02T08:36:00,63063.02240736,63117.66240715,62877.40391352,62931.93033057,105.192974
2025-01-02T08:37:00,62931.93033057,63035.82776709,62679.26627448,62782.91769867,143.664973
2025-01-02T08:38:00,62782.91769867,62895.02602176,62764.96519429,62877.04660161,93.619421
2025-01-02T08:39:00,62877.04660161,62975.78066156,62858.31724957,62957.02748540,77.536017
2025-01-02T08:40:00,62957.02748540,63059.84747757,62924.93928204,63027.72324170,233.517320
2025-01-02T08:41:00,63027.72324170,63084.39677430,62922.70658651,62979.33661061,89.183439
2025-01-02T08:42:00,62979.33661061,63015.67211251,62854.65886956,62890.94337358,67.633723
2025-01-02T08:43:00,62890.94337358,62948.29409262,62805.91776527,62863.24322434,113.649513
2025-01-02T08:44:00,62863.24322434,62912.34178635,62784.11183134,62833.18691824,79.946914
2025-01-02T08:45:00,62833.18691824,62939.28853803,62678.35697281,62784.37616961,121.408276
2025-01-02T08:46:00,62784.37616961,62853.80519258,62663.11204011,62732.48367866,120.695823
2025-01-02T08:47:00,62732.48367866,62922.34753226,62565.42755369,62755.23083178,149.121455
2025-01-02T08:48:00,62755.23083178,62847.26259454,62717.58484446,62809.58400151,120.632850
2025-01-02T08:49:00,62809.58400151,63008.00171562,62697.54937477,62895.81328011,122.941176
2025-01-02T08:50:00,62895.81328011,62983.07750099,62813.06646809,62900.32475359,56.648669
2025-01-02T08:51:00,62900.32475359,63148.36065163,62800.66662973,63048.46781261,258.438850
2025-01-02T08:52:00,63048.46781261,63073.56700801,62941.35596428,62966.42249796,135.145682
2025-01-02T08:53:00,62966.42249796,63092.46145589,62888.57723318,63014.55668291,75.740985
2025-01-02T08:54:00,63014.55668291,63036.97911467,62918.10475527,62940.50083578,99.830688
2025-01-02T08:55:00,62940.50083578,63054.86902039,62919.38794822,63033.72486157,162.018330
2025-01-02T08:56:00,63033.72486157,63221.58886451,62613.05114507,62800.21921411,221.060380
2025-01-02T08:57:00,62800.21921411,62843.16751119,62671.07593176,62713.96524082,94.836511
2025-01-02T08:58:00,62713.96524082,62890.90853982,62636.15820591,62812.97866241,99.678459
2025-01-02T08:59:00,62812.97866241,62895.66558145,62772.61252100,62855.27226048,165.853963
2025-01-02T09:00:00,62855.27226048,63008.57716508,62656.08165706,62809.27437217,101.626468
2025-01-02T09:01:00,62809.27437217,62947.28568065,62463.83628616,62601.39081047,505.547933
2025-01-02T09:02:00,62601.39081047,62767.44427747,62530.63512232,62696.58099990,67.905818
2025-01-02T09:03:00,62696.58099990,62733.01503637,62686.39824428,62722.82801790,81.639441
2025-01-02T09:04:00,62722.82801790,62767.09978091,62672.86318717,62717.13092900,91.277960
2025-01-02T09:05:00,62717.13092900,62841.78252731,62695.78108508,62820.39752990,118.419611
2025-01-02T09:06:00,62820.39752990,63008.00681219,62702.78495253,62890.26343163,177.424813
2025-01-02T09:07:00,62890.26343163,62959.88289712,62769.56742555,62839.13028670,75.992398
2025-01-02T09:08:00,62839.13028670,63024.41419551,62724.82272931,62909.97776298,82.049359
2025-01-02T09:09:00,62909.97776298,63050.96189015,62668.95908235,62809.71852400,118.453475
2025-01-02T09:10:00,62809.71852400,62840.62805126,62760.94094464,62791.84167445,81.170802
2025-01-02T09:11:00,62791.84167445,62859.98166723,62722.85229519,62790.99136523,141.061120
2025-01-02T09:12:00,62790.99136523,62839.68542437,62638.81732134,62687.43107006,105.628564
2025-01-02T09:13:00,62687.43107006,62782.39308727,62611.55475702,62706.49370100,40.334092
2025-01-02T09:14:00,62706.49370100,62727.59455735,62595.86981281,62616.94053435,264.922867
2025-01-02T09:15:00,62616.94053435,62720.70181826,62561.12464281,62664.84322691,119.815972
2025-01-02T09:16:00,62664.84322691,62753.71808638,62597.53648906,62686.38820760,43.682126
2025-01-02T09:17:00,62686.38820760,62929.63501851,62438.57500946,62681.80403203,78.814138
2025-01-02T09:18:00,62681.80403203,62725.12214937,62613.76254697,62657.06356667,69.777913
2025-01-02T09:19:00,62657.06356667,62797.91566190,62587.13810683,62727.91113598,130.010757
2025-01-02T09:20:00,62727.91113598,62760.12482145,62711.33764271,62743.54719694,67.062566
2025-01-02T09:21:00,62743.54719694,62824.16277506,62678.11608970,62758.71584944,150.630675
2025-01-02T09:22:00,62758.71584944,62829.26936252,62631.57277525,62702.06259860,117.672498
2025-01-02T09:23:00,62702.06259860,62852.59990436,62593.48506960,62743.94984164,64.466884
2025-01-02T09:24:00,62743.94984164,62895.57312496,62697.98036547,62849.52629798,167.461754
2025-01-02T09:25:00,62849.52629798,62974.31627265,62723.00645573,62847.79298885,79.522624
2025-01-02T09:26:00,62847.79298885,62929.37930463,62734.07736195,62815.62191461,113.451062
2025-01-02T09:27:00,62815.62191461,62901.60685156,62781.39757082,62867.35432198,112.674439
2025-01-02T09:28:00,62867.35432198,62989.53720375,62765.37934631,62887.52950261,78.958225
2025-01-02T09:29:00,62887.52950261,62976.41501012,62817.57063086,62906.43510695,63.450234
2025-01-02T09:30:00,62906.43510695,62993.64238013,62873.62397389,62960.80288958,73.427812
2025-01-02T09:31:00,62960.80288958,63009.53255039,62810.50227561,62859.15326283,199.468420
2025-01-02T09:32:00,62859.15326283,63005.43707384,62758.43463536,62904.64555449,122.836033
2025-01-02T09:33:00,62904.64555449,63039.66666175,62820.15670087,62955.11002799,180.049823
2025-01-02T09:34:00,62955.11002799,63052.72720364,62906.14445198,63003.72381652,115.505626
2025-01-02T09:35:00,63003.72381652,63084.56943149,62701.74699506,62782.30849257,250.943209
2025-01-02T09:36:00,62782.30849257,62906.16676857,62760.16918501,62883.99160388,84.783370
2025-01-02T09:37:00,62883.99160388,63044.48854625,62659.96020170,62820.29457204,152.084478
2025-01-02T09:38:00,62820.29457204,63007.81780493,62699.43450438,62886.82973018,78.973970
2025-01-02T09:39:00,62886.82973018,62974.61696578,62756.78872369,62844.51689244,69.095409
2025-01-02T09:40:00,62844.51689244,62871.54571101,62775.29181872,62802.30248128,267.831469
2025-01-02T09:41:00,62802.30248128,62965.26815578,62715.62696887,62878.48749793,230.185370
2025-01-02T09:42:00,62878.48749793,62959.49911027,62814.23144958,62895.22595674,69.587665
2025-01-02T09:43:00,62895.22595674,62941.87138720,62836.07352025,62882.70966816,49.658631
2025-01-02T09:44:00,62882.70966816,62915.17819707,62766.04208240,62798.46711395,105.600517
2025-01-02T09:45:00,62798.46711395,62912.81865447,62497.87473508,62611.88652562,275.153327
2025-01-02T09:46:00,62611.88652562,62678.60778597,62533.70589666,62600.41493251,39.606379
2025-01-02T09:47:00,62600.41493251,62689.67490810,62463.58479751,62552.77684746,68.920668
2025-01-02T09:48:00,62552.77684746,62617.87427818,62517.26018763,62582.34083231,70.931339
2025-01-02T09:49:00,62582.34083231,62669.41182346,62481.32014986,62568.37170572,77.511111
2025-01-02T09:50:00,62568.37170572,62619.97313203,62454.06099866,62505.61066464,139.528746
2025-01-02T09:51:00,62505.61066464,62631.10231299,62248.91460058,62374.14230172,97.985404
2025-01-02T09:52:00,62374.14230172,62404.16680342,62304.96211976,62334.96776436,82.524863
2025-01-02T09:53:00,62334.96776436,62431.33285581,62298.11291822,62394.44284570,154.685164
2025-01-02T09:54:00,62394.44284570,62415.03874495,62306.51600921,62327.08967572,155.731689
2025-01-02T09:55:00,62327.08967572,62478.28438524,62210.47682895,62361.60695725,66.980958
2025-01-02T09:56:00,62361.60695725,62486.11605671,62280.37105863,62404.82386120,69.479407
2025-01-02T09:57:00,62404.82386120,62465.63675299,62328.67431488,62389.47224667,71.206067
2025-01-02T09:58:00,62389.47224667,62400.70768702,62354.68397412,62365.91517218,166.944145
2025-01-02T09:59:00,62365.91517218,62479.85911604,62348.94942660,62462.86699612,151.986507
2025-01-02T10:00:00,62462.86699612,62580.27512772,62374.65087667,62492.01783863,135.342616
2025-01-02T10:01:00,62492.01783863,62576.91614146,62194.51193245,62279.12100506,280.949002
2025-01-02T10:02:00,62279.12100506,62338.05593969,62245.19470891,62304.11602760,203.047401
2025-01-02T10:03:00,62304.11602760,62337.08169248,62211.22405830,62244.15799885,133.808380
2025-01-02T10:04:00,62244.15799885,62304.37941837,62140.18433813,62200.36338622,238.311632
2025-01-02T10:05:00,62200.36338622,62215.67670733,62172.25071722,62187.56088644,71.992589
2025-01-02T10:06:00,62187.56088644,62325.63446913,62075.38363439,62213.41058800,80.605112
2025-01-02T10:07:00,62213.41058800,62331.09430917,62113.70935412,62231.36430324,62.209311
2025-01-02T10:08:00,62231.36430324,62376.76484195,62206.51226529,62351.86468229,271.570130
2025-01-02T10:09:00,62351.86468229,62457.14293537,62325.03048948,62430.27499734,102.770776
2025-01-02T10:10:00,62430.27499734,62509.09081342,62325.25853407,62404.04123104,137.023658
2025-01-02T10:11:00,62404.04123104,62443.36725915,62339.29602571,62378.60602497,66.773291
2025-01-02T10:12:00,62378.60602497,62441.44697248,62252.65246194,62315.42976494,162.813715
2025-01-02T10:13:00,62315.42976494,62347.88488096,62203.61467532,62236.02843755,81.924652
2025-01-02T10:14:00,62236.02843755,62318.08714889,62202.86838671,62284.90105818,132.248196
2025-01-02T10:15:00,62284.90105818,62335.11602730,62240.25997421,62290.47095126,98.736113
2025-01-02T10:16:00,62290.47095126,62341.28365975,62220.25233873,62271.04920416,119.612768
2025-01-02T10:17:00,62271.04920416,62316.69084833,62227.73490126,62273.37492771,40.020491
2025-01-02T10:18:00,62273.37492771,62415.96139628,62006.27481606,62148.57553321,124.380993
2025-01-02T10:19:00,62148.57553321,62424.52127960,61767.02131584,62042.49605900,189.255442
2025-01-02T10:20:00,62042.49605900,62082.37789732,61796.71054039,61836.45993562,288.840448
2025-01-02T10:21:00,61836.45993562,61931.56250346,61786.64692428,61881.71303801,75.228247
2025-01-02T10:22:00,61881.71303801,62001.55099033,61716.00978427,61835.75874311,129.567866
2025-01-02T10:23:00,61835.75874311,61865.69988939,61765.95734239,61795.87917881,270.679765
2025-01-02T10:24:00,61795.87917881,62012.49522046,61657.27559989,61873.71705694,79.671531
2025-01-02T10:25:00,61873.71705694,61974.13578470,61735.20689342,61835.56369970,76.255482
2025-01-02T10:26:00,61835.56369970,61925.51055728,61765.47763148,61855.40200380,66.154356
2025-01-02T10:27:00,61855.40200380,61871.09160028,61793.27148575,61808.94929952,34.542422
2025-01-02T10:28:00,61808.94929952,61955.93102041,61732.20153587,61879.09615587,158.424913
2025-01-02T10:29:00,61879.09615587,61960.67220209,61764.56285657,61846.09539745,41.269379
2025-01-02T10:30:00,61846.09539745,61926.79444714,61689.96015434,61770.56064351,123.184402
2025-01-02T10:31:00,61770.56064351,61854.41049964,61724.62958210,61808.45126370,78.910936
2025-01-02T10:32:00,61808.45126370,61933.89543418,61759.68140698,61885.06512542,89.548986
2025-01-02T10:33:00,61885.06512542,62042.20903754,61782.52086751,61939.57445705,117.865324
2025-01-02T10:34:00,61939.57445705,62140.12598601,61852.00960898,62052.40163257,137.115227
2025-01-02T10:35:00,62052.40163257,62139.34465955,61791.47759279,61878.17650900,360.729457
2025-01-02T10:36:00,61878.17650900,61959.82917127,61855.21841856,61936.84931199,153.823363
2025-01-02T10:37:00,61936.84931199,62027.29947408,61800.47439705,61890.85739434,76.849833
2025-01-02T10:38:00,61890.85739434,62033.41969670,61798.55762234,61941.04507824,61.467675
2025-01-02T10:39:00,61941.04507824,61960.21162092,61883.98917306,61903.14398794,30.862347
2025-01-02T10:40:00,61903.14398794,62038.11634629,61766.67071919,61901.63979784,76.047311
2025-01-02T10:41:00,61901.63979784,61966.16269098,61801.78846982,61866.27450010,57.112385
2025-01-02T10:42:00,61866.27450010,62015.28479769,61581.15016695,61729.83183051,125.117573
2025-01-02T10:43:00,61729.83183051,61882.86338694,61664.36410603,61817.30289480,215.574819
2025-01-02T10:44:00,61817.30289480,61904.49700580,61504.87138084,61591.74734280,463.677450
2025-01-02T10:45:00,61591.74734280,61699.55383206,61323.90130681,61431.42718130,271.913017
2025-01-02T10:46:00,61431.42718130,61464.03342161,61362.78584326,61395.37294689,107.967428
2025-01-02T10:47:00,61395.37294689,61442.39428861,61311.62605330,61358.61924618,102.462957
2025-01-02T10:48:00,61358.61924618,61437.68121687,61325.07735977,61404.11446035,190.109410
2025-01-02T10:49:00,61404.11446035,61456.85330095,61355.40573481,61408.14138105,127.558512
2025-01-02T10:50:00,61408.14138105,61588.46094142,61193.01252333,61373.22956826,94.290123
2025-01-02T10:51:00,61373.22956826,61388.92669636,61363.33081013,61379.02700317,76.353595
2025-01-02T10:52:00,61379.02700317,61540.99855058,61325.77945471,61487.65676361,90.416853
2025-01-02T10:53:00,61487.65676361,61700.46643510,61377.85996787,61590.48602002,61.458670
2025-01-02T10:54:00,61590.48602002,61654.29430106,61478.27233443,61542.03041504,178.141129
2025-01-02T10:55:00,61542.03041504,61611.63187224,61510.69790958,61580.27989306,87.369613
2025-01-02T10:56:00,61580.27989306,61604.18335011,61560.91595183,61584.81798188,60.029102
2025-01-02T10:57:00,61584.81798188,61650.31773436,61455.85194089,61521.28412068,101.954020
2025-01-02T10:58:00,61521.28412068,61606.28201588,61435.75726000,61520.75442338,56.748741
2025-01-02T10:59:00,61520.75442338,61623.04998145,61506.42129492,61608.69636425,81.600322
2025-01-02T11:00:00,61608.69636425,61689.72423477,61379.96015886,61460.79350728,499.531272
2025-01-02T11:01:00,61460.79350728,61511.77364660,61419.87748764,61470.85093148,92.013704
2025-01-02T11:02:00,61470.85093148,61585.66792077,61247.21700139,61361.83035899,136.556792
2025-01-02T11:03:00,61361.83035899,61462.66630704,61310.86119427,61411.65575570,87.282454
2025-01-02T11:04:00,61411.65575570,61424.39314796,61313.10017252,61325.81976154,95.361738
2025-01-02T11:05:00,61325.81976154,61390.07855104,61158.60057902,61222.75137078,329.184037
2025-01-02T11:06:00,61222.75137078,61280.55952499,61017.29008503,61074.95868944,237.953551
2025-01-02T11:07:00,61074.95868944,61146.54498951,60921.33864998,60992.82868501,147.945666
2025-01-02T11:08:00,60992.82868501,61077.12930221,60919.31300581,61003.60063940,130.489963
2025-01-02T11:09:00,61003.60063940,61082.61229928,60817.71577084,60896.58882938,180.552435
2025-01-02T11:10:00,60896.58882938,61100.80339162,60841.60927103,61045.68922025,376.757357
2025-01-02T11:11:00,61045.68922025,61181.97959892,61022.34373115,61158.59093322,534.822357
2025-01-02T11:12:00,61158.59093322,61294.42982427,61022.93026316,61158.76875975,63.978628
2025-01-02T11:13:00,61158.76875975,61222.50676122,60845.74670840,60909.22464179,379.382042
2025-01-02T11:14:00,60909.22464179,61021.19205058,60814.93787663,60926.87795830,73.080781
2025-01-02T11:15:00,60926.87795830,61126.40279718,60797.02346080,60996.40012591,91.265885
2025-01-02T11:16:00,60996.40012591,61135.24170348,60850.89062482,60989.71699008,96.193924
2025-01-02T11:17:00,60989.71699008,61094.92323296,60866.81222772,60971.98788820,81.978024
2025-01-02T11:18:00,60971.98788820,61017.12387539,60880.99786750,60926.09988499,58.981745
2025-01-02T11:19:00,60926.09988499,61122.26654540,60847.28270379,61043.29775093,145.060103
2025-01-02T11:20:00,61043.29775093,61126.05706809,60801.77530764,60884.31908983,249.364790
2025-01-02T11:21:00,60884.31908983,60909.80506477,60779.16958214,60804.62219622,105.739532
2025-01-02T11:22:00,60804.62219622,60894.23493290,60576.75267859,60666.16135422,98.999112
2025-01-02T11:23:00,60666.16135422,60689.25229463,60563.21053898,60586.27107130,94.613655
2025-01-02T11:24:00,60586.27107130,61015.39350456,60447.51142158,60875.97036175,146.594279
2025-01-02T11:25:00,60875.97036175,60932.47838140,60789.38187689,60845.86194845,72.205247
2025-01-02T11:26:00,60845.86194845,60893.07489663,60766.77252858,60813.96072322,161.560468
2025-01-02T11:27:00,60813.96072322,60867.19414196,60671.91453836,60725.07014685,92.740126
2025-01-02T11:28:00,60725.07014685,60780.68074371,60568.94059507,60624.45905465,213.249567
2025-01-02T11:29:00,60624.45905465,60739.63945389,60388.38106862,60503.33133733,139.709275
2025-01-02T11:30:00,60503.33133733,60569.50777317,60484.77577694,60550.93761258,112.394838
2025-01-02T11:31:00,60550.93761258,60725.43924691,60527.71837691,60702.16202181,194.381822
2025-01-02T11:32:00,60702.16202181,60842.34671845,60606.43071661,60746.54541772,169.606441
2025-01-02T11:33:00,60746.54541772,60821.40829926,60443.51038620,60518.09172578,284.407476
2025-01-02T11:34:00,60518.09172578,60581.13785902,60385.86154231,60448.83552629,141.913404
2025-01-02T11:35:00,60448.83552629,60556.91198542,60417.63339576,60525.67019482,57.190199
2025-01-02T11:36:00,60525.67019482,60705.51887678,60473.44560501,60653.18426142,247.407415
2025-01-02T11:37:00,60653.18426142,60818.08327986,60434.47525698,60599.22758233,76.429845
2025-01-02T11:38:00,60599.22758233,60632.61788575,60446.19945812,60479.52380451,265.947898
2025-01-02T11:39:00,60479.52380451,60549.37392846,60457.92916549,60527.76206564,133.961722
2025-01-02T11:40:00,60527.76206564,60660.69217268,60514.72593008,60647.63022058,152.114169
2025-01-02T11:41:00,60647.63022058,60789.76287195,60625.24488020,60767.33334856,334.220212
2025-01-02T11:42:00,60767.33334856,60873.29593540,60665.89499093,60771.85003811,52.217554
2025-01-02T11:43:00,60771.85003811,60845.15621908,60643.52726486,60716.76700179,352.948526
2025-01-02T11:44:00,60716.76700179,60771.08225314,60600.05954937,60654.31893670,79.492534
2025-01-02T11:45:00,60654.31893670,60768.74759399,60609.16711968,60723.54424481,228.907743
2025-01-02T11:46:00,60723.54424481,60833.93549340,60651.27464066,60761.62057304,60.818469
2025-01-02T11:47:00,60761.62057304,60772.79911833,60737.01404112,60748.19011556,69.760207
2025-01-02T11:48:00,60748.19011556,61097.05422841,60720.14575056,61068.86182550,594.193116
2025-01-02T11:49:00,61068.86182550,61096.38297509,61022.11272700,61049.62520746,103.001373
2025-01-02T11:50:00,61049.62520746,61099.71375995,60776.33552931,60826.24080465,310.006636
2025-01-02T11:51:00,60826.24080465,60865.58255005,60753.20025722,60792.52019251,99.249154
2025-01-02T11:52:00,60792.52019251,60833.75448497,60643.36331581,60684.52435697,228.033747
2025-01-02T11:53:00,60684.52435697,60743.65486829,60648.37160818,60707.48843867,43.657648
2025-01-02T11:54:00,60707.48843867,60780.46185995,60589.37745522,60662.29655361,68.191162
2025-01-02T11:55:00,60662.29655361,60945.61689674,60519.22028769,60802.21063369,172.128190
2025-01-02T11:56:00,60802.21063369,60907.58037681,60623.94628696,60729.18948502,507.560030
2025-01-02T11:57:00,60729.18948502,60779.11795108,60561.01424562,60610.84541518,297.700778
2025-01-02T11:58:00,60610.84541518,60655.80236117,60560.22731364,60605.18005746,46.729116
2025-01-02T11:59:00,60605.18005746,60651.65285696,60494.37278457,60540.79621375,122.167929
2025-01-02T12:00:00,60540.79621375,60601.04857964,60404.51606332,60464.69268826,79.544150
2025-01-02T12:01:00,60464.69268826,60667.65183536,60412.26114254,60615.08987375,311.283400
2025-01-02T12:02:00,60615.08987375,60710.52923680,60553.79494337,60649.19981392,84.312605
2025-01-02T12:03:00,60649.19981392,60688.04691782,60456.87294517,60495.62167901,182.012405
2025-01-02T12:04:00,60495.62167901,60629.33967448,60420.95953113,60554.60473123,113.960766
2025-01-02T12:05:00,60554.60473123,60635.59340173,60486.87081515,60567.84467599,77.685997
2025-01-02T12:06:00,60567.84467599,60590.38549304,60525.75019323,60548.28373051,71.598818
2025-01-02T12:07:00,60548.28373051,60588.51198209,60461.09430233,60501.29133218,98.835465
2025-01-02T12:08:00,60501.29133218,60565.30476037,60341.35965485,60405.27148918,597.230028
2025-01-02T12:09:00,60405.27148918,60419.57113590,60380.76949267,60395.06672363,41.430696
2025-01-02T12:10:00,60395.06672363,60567.97176427,60276.82745000,60449.62567710,45.650616
2025-01-02T12:11:00,60449.62567710,60510.71108967,60426.25054794,60487.32138405,103.426125
2025-01-02T12:12:00,60487.32138405,60664.97507695,60296.57348966,60474.18861108,96.609502
2025-01-02T12:13:00,60474.18861108,60613.00975797,60297.66999804,60436.40440965,139.551808
2025-01-02T12:14:00,60436.40440965,60518.25854932,60397.38587284,60479.21237513,145.979340
2025-01-02T12:15:00,60479.21237513,60490.37109874,60445.38252787,60456.53706777,78.890867
2025-01-02T12:16:00,60456.53706777,60489.33002973,60412.78231291,60445.56932572,52.176822
2025-01-02T12:17:00,60445.56932572,60495.93418642,60260.08004732,60310.33222485,207.746052
2025-01-02T12:18:00,60310.33222485,60442.97500695,60193.49680058,60326.10901929,116.795082
2025-01-02T12:19:00,60326.10901929,60444.79098559,60249.91189159,60368.54026353,59.975912
2025-01-02T12:20:00,60368.54026353,60498.81048080,60333.16658035,60463.38122441,174.408499
2025-01-02T12:21:00,60463.38122441,60487.53370742,60435.77848109,60459.92958532,135.668542
2025-01-02T12:22:00,60459.92958532,60508.00791908,60400.05577205,60448.12471846,65.802322
2025-01-02T12:23:00,60448.12471846,60583.68402902,60406.50908217,60542.00376151,276.999131
2025-01-02T12:24:00,60542.00376151,60568.17639907,60505.51034766,60531.67852156,62.016715
2025-01-02T12:25:00,60531.67852156,60720.31904013,60432.70196822,60621.19611478,150.842762
2025-01-02T12:26:00,60621.19611478,60742.69037748,60543.06312876,60664.50157625,79.209829
2025-01-02T12:27:00,60664.50157625,60771.01219412,60417.15821627,60523.42113468,189.053014
2025-01-02T12:28:00,60523.42113468,60664.31047305,60502.33151143,60643.17911966,302.508252
2025-01-02T12:29:00,60643.17911966,60729.45851129,60600.86050120,60687.10923708,93.789858
2025-01-02T12:30:00,60687.10923708,60865.19147889,60583.68984059,60761.64506283,112.472594
2025-01-02T12:31:00,60761.64506283,60845.54426854,60530.06480978,60613.75981669,222.503165
2025-01-02T12:32:00,60613.75981669,60701.41477529,60380.43050829,60467.87449877,90.128876
2025-01-02T12:33:00,60467.87449877,60490.91687942,60370.05469726,60393.06857176,72.657115
2025-01-02T12:34:00,60393.06857176,60512.26331354,60277.22967272,60396.41799004,98.294753
2025-01-02T12:35:00,60396.41799004,60436.20921130,60192.97776172,60232.66109435,184.001446
2025-01-02T12:36:00,60232.66109435,60289.11844603,60102.01324080,60158.40098690,90.057082
2025-01-02T12:37:00,60158.40098690,60368.77566948,60112.00008191,60322.24838700,149.191809
2025-01-02T12:38:00,60322.24838700,60490.24896567,60249.93651757,60417.82252584,59.805936
2025-01-02T12:39:00,60417.82252584,60490.67229870,60401.89375698,60474.72852693,213.939624
2025-01-02T12:40:00,60474.72852693,60552.51503996,60327.13289123,60404.82949560,86.530601
2025-01-02T12:41:00,60404.82949560,60528.40275940,60285.00667649,60408.57251541,68.169738
2025-01-02T12:42:00,60408.57251541,60509.30459380,60316.59645100,60417.31521805,64.496940
2025-01-02T12:43:00,60417.31521805,60525.17681784,60381.75617018,60489.57524082,217.368146
2025-01-02T12:44:00,60489.57524082,60645.27087892,60442.35013892,60597.96115854,285.172539
2025-01-02T12:45:00,60597.96115854,60642.81408317,60525.30563907,60570.13796974,120.386254
2025-01-02T12:46:00,60570.13796974,60643.90861679,60533.43025548,60607.17845464,169.801946
2025-01-02T12:47:00,60607.17845464,60652.37052540,60451.58595352,60496.69564217,54.000260
2025-01-02T12:48:00,60496.69564217,60539.16675471,60454.38393205,60496.85493317,64.198734
2025-01-02T12:49:00,60496.85493317,60607.52799397,60398.29455398,60508.94791311,63.963044
2025-01-02T12:50:00,60508.94791311,60550.24772456,60384.76420863,60426.00740982,137.180698
2025-01-02T12:51:00,60426.00740982,60486.33102817,60322.88253473,60383.16338165,92.520371
2025-01-02T12:52:00,60383.16338165,60463.71242683,60212.34343492,60292.77190100,169.726296
2025-01-02T12:53:00,60292.77190100,60455.73058354,60169.30680959,60332.18478402,212.597867
2025-01-02T12:54:00,60332.18478402,60403.79651930,60179.37595720,60250.89120045,120.601324
2025-01-02T12:55:00,60250.89120045,60276.04587927,59987.99710403,60013.05248545,161.846107
2025-01-02T12:56:00,60013.05248545,60167.20365355,59919.70651257,60073.76324944,101.515997
2025-01-02T12:57:00,60073.76324944,60208.87962535,60061.72155219,60196.81326290,153.925787
2025-01-02T12:58:00,60196.81326290,60316.79363373,59999.15722277,60118.98246631,87.611388
2025-01-02T12:59:00,60118.98246631,60194.97113953,59944.05852787,60019.92199149,132.825082
2025-01-02T13:00:00,60019.92199149,60045.81568594,59728.26542448,59754.04441448,365.012722
2025-01-02T13:01:00,59754.04441448,59805.88544266,59665.20896815,59717.01787308,82.998333
2025-01-02T13:02:00,59717.01787308,59756.90268564,59558.66881911,59598.47445688,135.691433
2025-01-02T13:03:00,59598.47445688,59741.84279252,59555.02284931,59698.31839149,299.891777
2025-01-02T13:04:00,59698.31839149,59830.28924947,59467.51825266,59599.27015169,105.170440
2025-01-02T13:05:00,59599.27015169,59622.95728448,59554.02987799,59577.70844130,36.332219
2025-01-02T13:06:00,59577.70844130,59699.97234902,59530.08981551,59652.29410922,60.531822
2025-01-02T13:07:00,59652.29410922,59722.31852583,59493.72864868,59563.64900690,338.319573
2025-01-02T13:08:00,59563.64900690,59575.66660752,59421.32705405,59433.31835907,284.410232
2025-01-02T13:09:00,59433.31835907,59555.23617310,59369.21744118,59491.07296484,127.329387
2025-01-02T13:10:00,59491.07296484,59679.88194169,59402.85541959,59591.51545325,110.716896
2025-01-02T13:11:00,59591.51545325,59684.53977785,59534.56250188,59627.55238518,113.674502
2025-01-02T13:12:00,59627.55238518,59697.90314306,59556.74408898,59627.09430640,81.720656
2025-01-02T13:13:00,59627.09430640,59672.01177529,59597.93933272,59642.84909822,114.209686
2025-01-02T13:14:00,59642.84909822,59778.75070422,59425.11645741,59560.83117818,75.877375
2025-01-02T13:15:00,59560.83117818,59733.69039374,59499.05194346,59671.79606113,378.023788
2025-01-02T13:16:00,59671.79606113,59738.73482484,59594.39064801,59661.31765723,111.361164
2025-01-02T13:17:00,59661.31765723,59743.87974143,59548.74880631,59631.26930821,119.537273
2025-01-02T13:18:00,59631.26930821,59791.43439604,59532.47445255,59692.53803264,187.513377
2025-01-02T13:19:00,59692.53803264,59913.76214669,59529.21114151,59750.27727316,201.203899
2025-01-02T13:20:00,59750.27727316,59927.66657107,59651.64836684,59828.90787038,196.102828
2025-01-02T13:21:00,59828.90787038,59898.32790130,59792.18808550,59861.58805908,72.605087
2025-01-02T13:22:00,59861.58805908,59931.82130181,59831.11551548,59901.32852832,99.139568
2025-01-02T13:23:00,59901.32852832,60016.56192205,59817.85780506,59933.04700004,76.802279
2025-01-02T13:24:00,59933.04700004,59991.12894409,59797.82435846,59855.83147187,230.017797
2025-01-02T13:25:00,59855.83147187,59918.84946045,59753.37020213,59816.34661989,112.263515
2025-01-02T13:26:00,59816.34661989,59834.51955854,59701.18016305,59719.32362492,129.342340
2025-01-02T13:27:00,59719.32362492,59773.00688908,59614.19743817,59667.83441733,142.631565
2025-01-02T13:28:00,59667.83441733,59724.65965112,59527.80900318,59584.55492495,103.160809
2025-01-02T13:29:00,59584.55492495,59730.35838273,59513.51588663,59659.23031349,73.931909
2025-01-02T13:30:00,59659.23031349,59833.77408943,59489.61067522,59664.14049084,203.691430
2025-01-02T13:31:00,59664.14049084,59681.17295710,59580.14004692,59597.15339021,268.555848
2025-01-02T13:32:00,59597.15339021,59883.44747574,59488.05702985,59774.02733643,421.888909
2025-01-02T13:33:00,59774.02733643,59871.62626116,59646.62772697,59744.17791361,59.898390
2025-01-02T13:34:00,59744.17791361,59846.09921658,59698.38139430,59800.25970812,105.103156
2025-01-02T13:35:00,59800.25970812,59883.25159866,59672.62554211,59755.55539118,128.691448
2025-01-02T13:36:00,59755.55539118,59792.56048425,59676.44924610,59713.42825089,134.895227
2025-01-02T13:37:00,59713.42825089,59813.48063380,59629.83945856,59729.86882742,44.843271
2025-01-02T13:38:00,59729.86882742,59797.91790750,59583.94787653,59651.90813751,270.284267
2025-01-02T13:39:00,59651.90813751,59788.21101283,59447.89512405,59584.04292934,171.218547
2025-01-02T13:40:00,59584.04292934,59736.00117424,59533.15070748,59685.02270302,162.874584
2025-01-02T13:41:00,59685.02270302,59759.79918678,59611.15164765,59685.92701215,99.485340
2025-01-02T13:42:00,59685.92701215,59768.48033369,59623.25470629,59705.78717397,102.319832
2025-01-02T13:43:00,59705.78717397,59799.71677019,59514.05238101,59607.82786691,144.346948
2025-01-02T13:44:00,59607.82786691,59727.08900804,59538.54588090,59657.74899886,206.974231
2025-01-02T13:45:00,59657.74899886,59789.92269439,59562.40669097,59694.52161816,109.875499
2025-01-02T13:46:00,59694.52161816,59733.09068868,59683.23431706,59721.79823000,89.201564
2025-01-02T13:47:00,59721.79823000,59827.14531288,59656.36566409,59761.66906357,94.893704
2025-01-02T13:48:00,59761.66906357,59904.09140012,59669.74527672,59812.09005705,131.582969
2025-01-02T13:49:00,59812.09005705,59841.00401044,59784.14444429,59813.05794547,123.160533
2025-01-02T13:50:00,59813.05794547,59825.22973394,59609.71207870,59621.84495587,164.544655
2025-01-02T13:51:00,59621.84495587,59659.34965221,59576.09532323,59613.59482988,65.688235
2025-01-02T13:52:00,59613.59482988,59643.63582807,59565.98530999,59596.01745044,46.185831
2025-01-02T13:53:00,59596.01745044,59736.38614948,59487.46064205,59627.77149967,63.764555
2025-01-02T13:54:00,59627.77149967,59808.76716946,59523.53889070,59704.40060861,194.651129
2025-01-02T13:55:00,59704.40060861,59715.97645744,59668.51576154,59680.08689628,58.618071
2025-01-02T13:56:00,59680.08689628,59750.60345349,59519.61228973,59590.02242891,148.906341
2025-01-02T13:57:00,59590.02242891,59745.41745792,59565.52328696,59720.86452308,121.062978
2025-01-02T13:58:00,59720.86452308,59799.54198654,59701.07241364,59779.73036835,105.079094
2025-01-02T13:59:00,59779.73036835,59916.37863292,59716.69086918,59853.26159289,120.445136
2025-01-02T14:00:00,59853.26159289,59984.39646588,59839.93340475,59971.04205025,128.485316
2025-01-02T14:01:00,59971.04205025,60062.25966638,59758.37817129,59849.41078290,138.492673
2025-01-02T14:02:00,59849.41078290,59965.57537859,59800.38607365,59916.49571776,118.219116
2025-01-02T14:03:00,59916.49571776,60068.49770363,59887.33800773,60039.28024184,136.033640
2025-01-02T14:04:00,60039.28024184,60069.04231885,59979.18144279,60008.92847412,36.365649
2025-01-02T14:05:00,60008.92847412,60074.30904479,59937.20712808,60002.58078285,42.058637
2025-01-02T14:06:00,60002.58078285,60082.42955448,59891.91772945,59971.72544016,132.064973
2025-01-02T14:07:00,59971.72544016,59995.39809352,59961.15058914,59984.82093336,111.220022
2025-01-02T14:08:00,59984.82093336,60094.46507565,59953.95815566,60063.56178501,82.203399
2025-01-02T14:09:00,60063.56178501,60093.13750213,59970.09757074,59999.64181321,178.266232
2025-01-02T14:10:00,59999.64181321,60101.85786074,59767.89302075,59869.88801829,347.121651
2025-01-02T14:11:00,59869.88801829,60112.77149519,59810.14037771,60052.84127492,185.636697
2025-01-02T14:12:00,60052.84127492,60095.67847995,60025.03309310,60067.86334198,52.908911
2025-01-02T14:13:00,60067.86334198,60119.51687122,60040.09846485,60091.74095726,136.574509
2025-01-02T14:14:00,60091.74095726,60255.52416542,59912.50019344,60076.24115608,107.700494
2025-01-02T14:15:00,60076.24115608,60260.86115131,60013.33610628,60197.82878869,171.367109
2025-01-02T14:16:00,60197.82878869,60285.16618314,60163.39863405,60250.70578550,130.477620
2025-01-02T14:17:00,60250.70578550,60364.04072642,60120.87879503,60234.18265502,100.422660
2025-01-02T14:18:00,60234.18265502,60400.31860373,60184.71906229,60350.75927966,167.856958
2025-01-02T14:19:00,60350.75927966,60454.76307764,60053.92210641,60157.59301669,317.475856
2025-01-02T14:20:00,60157.59301669,60242.06653163,60054.19286113,60138.63976184,50.426415
2025-01-02T14:21:00,60138.63976184,60225.93149284,60094.12087938,60181.38097031,36.855096
2025-01-02T14:22:00,60181.38097031,60193.93117395,60107.88756377,60120.42505570,69.698974
2025-01-02T14:23:00,60120.42505570,60172.39272808,59992.73926479,60044.64143034,62.655365
2025-01-02T14:24:00,60044.64143034,60115.22078777,59900.75091626,59971.24399883,174.216984
2025-01-02T14:25:00,59971.24399883,60079.89457543,59901.78412533,60010.38936301,85.934062
2025-01-02T14:26:00,60010.38936301,60177.75716679,59898.21612683,60065.48095174,121.692200
2025-01-02T14:27:00,60065.48095174,60112.48952321,59914.82068701,59961.74807484,129.932434
2025-01-02T14:28:00,59961.74807484,59994.19369491,59792.09517249,59824.46650878,195.691258
2025-01-02T14:29:00,59824.46650878,59897.49758620,59671.57792986,59744.51140161,187.247068
2025-01-02T14:30:00,59744.51140161,59802.28376447,59700.57339040,59758.33558652,37.695167
2025-01-02T14:31:00,59758.33558652,59877.60374351,59715.10417326,59834.31736219,134.625752
2025-01-02T14:32:00,59834.31736219,59852.94485979,59821.68176061,59840.30799312,83.864709
2025-01-02T14:33:00,59840.30799312,59972.77689798,59727.03344786,59859.46608746,139.158299
2025-01-02T14:34:00,59859.46608746,59928.56685263,59693.71914440,59762.70821390,194.035774
2025-01-02T14:35:00,59762.70821390,59955.65110461,59475.39712613,59668.03436392,172.539054
2025-01-02T14:36:00,59668.03436392,59781.93181671,59506.03253040,59619.83798344,173.697632
2025-01-02T14:37:00,59619.83798344,59791.95799851,59558.98760386,59730.99416850,220.435226
2025-01-02T14:38:00,59730.99416850,59862.50682778,59629.74504834,59761.20649516,76.775478
2025-01-02T14:39:00,59761.20649516,59918.85531423,59662.93348648,59820.48482660,114.713366
2025-01-02T14:40:00,59820.48482660,60202.38405480,59778.03009848,60159.68859303,320.636965
2025-01-02T14:41:00,60159.68859303,60271.74918995,59909.60297008,60021.40598536,237.152499
2025-01-02T14:42:00,60021.40598536,60139.82104665,60001.01100445,60119.39277031,107.437499
2025-01-02T14:43:00,60119.39277031,60277.71454623,60002.82968517,60161.07065351,89.708407
2025-01-02T14:44:00,60161.07065351,60433.09041476,60039.95217752,60311.66874915,370.371444
2025-01-02T14:45:00,60311.66874915,60485.94651183,60276.20480996,60450.40099652,153.300816
2025-01-02T14:46:00,60450.40099652,60591.63410360,60313.79793843,60455.02060632,42.688893
2025-01-02T14:47:00,60455.02060632,60542.66324738,60307.40635544,60394.96192844,88.185108
2025-01-02T14:48:00,60394.96192844,60475.05265303,60288.53450068,60368.59025336,112.364901
2025-01-02T14:49:00,60368.59025336,60490.78087789,60345.35783136,60467.51038718,109.712138
2025-01-02T14:50:00,60467.51038718,60524.96906581,60270.69150707,60328.01763404,239.461894
2025-01-02T14:51:00,60328.01763404,60467.36103301,60264.06430453,60403.32786763,103.306047
2025-01-02T14:52:00,60403.32786763,60546.34043200,60371.55944671,60514.51353428,87.694667
2025-01-02T14:53:00,60514.51353428,60591.18181068,60438.35031622,60515.01795775,77.549446
2025-01-02T14:54:00,60515.01795775,60564.31578826,60414.40970894,60463.66570595,220.519449
2025-01-02T14:55:00,60463.66570595,60477.20920732,60316.51264998,60330.02621689,137.064859
2025-01-02T14:56:00,60330.02621689,60465.59336910,60308.74016683,60444.26701183,165.204929
2025-01-02T14:57:00,60444.26701183,60498.60285161,60269.95815216,60324.18604621,138.278822
2025-01-02T14:58:00,60324.18604621,60341.86966103,60287.27311242,60304.95108865,98.929386
2025-01-02T14:59:00,60304.95108865,60534.28451886,60223.73900725,60452.87323217,189.695260
2025-01-02T15:00:00,60452.87323217,60625.33680932,60288.68327942,60461.12444628,54.745393
2025-01-02T15:01:00,60461.12444628,60541.99809533,60323.28413351,60404.08148109,65.131998
2025-01-02T15:02:00,60404.08148109,60487.45547611,60258.76741576,60342.05579854,66.123212
2025-01-02T15:03:00,60342.05579854,60392.42626783,60228.76795427,60279.08585947,83.282081
2025-01-02T15:04:00,60279.08585947,60404.59171542,60102.99945250,60228.39977599,76.231777
2025-01-02T15:05:00,60228.39977599,60362.78741569,60122.33376977,60256.67162097,70.252845
2025-01-02T15:06:00,60256.67162097,60296.71205881,60104.84680079,60144.81290874,229.091407
2025-01-02T15:07:00,60144.81290874,60236.78863699,60059.18414828,60151.15085315,85.457805
2025-01-02T15:08:00,60151.15085315,60272.82464499,59890.20657483,60011.59807922,142.360202
2025-01-02T15:09:00,60011.59807922,60107.59665226,59986.85909584,60082.82830517,54.580018
2025-01-02T15:10:00,60082.82830517,60144.28676403,59956.98952529,60018.38206238,90.474461
2025-01-02T15:11:00,60018.38206238,60031.50159171,59919.66114554,59932.76195900,163.938805
2025-01-02T15:12:00,59932.76195900,59952.23357627,59815.89422879,59835.33419265,175.183861
2025-01-02T15:13:00,59835.33419265,59883.85845864,59665.93427493,59714.36043563,137.531717
2025-01-02T15:14:00,59714.36043563,59882.45110333,59402.64598219,59570.33122032,377.457391
2025-01-02T15:15:00,59570.33122032,59786.69315612,59497.70137565,59713.88828258,187.659348
2025-01-02T15:16:00,59713.88828258,59857.95701352,59629.42319821,59773.40773909,170.229747
2025-01-02T15:17:00,59773.40773909,59827.99188298,59728.97938744,59783.55598833,80.901178
2025-01-02T15:18:00,59783.55598833,59937.81946468,59738.26102860,59892.44200754,334.207599
2025-01-02T15:19:00,59892.44200754,60080.02919884,59731.54186645,59919.05755548,70.483264
2025-01-02T15:20:00,59919.05755548,59989.58598610,59902.49571671,59973.00923490,138.484013
2025-01-02T15:21:00,59973.00923490,60039.62646635,59804.46451826,59870.96840410,237.266574
2025-01-02T15:22:00,59870.96840410,60018.22421515,59765.06337922,59912.24617452,170.499800
2025-01-02T15:23:00,59912.24617452,59936.04297620,59834.86789534,59858.64340630,116.469044
2025-01-02T15:24:00,59858.64340630,59922.46071335,59782.98396308,59846.78863135,94.988441
2025-01-02T15:25:00,59846.78863135,59975.23575275,59627.25792510,59755.50913644,126.391720
2025-01-02T15:26:00,59755.50913644,59916.54200799,59554.66058381,59715.58586765,86.836579
2025-01-02T15:27:00,59715.58586765,59778.40914439,59691.54760625,59754.35527653,108.057613
2025-01-02T15:28:00,59754.35527653,59953.07079546,59695.70991328,59894.28809643,180.593484
2025-01-02T15:29:00,59894.28809643,59942.21227470,59698.89554791,59746.70163545,182.404714
2025-01-02T15:30:00,59746.70163545,59883.54953363,59726.86946463,59863.67853379,99.913257
2025-01-02T15:31:00,59863.67853379,59906.58612722,59803.01873534,59845.91359566,42.993347
2025-01-02T15:32:00,59845.91359566,59902.70549753,59815.33424921,59872.11276414,84.648586
2025-01-02T15:33:00,59872.11276414,59901.01370689,59827.48445704,59856.37780434,64.808418
2025-01-02T15:34:00,59856.37780434,59976.08795407,59757.76117307,59877.43662725,142.436927
2025-01-02T15:35:00,59877.43662725,59902.36443322,59854.05555650,59878.98275873,86.921350
2025-01-02T15:36:00,59878.98275873,59982.45784854,59856.18371313,59959.62809706,159.703110
2025-01-02T15:37:00,59959.62809706,60139.56521222,59930.80857661,60110.67309217,144.426848
2025-01-02T15:38:00,60110.67309217,60217.70496524,60009.43290355,60116.45503850,112.345769
2025-01-02T15:39:00,60116.45503850,60253.12436992,60105.43862218,60242.08493176,168.676026
2025-01-02T15:40:00,60242.08493176,60357.42630592,60176.42137422,60291.70865878,55.105282
2025-01-02T15:41:00,60291.70865878,60354.14513486,60070.92047989,60133.19280120,97.709800
2025-01-02T15:42:00,60133.19280120,60189.33399900,60007.83878983,60063.91530918,291.409843
2025-01-02T15:43:00,60063.91530918,60174.59837577,59995.26932044,60105.90439844,88.945654
2025-01-02T15:44:00,60105.90439844,60255.42062937,59917.16518675,60066.58360538,141.275193
2025-01-02T15:45:00,60066.58360538,60095.08044717,60019.32088488,60047.80881952,74.626807
2025-01-02T15:46:00,60047.80881952,60085.26985581,59926.40233926,59963.81097320,131.257421
2025-01-02T15:47:00,59963.81097320,60119.66901509,59785.85177355,59941.65222037,61.622213
2025-01-02T15:48:00,59941.65222037,59992.09889806,59804.33839297,59854.71190200,130.910759
2025-01-02T15:49:00,59854.71190200,59985.45206377,59741.62794139,59872.33480807,100.563606
2025-01-02T15:50:00,59872.33480807,59963.16756037,59781.25100130,59872.08337214,48.798617
2025-01-02T15:51:00,59872.08337214,59934.26227388,59654.20390809,59716.22094215,189.196989
2025-01-02T15:52:00,59716.22094215,59935.53130569,59652.03647580,59871.18028521,265.381134
2025-01-02T15:53:00,59871.18028521,60094.18395362,59765.11238955,59987.90926069,125.301734
2025-01-02T15:54:00,59987.90926069,60015.79736548,59914.94061052,59942.80774783,46.940740
2025-01-02T15:55:00,59942.80774783,59976.49942740,59766.84074815,59800.45241494,171.094427
2025-01-02T15:56:00,59800.45241494,59818.46347920,59729.83936901,59747.83458551,96.585921
2025-01-02T15:57:00,59747.83458551,59878.19049535,59596.09127434,59726.40041981,141.907563
2025-01-02T15:58:00,59726.40041981,59847.57832512,59652.17371492,59773.29334271,65.219874
2025-01-02T15:59:00,59773.29334271,59868.98868992,59579.57312056,59675.11128107,136.926409
2025-01-02T16:00:00,59675.11128107,59722.76605657,59616.15022955,59663.79596897,51.775390
2025-01-02T16:01:00,59663.79596897,59686.74528714,59545.62517077,59568.53784847,175.091434
2025-01-02T16:02:00,59568.53784847,59697.29105606,59511.48649521,59640.17109656,140.431473
2025-01-02T16:03:00,59640.17109656,59708.69545129,59431.25913089,59499.62199990,259.526514
2025-01-02T16:04:00,59499.62199990,59613.11999717,59453.62969842,59567.07555512,62.080266
2025-01-02T16:05:00,59567.07555512,59622.61462041,59511.65028915,59567.18924865,94.905236
2025-01-02T16:06:00,59567.18924865,59636.66529397,59379.43153700,59448.76946370,251.668156
2025-01-02T16:07:00,59448.76946370,59681.50438239,59328.32276544,59560.83064160,121.682949
2025-01-02T16:08:00,59560.83064160,59632.32301997,59470.79250036,59542.26259102,66.197196
2025-01-02T16:09:00,59542.26259102,59574.94338429,59485.04844630,59517.71576663,24.823778
2025-01-02T16:10:00,59517.71576663,59743.27324045,59420.69457582,59646.04286070,74.636950
2025-01-02T16:11:00,59646.04286070,59661.11183342,59608.21643241,59623.27965423,72.082932
2025-01-02T16:12:00,59623.27965423,59632.64331105,59601.48325162,59610.84495561,119.649512
2025-01-02T16:13:00,59610.84495561,59741.84444836,59572.62016503,59703.56020516,124.935366
2025-01-02T16:14:00,59703.56020516,59792.09655538,59557.11432691,59645.56467368,95.903079
2025-01-02T16:15:00,59645.56467368,59773.75826061,59552.49773652,59680.63659957,139.441101
2025-01-02T16:16:00,59680.63659957,59698.27134938,59539.85008947,59557.44843899,261.039826
2025-01-02T16:17:00,59557.44843899,59614.84258188,59548.18705271,59605.57371196,69.377145
2025-01-02T16:18:00,59605.57371196,59708.67830039,59488.71312118,59591.79387351,101.645701
2025-01-02T16:19:00,59591.79387351,59636.65897044,59497.24237878,59542.07003995,68.327578
2025-01-02T16:20:00,59542.07003995,59715.06167241,59421.00329915,59593.88956710,99.242838
2025-01-02T16:21:00,59593.88956710,59662.90353885,59582.19085584,59651.19357840,268.806125
2025-01-02T16:22:00,59651.19357840,59841.64052151,59496.64348283,59686.99766125,114.721316
2025-01-02T16:23:00,59686.99766125,59802.78368473,59497.34806357,59612.99052156,175.852901
2025-01-02T16:24:00,59612.99052156,59654.36943843,59367.07957161,59408.31641889,363.975529
2025-01-02T16:25:00,59408.31641889,59511.13396948,59299.68627398,59402.49374732,31.172036
2025-01-02T16:26:00,59402.49374732,59490.24494929,59293.76324113,59381.48340598,172.401823
2025-01-02T16:27:00,59381.48340598,59406.96116665,59358.63280391,59384.10955401,52.702801
2025-01-02T16:28:00,59384.10955401,59393.77224886,59241.16774496,59250.80874974,307.252583
2025-01-02T16:29:00,59250.80874974,59309.26602287,59218.05467992,59276.49775207,33.526424
2025-01-02T16:30:00,59276.49775207,59365.59407402,59233.40643276,59322.46933545,108.877932
2025-01-02T16:31:00,59322.46933545,59381.93182365,59176.33428040,59235.70980429,85.434092
2025-01-02T16:32:00,59235.70980429,59391.84569162,59195.71117887,59351.76869800,150.566469
2025-01-02T16:33:00,59351.76869800,59455.13480924,59051.61975881,59154.64255826,211.296553
2025-01-02T16:34:00,59154.64255826,59183.12227064,58838.33630200,58866.67737496,295.368219
2025-01-02T16:35:00,58866.67737496,58896.03135904,58782.76227618,58812.08903968,165.548551
2025-01-02T16:36:00,58812.08903968,58871.94584580,58662.20578051,58721.97086763,184.234590
2025-01-02T16:37:00,58721.97086763,58791.59050228,58494.97780040,58564.41063467,444.155218
2025-01-02T16:38:00,58564.41063467,58605.97596038,58538.24704980,58579.80549787,48.506952
2025-01-02T16:39:00,58579.80549787,58739.56062288,58488.75040460,58648.39890960,205.006489
2025-01-02T16:40:00,58648.39890960,58719.93329255,58618.97115030,58690.48441619,171.504576
2025-01-02T16:41:00,58690.48441619,58753.52780223,58620.03746280,58683.07288763,31.262582
2025-01-02T16:42:00,58683.07288763,58806.92901790,58618.26208821,58742.05307954,123.055926
2025-01-02T16:43:00,58742.05307954,58814.90647022,58680.22491118,58753.06670962,66.086714
2025-01-02T16:44:00,58753.06670962,58774.22618738,58643.04966686,58664.17713171,95.798046
2025-01-02T16:45:00,58664.17713171,58769.58390737,58592.57880384,58697.94436734,114.577674
2025-01-02T16:46:00,58697.94436734,58731.42984265,58540.34042579,58573.75505470,139.701425
2025-01-02T16:47:00,58573.75505470,58626.44560674,58495.28942863,58547.95677359,33.442475
2025-01-02T16:48:00,58547.95677359,58641.97923768,58393.96711215,58487.89311971,71.911581
2025-01-02T16:49:00,58487.89311971,58650.05531333,58420.73185873,58582.78508854,134.669863
2025-01-02T16:50:00,58582.78508854,58779.90304404,58535.92570285,58732.92356511,128.974013
2025-01-02T16:51:00,58732.92356511,58780.71200585,58476.93677534,58524.55567613,426.182115
2025-01-02T16:52:00,58524.55567613,58687.16289055,58416.50017517,58579.00685488,82.287804
2025-01-02T16:53:00,58579.00685488,58801.70369782,58496.18524328,58718.68460359,197.568568
2025-01-02T16:54:00,58718.68460359,58771.02778724,58656.72540544,58709.06000950,64.045032
2025-01-02T16:55:00,58709.06000950,58757.26825449,58604.97134596,58653.13366770,89.701642
2025-01-02T16:56:00,58653.13366770,58779.44851557,58458.28351411,58584.45044643,96.958442
2025-01-02T16:57:00,58584.45044643,58608.98233306,58452.24701380,58476.73379473,59.636446
2025-01-02T16:58:00,58476.73379473,58503.95298801,58446.78974677,58474.00767113,76.367876
2025-01-02T16:59:00,58474.00767113,58574.69672532,58463.77822236,58564.45145431,230.775894
2025-01-02T17:00:00,58564.45145431,58604.17337152,58359.21657803,58398.82615824,162.802806
2025-01-02T17:01:00,58398.82615824,58612.62974198,58309.48572822,58523.09919501,245.363459
2025-01-02T17:02:00,58523.09919501,58535.60634697,58504.59947666,58517.10534766,119.407512
2025-01-02T17:03:00,58517.10534766,58774.93449838,58416.57087391,58674.13025024,553.843497
2025-01-02T17:04:00,58674.13025024,58793.60120525,58569.04712437,58688.49235739,91.073006
2025-01-02T17:05:00,58688.49235739,58734.23302355,58507.76591786,58553.40129668,324.688052
2025-01-02T17:06:00,58553.40129668,58602.67228588,58496.35646977,58545.62091201,38.231897
2025-01-02T17:07:00,58545.62091201,58597.72356711,58464.32234739,58516.39899646,115.661017
2025-01-02T17:08:00,58516.39899646,58573.92793389,58442.29304939,58499.80567351,66.342657
2025-01-02T17:09:00,58499.80567351,58593.86699227,58316.13871784,58410.05572846,166.903676
2025-01-02T17:10:00,58410.05572846,58469.70253380,58373.69435430,58433.32667303,208.639448
2025-01-02T17:11:00,58433.32667303,58482.86603200,58377.33776543,58426.87165187,56.464233
2025-01-02T17:12:00,58426.87165187,58556.94456608,58348.49387777,58478.49753750,109.610396
2025-01-02T17:13:00,58478.49753750,58564.23817632,58409.77574325,58495.49640562,86.116967
2025-01-02T17:14:00,58495.49640562,58701.37210294,58470.14244378,58675.93993066,295.974874
2025-01-02T17:15:00,58675.93993066,58741.59752671,58652.81950929,58718.46035077,177.723499
2025-01-02T17:16:00,58718.46035077,58747.23536770,58504.77206386,58533.45641950,349.953716
2025-01-02T17:17:00,58533.45641950,58698.37921063,58418.56090308,58583.38568789,56.979505
2025-01-02T17:18:00,58583.38568789,58601.23724596,58457.28078087,58475.09934187,269.906799
2025-01-02T17:19:00,58475.09934187,58498.98855574,58381.59548865,58405.45625077,74.316171
2025-01-02T17:20:00,58405.45625077,58544.92259892,58386.31414522,58525.74107060,107.289615
2025-01-02T17:21:00,58525.74107060,58608.46100641,58514.29763405,58597.00363602,140.826392
2025-01-02T17:22:00,58597.00363602,58646.75230249,58469.83906518,58519.52194995,162.241233
2025-01-02T17:23:00,58519.52194995,58719.45696506,58429.00314635,58628.76917634,191.426226
2025-01-02T17:24:00,58628.76917634,58653.52947960,58520.00221090,58544.72702119,325.357136
2025-01-02T17:25:00,58544.72702119,58620.32610769,58535.70478418,58611.29361220,103.238090
2025-01-02T17:26:00,58611.29361220,58687.00944399,58529.59847567,58605.30657321,58.856641
2025-01-02T17:27:00,58605.30657321,58671.02946676,58576.81287233,58642.51767397,109.513335
2025-01-02T17:28:00,58642.51767397,58936.73738686,58517.34369201,58811.20334095,187.395491
2025-01-02T17:29:00,58811.20334095,58860.22064635,58665.85990894,58714.79686255,93.011999
2025-01-02T17:30:00,58714.79686255,58842.84839547,58595.96768394,58724.00059002,109.698288
2025-01-02T17:31:00,58724.00059002,58758.14320607,58669.18563212,58703.31622212,138.599939
2025-01-02T17:32:00,58703.31622212,58758.43814583,58674.35896328,58729.46798681,112.214392
2025-01-02T17:33:00,58729.46798681,59121.95502437,58632.26023099,59024.25933623,499.085520
2025-01-02T17:34:00,59024.25933623,59095.38140003,58991.21380662,59062.31456469,151.581442
2025-01-02T17:35:00,59062.31456469,59107.73380653,58990.25697636,59035.65571740,107.904252
2025-01-02T17:36:00,59035.65571740,59149.00155016,58957.88824686,59071.18727402,216.194964
2025-01-02T17:37:00,59071.18727402,59153.68392712,58994.76544257,59077.25424668,143.019136
2025-01-02T17:38:00,59077.25424668,59212.17133002,58922.33110794,59057.20239807,59.469859
2025-01-02T17:39:00,59057.20239807,59108.89904699,58943.49780398,58995.14012571,102.015739
2025-01-02T17:40:00,58995.14012571,59099.15985909,58975.10689394,59079.09811735,89.621013
2025-01-02T17:41:00,59079.09811735,59254.08637937,59003.94061743,59178.80204106,75.718410
2025-01-02T17:42:00,59178.80204106,59289.28050254,59065.76308481,59176.23675727,123.019783
2025-01-02T17:43:00,59176.23675727,59256.76686972,59157.09396959,59237.60423041,92.466072
2025-01-02T17:44:00,59237.60423041,59284.65641130,59221.31059065,59268.35431355,155.039731
2025-01-02T17:45:00,59268.35431355,59285.22392204,59256.22280060,59273.09143945,64.098651
2025-01-02T17:46:00,59273.09143945,59294.20248775,59207.78390414,59228.87920555,67.177335
2025-01-02T17:47:00,59228.87920555,59327.14154702,59210.77462804,59309.01247506,82.904599
2025-01-02T17:48:00,59309.01247506,59376.23048266,59271.03727201,59338.23656760,45.214564
2025-01-02T17:49:00,59338.23656760,59421.98188265,59313.06518941,59396.78566783,99.296658
2025-01-02T17:50:00,59396.78566783,59500.00304279,59386.44991984,59489.65113510,143.458779
2025-01-02T17:51:00,59489.65113510,59569.78114147,59262.78270065,59342.71479007,147.602226
2025-01-02T17:52:00,59342.71479007,59507.19552941,59323.73460410,59488.16882140,218.557104
2025-01-02T17:53:00,59488.16882140,59554.38986883,59365.93813912,59432.09676825,84.018055
2025-01-02T17:54:00,59432.09676825,59465.99239314,59360.20065890,59394.07459878,67.667802
2025-01-02T17:55:00,59394.07459878,59601.40909915,59226.22419669,59433.44742763,145.868062
2025-01-02T17:56:00,59433.44742763,59491.64654457,59350.84478751,59409.01998432,220.508302
2025-01-02T17:57:00,59409.01998432,59535.77740461,59389.15559689,59515.87728767,123.036966
2025-01-02T17:58:00,59515.87728767,59680.77369056,59402.51308201,59567.31151440,126.110477
2025-01-02T17:59:00,59567.31151440,59685.46730553,59480.25686554,59598.36727024,94.035735
2025-01-02T18:00:00,59598.36727024,59642.77308234,59527.57813800,59571.96427764,69.266013
2025-01-02T18:01:00,59571.96427764,59622.69155328,59498.97658585,59549.68488993,152.937067
2025-01-02T18:02:00,59549.68488993,59586.85850422,59475.93307069,59513.08383694,107.587569
2025-01-02T18:03:00,59513.08383694,59547.11713471,59442.72037331,59476.73288333,38.335964
2025-01-02T18:04:00,59476.73288333,59520.21227592,59395.98614873,59439.43827776,99.223020
2025-01-02T18:05:00,59439.43827776,59463.65118006,59366.07788834,59390.27076205,164.952332
2025-01-02T18:06:00,59390.27076205,59424.16830424,59368.20089007,59402.09403865,73.355791
2025-01-02T18:07:00,59402.09403865,59429.30427948,59370.19156349,59397.39965397,193.101772
2025-01-02T18:08:00,59397.39965397,59421.87756948,59381.28464802,59405.76029522,81.604741
2025-01-02T18:09:00,59405.76029522,59449.97472271,59358.49012791,59402.70227939,108.445913
2025-01-02T18:10:00,59402.70227939,59414.77404242,59361.65305222,59373.71892528,192.816672
2025-01-02T18:11:00,59373.71892528,59427.09662449,59351.26717115,59404.63318035,50.708318
2025-01-02T18:12:00,59404.63318035,59848.10619158,59361.78577248,59804.97002852,660.406240
2025-01-02T18:13:00,59804.97002852,59875.64090067,59758.97830320,59829.63021097,104.732901
2025-01-02T18:14:00,59829.63021097,59903.01998804,59774.87461919,59848.24735800,114.108655
2025-01-02T18:15:00,59848.24735800,59866.21738984,59824.02131194,59841.98946479,79.432744
2025-01-02T18:16:00,59841.98946479,59892.72928731,59780.24945092,59830.97993850,175.290300
2025-01-02T18:17:00,59830.97993850,59878.85367536,59797.88830448,59845.75387010,108.474905
2025-01-02T18:18:00,59845.75387010,59865.92418508,59808.05450607,59828.21891111,76.971246
2025-01-02T18:19:00,59828.21891111,59849.82659337,59810.66366936,59832.27016288,59.423095
2025-01-02T18:20:00,59832.27016288,59900.42976245,59787.29915152,59855.44133522,164.260308
2025-01-02T18:21:00,59855.44133522,59917.80234295,59825.90785671,59888.25267487,105.869462
2025-01-02T18:22:00,59888.25267487,59911.62742609,59802.73054034,59826.08102558,142.993620
2025-01-02T18:23:00,59826.08102558,59840.14578728,59789.83640334,59803.89594946,81.277550
2025-01-02T18:24:00,59803.89594946,59850.07117524,59695.84196496,59741.96937658,168.349433
2025-01-02T18:25:00,59741.96937658,59794.32991547,59670.68288258,59723.02681936,39.324827
2025-01-02T18:26:00,59723.02681936,59747.03752505,59700.96761866,59724.97760381,101.294945
2025-01-02T18:27:00,59724.97760381,59783.54664676,59689.69372608,59748.24902092,130.721332
2025-01-02T18:28:00,59748.24902092,59766.54251689,59731.37469635,59749.66779163,124.582905
2025-01-02T18:29:00,59749.66779163,59806.90205619,59726.00374930,59783.22472353,98.726134
2025-01-02T18:30:00,59783.22472353,59825.30237184,59735.26064031,59777.33414260,36.052228
2025-01-02T18:31:00,59777.33414260,59805.06187950,59756.08329428,59783.80872947,85.764851
2025-01-02T18:32:00,59783.80872947,59833.84781208,59752.07223549,59802.10160724,92.876727
2025-01-02T18:33:00,59802.10160724,59840.26263141,59763.27869130,59801.43929284,119.481859
2025-01-02T18:34:00,59801.43929284,59813.14839779,59791.64152292,59803.35031477,77.920403
2025-01-02T18:35:00,59803.35031477,59818.40081176,59788.29648927,59803.34698542,187.818750
2025-01-02T18:36:00,59803.34698542,59817.93021491,59774.05745911,59788.63710155,128.339905
2025-01-02T18:37:00,59788.63710155,59831.04712788,59703.26084545,59745.64037279,140.180218
2025-01-02T18:38:00,59745.64037279,59781.67221629,59735.02067193,59771.04799926,141.380384
2025-01-02T18:39:00,59771.04799926,59801.19336229,59731.14677307,59761.28721327,78.591929
2025-01-02T18:40:00,59761.28721327,59798.78175520,59700.67250851,59738.15253562,94.045672
2025-01-02T18:41:00,59738.15253562,59819.76680930,59689.42647637,59771.01394629,105.920642
2025-01-02T18:42:00,59771.01394629,59785.16793728,59747.01633377,59761.16799320,55.914264
2025-01-02T18:43:00,59761.16799320,59791.03538106,59711.39884059,59741.25627700,87.822140
2025-01-02T18:44:00,59741.25627700,59757.65088977,59699.65292250,59716.04061542,70.841019
2025-01-02T18:45:00,59716.04061542,59759.81137781,59648.27853723,59692.03170153,79.715951
2025-01-02T18:46:00,59692.03170153,59736.85000115,59634.00859858,59678.81697625,53.558714
2025-01-02T18:47:00,59678.81697625,59737.12240666,59643.47534352,59701.76718288,113.544285
2025-01-02T18:48:00,59701.76718288,59799.46765548,59670.33330883,59767.99890943,79.506342
2025-01-02T18:49:00,59767.99890943,59793.96216454,59755.12354255,59781.08397885,105.277322
2025-01-02T18:50:00,59781.08397885,60168.64520413,59761.02742630,60148.46539512,502.931500
2025-01-02T18:51:00,60148.46539512,60166.48023778,60060.25372160,60078.24753357,55.768722
2025-01-02T18:52:00,60078.24753357,60137.78066208,60033.93927757,60093.46118587,43.636648
2025-01-02T18:53:00,60093.46118587,60141.29107938,60063.69201985,60111.51297085,119.117174
2025-01-02T18:54:00,60111.51297085,60151.54945816,60038.49775382,60078.51226143,153.270711
2025-01-02T18:55:00,60078.51226143,60192.27611180,60028.57091519,60142.28175601,119.566327
2025-01-02T18:56:00,60142.28175601,60191.93028389,60028.18191665,60077.77719486,108.015973
2025-01-02T18:57:00,60077.77719486,60110.78907302,60056.63751437,60089.64521650,101.216614
2025-01-02T18:58:00,60089.64521650,60103.24714258,60052.57360561,60066.17021788,111.899457
2025-01-02T18:59:00,60066.17021788,60118.97473836,59989.61199923,60042.39561932,112.783541
2025-01-02T19:00:00,60042.39561932,60062.55629859,59947.08928553,59967.22472436,105.292056
2025-01-02T19:01:00,59967.22472436,60016.95818610,59917.23351584,59966.96676363,95.152017
2025-01-02T19:02:00,59966.96676363,59989.96216355,59938.25941102,59961.25261974,114.430320
2025-01-02T19:03:00,59961.25261974,59988.67679924,59916.23538682,59943.65151619,61.564140
2025-01-02T19:04:00,59943.65151619,60019.32403739,59925.36721695,60001.02223866,123.634508
2025-01-02T19:05:00,60001.02223866,60028.56562273,59983.01286037,60010.55338367,70.396288
2025-01-02T19:06:00,60010.55338367,60038.20276080,59992.17288123,60019.81942029,74.428878
2025-01-02T19:07:00,60019.81942029,60109.22333057,59848.64817261,59937.93010276,129.486144
2025-01-02T19:08:00,59937.93010276,59961.27216343,59923.81473471,59947.15462301,111.827086
2025-01-02T19:09:00,59947.15462301,60071.44796020,59918.76970700,60043.01765314,328.060535
2025-01-02T19:10:00,60043.01765314,60052.54914185,60026.25140449,60035.78174454,130.518141
2025-01-02T19:11:00,60035.78174454,60068.36849076,59982.87791607,60015.45362842,146.513546
2025-01-02T19:12:00,60015.45362842,60075.04029311,60003.13073878,60062.70770086,134.090641
2025-01-02T19:13:00,60062.70770086,60120.48438261,59993.95085970,60051.71696903,96.085861
2025-01-02T19:14:00,60051.71696903,60076.21016265,60000.76228535,60025.24468176,39.515473
2025-01-02T19:15:00,60025.24468176,60105.14376777,59966.37622450,60046.25470539,91.088378
2025-01-02T19:16:00,60046.25470539,60073.75639908,60009.47121040,60036.96865101,66.163374
2025-01-02T19:17:00,60036.96865101,60184.08257137,59958.97213360,60105.99637719,170.817458
2025-01-02T19:18:00,60105.99637719,60156.70121387,60061.91880057,60112.61878084,55.023564
2025-01-02T19:19:00,60112.61878084,60130.64119683,60084.67733283,60102.69677410,92.645665
2025-01-02T19:20:00,60102.69677410,60125.84915169,60000.06673817,60023.18848808,123.616856
2025-01-02T19:21:00,60023.18848808,60054.32208656,59995.40373182,60026.53578083,13.602040
2025-01-02T19:22:00,60026.53578083,60067.48516013,59981.02123750,60021.96750038,98.564907
2025-01-02T19:23:00,60021.96750038,60123.80937787,59961.66791931,60063.46810425,164.916486
2025-01-02T19:24:00,60063.46810425,60094.11696239,59993.66657186,60024.29544119,141.240826
2025-01-02T19:25:00,60024.29544119,60042.71276541,59997.77978623,60016.19462487,97.461754
2025-01-02T19:26:00,60016.19462487,60032.47178931,59991.10598766,60007.38076167,79.834558
2025-01-02T19:27:00,60007.38076167,60072.71424145,59974.98405357,60040.29976108,169.769724
2025-01-02T19:28:00,60040.29976108,60074.70326436,60017.09811411,60051.49729027,36.988569
2025-01-02T19:29:00,60051.49729027,60086.25111365,60037.55593920,60072.30493194,80.985861
2025-01-02T19:30:00,60072.30493194,60110.02235884,60020.32294594,60058.03141097,114.358621
2025-01-02T19:31:00,60058.03141097,60076.82089048,60042.88110665,60061.66966837,49.201448
2025-01-02T19:32:00,60061.66966837,60126.87031948,60039.75581172,60104.94067514,153.657803
2025-01-02T19:33:00,60104.94067514,60148.69807278,60088.47363648,60132.22355939,205.250603
2025-01-02T19:34:00,60132.22355939,60157.58162550,60099.19447117,60124.54930100,79.354120
2025-01-02T19:35:00,60124.54930100,60174.94005532,60073.17486211,60123.56479131,102.482857
2025-01-02T19:36:00,60123.56479131,60143.91499116,60071.41280234,60091.75223451,66.798810
2025-01-02T19:37:00,60091.75223451,60122.65264984,60022.45315880,60053.33381860,74.303951
2025-01-02T19:38:00,60053.33381860,60093.72289047,59998.41083622,60038.79012669,59.550970
2025-01-02T19:39:00,60038.79012669,60053.56074856,60026.48279985,60041.25291688,46.838366
2025-01-02T19:40:00,60041.25291688,60071.44284219,60029.51321445,60059.69953295,61.958765
2025-01-02T19:41:00,60059.69953295,60125.29536833,60002.68689420,60068.27458958,62.811869
2025-01-02T19:42:00,60068.27458958,60115.89362004,60048.91523282,60096.52515843,188.120959
2025-01-02T19:43:00,60096.52515843,60113.45274348,60063.33996344,60080.26296786,67.854735
2025-01-02T19:44:00,60080.26296786,60148.18591130,59980.49126404,60048.37816054,96.906109
2025-01-02T19:45:00,60048.37816054,60088.84717167,59983.35514680,60023.80759885,296.734086
2025-01-02T19:46:00,60023.80759885,60097.27472809,60008.88256309,60082.33513935,84.130459
2025-01-02T19:47:00,60082.33513935,60125.49261764,60020.86656877,60064.01088464,106.709207
2025-01-02T19:48:00,60064.01088464,60124.80637728,60026.79402892,60087.57492082,111.473529
2025-01-02T19:49:00,60087.57492082,60142.61144993,60023.72563220,60078.75408197,63.601030
2025-01-02T19:50:00,60078.75408197,60162.49894734,60047.79237775,60131.51005523,110.786979
2025-01-02T19:51:00,60131.51005523,60176.04581916,60060.31272589,60104.82872857,54.420481
2025-01-02T19:52:00,60104.82872857,60146.07168127,59977.15686912,60018.34047500,113.224216
2025-01-02T19:53:00,60018.34047500,60060.13209912,59969.14667021,60010.93313650,102.105884
2025-01-02T19:54:00,60010.93313650,60022.03518745,59950.64088629,59961.73383535,108.096675
2025-01-02T19:55:00,59961.73383535,60034.31928490,59950.62880127,60023.20286663,58.163967
2025-01-02T19:56:00,60023.20286663,60042.88759141,60010.78962531,60030.47284660,110.181711
2025-01-02T19:57:00,60030.47284660,60098.03232849,60003.64080128,60071.18208720,50.607729
2025-01-02T19:58:00,60071.18208720,60094.04026603,60024.95527244,60047.80455569,155.959734
2025-01-02T19:59:00,60047.80455569,60082.96828942,59993.91596215,60029.06872426,149.713448
2025-01-02T20:00:00,60029.06872426,60137.56072719,59973.53943936,60081.98249494,126.053025
2025-01-02T20:01:00,60081.98249494,60118.71232529,60010.40938570,60047.11790232,168.606949
2025-01-02T20:02:00,60047.11790232,60071.42867682,59993.08531323,60017.38404963,194.397145
2025-01-02T20:03:00,60017.38404963,60033.73310522,59983.23512889,59999.57933438,119.902600
2025-01-02T20:04:00,59999.57933438,60029.79569701,59939.99400863,59970.19557332,136.592018
2025-01-02T20:05:00,59970.19557332,59999.77430622,59940.70921408,59970.28790158,69.471712
2025-01-02T20:06:00,59970.28790158,60003.24980148,59954.16886404,59987.12623807,136.166801
2025-01-02T20:07:00,59987.12623807,60011.91049065,59954.92480895,59979.70599578,76.083358
2025-01-02T20:08:00,59979.70599578,60053.24316498,59967.27719918,60040.80170832,90.675572
2025-01-02T20:09:00,60040.80170832,60050.29304324,60027.50574839,60036.99648178,90.293888
2025-01-02T20:10:00,60036.99648178,60049.28232565,59972.76836484,59985.04357718,112.006613
2025-01-02T20:11:00,59985.04357718,60005.14262566,59952.52462052,59972.61950609,62.799562
2025-01-02T20:12:00,59972.61950609,60079.28203298,59943.16133906,60049.78596228,115.395975
2025-01-02T20:13:00,60049.78596228,60078.05153569,59987.27145275,60015.52089751,63.062184
2025-01-02T20:14:00,60015.52089751,60046.38490146,60005.90054341,60036.76114260,69.030265
2025-01-02T20:15:00,60036.76114260,60048.10539865,60006.88527814,60018.22603188,72.594484
2025-01-02T20:16:00,60018.22603188,60041.23511821,59982.20345190,60005.20754736,42.137329
2025-01-02T20:17:00,60005.20754736,60058.34595162,59966.64737313,60019.77641523,91.057832
2025-01-02T20:18:00,60019.77641523,60068.66060590,59999.13129326,60048.00577382,44.453159
2025-01-02T20:19:00,60048.00577382,60104.12971816,59999.67685044,60055.79452609,22.902034
2025-01-02T20:20:00,60055.79452609,60077.85122151,60031.45073898,60053.50659410,61.753906
2025-01-02T20:21:00,60053.50659410,60075.20686539,59996.40329426,60018.09076807,96.345279
2025-01-02T20:22:00,60018.09076807,60037.48606983,59950.59013780,59969.96988893,107.543221
2025-01-02T20:23:00,59969.96988893,60024.48378387,59937.27032097,59991.77232778,92.628268
2025-01-02T20:24:00,59991.77232778,60005.07609943,59979.18491053,59992.48853190,60.209435
2025-01-02T20:25:00,59992.48853190,60015.07468810,59955.96738155,59978.54828949,55.355988
2025-01-02T20:26:00,59978.54828949,60026.42452171,59955.95080097,60003.81751278,56.040035
2025-01-02T20:27:00,60003.81751278,60019.80591040,59949.99092453,59965.96923723,65.833797
2025-01-02T20:28:00,59965.96923723,60006.86663051,59917.67383981,59958.56618413,38.429381
2025-01-02T20:29:00,59958.56618413,60027.44028549,59940.98602445,60009.84509057,123.527606
2025-01-02T20:30:00,60009.84509057,60036.43845120,59970.22331502,59996.81089955,90.865422
2025-01-02T20:31:00,59996.81089955,60106.17561123,59939.67274530,60048.98776618,137.026221
2025-01-02T20:32:00,60048.98776618,60097.78928217,60016.37904228,60065.17176979,101.347765
2025-01-02T20:33:00,60065.17176979,60125.45054133,60048.78178172,60109.04858059,179.447322
2025-01-02T20:34:00,60109.04858059,60139.43082653,60043.29378749,60073.65814526,60.005040
2025-01-02T20:35:00,60073.65814526,60105.06383640,60011.65172759,60043.04141271,107.086669
2025-01-02T20:36:00,60043.04141271,60079.44319850,60025.10390492,60061.50017626,76.891403
2025-01-02T20:37:00,60061.50017626,60087.77968694,59946.61278826,59972.85351219,268.092090
2025-01-02T20:38:00,59972.85351219,59989.10716781,59943.89044252,59960.14065275,129.064141
2025-01-02T20:39:00,59960.14065275,59977.83341049,59895.52442926,59913.20333696,136.057222
2025-01-02T20:40:00,59913.20333696,59934.94371296,59857.00343182,59878.73129914,53.925958
2025-01-02T20:41:00,59878.73129914,59999.60227317,59789.99855871,59910.82197839,112.054894
2025-01-02T20:42:00,59910.82197839,59923.86597601,59861.96093093,59874.99712863,111.921269
2025-01-02T20:43:00,59874.99712863,59912.39132095,59859.33352895,59896.72203792,138.545131
2025-01-02T20:44:00,59896.72203792,59935.86288643,59886.84140520,59925.97742770,129.331693
2025-01-02T20:45:00,59925.97742770,59951.28460722,59914.38387426,59939.68840119,91.246930
2025-01-02T20:46:00,59939.68840119,59970.02232962,59888.81520010,59919.13872887,147.647473
2025-01-02T20:47:00,59919.13872887,59937.79054670,59879.38415500,59898.02940186,120.675262
2025-01-02T20:48:00,59898.02940186,59935.54811680,59827.39198937,59864.88994652,102.114103
2025-01-02T20:49:00,59864.88994652,59899.92790361,59822.90365946,59857.93754742,103.537007
2025-01-02T20:50:00,59857.93754742,59951.08519103,59834.27038319,59927.39056585,110.905238
2025-01-02T20:51:00,59927.39056585,59996.21260347,59899.29758456,59968.10053801,106.957176
2025-01-02T20:52:00,59968.10053801,60013.95363731,59957.08373093,60002.93043160,84.455694
2025-01-02T20:53:00,60002.93043160,60024.18466815,59948.84093649,59970.08353801,138.228458
2025-01-02T20:54:00,59970.08353801,59987.63140335,59893.04297688,59910.57342895,120.596812
2025-01-02T20:55:00,59910.57342895,59935.44699852,59858.33891572,59883.20112090,90.082910
2025-01-02T20:56:00,59883.20112090,59925.82146764,59789.17218325,59831.75591518,159.322695
2025-01-02T20:57:00,59831.75591518,59863.08207188,59801.33961951,59832.66531390,146.928864
2025-01-02T20:58:00,59832.66531390,59917.28985873,59793.32186099,59877.91665043,117.274229
2025-01-02T20:59:00,59877.91665043,59950.81962278,59821.60963616,59894.49701693,30.369055
2025-01-02T21:00:00,59894.49701693,59940.28887009,59872.60836495,59918.39148579,56.085871
2025-01-02T21:01:00,59918.39148579,60003.56411850,59878.48975654,59963.63226185,82.077444
2025-01-02T21:02:00,59963.63226185,59985.12397869,59922.38702704,59943.87166143,79.397164
2025-01-02T21:03:00,59943.87166143,59999.26763396,59931.18083784,59986.56777110,144.983273
2025-01-02T21:04:00,59986.56777110,60006.74959236,59965.13164663,59985.31304575,45.282000
2025-01-02T21:05:00,59985.31304575,60011.03937252,59844.10410061,59869.78087828,176.765826
2025-01-02T21:06:00,59869.78087828,59909.42420305,59777.83469395,59817.44336294,62.458758
2025-01-02T21:07:00,59817.44336294,59858.63270263,59776.98188515,59818.17073283,95.055186
2025-01-02T21:08:00,59818.17073283,59922.77168453,59770.00764349,59874.56319035,27.234928
2025-01-02T21:09:00,59874.56319035,59935.49529783,59839.28514831,59900.20214933,137.041530
2025-01-02T21:10:00,59900.20214933,59960.79696039,59824.51708986,59885.09662022,110.901451
2025-01-02T21:11:00,59885.09662022,59966.29604291,59870.22622469,59951.40918095,184.218180
2025-01-02T21:12:00,59951.40918095,59972.21361589,59899.96546891,59920.75926766,67.649834
2025-01-02T21:13:00,59920.75926766,59964.02838874,59859.22193587,59902.47785583,54.881090
2025-01-02T21:14:00,59902.47785583,59939.39451973,59804.70941374,59841.58855281,68.435838
2025-01-02T21:15:00,59841.58855281,59966.07323743,59760.62151357,59885.04739739,86.583719
2025-01-02T21:16:00,59885.04739739,59921.10271727,59853.54202744,59889.59495487,74.058526
2025-01-02T21:17:00,59889.59495487,59917.99808456,59810.09221586,59838.47109965,88.906983
2025-01-02T21:18:00,59838.47109965,59851.97467088,59776.76786294,59790.26055464,152.103089
2025-01-02T21:19:00,59790.26055464,59901.63038129,59728.13584900,59839.45456092,198.317267
2025-01-02T21:20:00,59839.45456092,59919.75367509,59802.91938046,59883.19179072,80.437255
2025-01-02T21:21:00,59883.19179072,59906.06208873,59856.99053636,59879.85956174,109.734395
2025-01-02T21:22:00,59879.85956174,59900.84982057,59867.76741331,59888.75587562,170.728457
2025-01-02T21:23:00,59888.75587562,59911.92916479,59868.11794868,59891.29036445,92.802792
2025-01-02T21:24:00,59891.29036445,59933.86971650,59792.73868015,59835.27821069,151.319775
2025-01-02T21:25:00,59835.27821069,59907.14054461,59810.68959919,59882.53251450,111.652867
2025-01-02T21:26:00,59882.53251450,59892.68391031,59847.19908878,59857.34621497,69.002365
2025-01-02T21:27:00,59857.34621497,59893.53368378,59821.72351311,59857.91064601,78.447101
2025-01-02T21:28:00,59857.91064601,59898.96654874,59826.76523215,59867.81598091,80.602961
2025-01-02T21:29:00,59867.81598091,59897.87382484,59847.33563061,59877.39019926,57.697018
2025-01-02T21:30:00,59877.39019926,59898.58943534,59854.05386147,59875.25234065,188.563906
2025-01-02T21:31:00,59875.25234065,59936.57985213,59856.91737842,59918.23172878,100.637278
2025-01-02T21:32:00,59918.23172878,59941.93237962,59842.53674437,59866.21682072,127.332997
2025-01-02T21:33:00,59866.21682072,59943.01081446,59810.98056359,59887.75468516,64.207746
2025-01-02T21:34:00,59887.75468516,59979.24105709,59862.71891185,59954.17751605,115.915648
2025-01-02T21:35:00,59954.17751605,60004.72293118,59928.70364538,59979.23841242,63.335241
2025-01-02T21:36:00,59979.23841242,60072.94928201,59926.05313928,60019.72810552,107.480193
2025-01-02T21:37:00,60019.72810552,60057.59637975,60003.02957569,60040.89196177,118.110632
2025-01-02T21:38:00,60040.89196177,60080.66949931,59996.58250786,60036.35704098,63.372972
2025-01-02T21:39:00,60036.35704098,60074.75621812,60024.43919169,60062.83311305,323.425794
2025-01-02T21:40:00,60062.83311305,60072.33818309,59997.98478575,60007.48109621,249.238859
2025-01-02T21:41:00,60007.48109621,60044.96856704,59740.67682386,59778.02094788,183.535576
2025-01-02T21:42:00,59778.02094788,59817.65727989,59713.30102478,59752.92071386,41.862071
2025-01-02T21:43:00,59752.92071386,59779.34878645,59730.88502340,59757.31147676,144.392930
2025-01-02T21:44:00,59757.31147676,59773.22578586,59743.75543690,59759.66921114,46.723300
2025-01-02T21:45:00,59759.66921114,59777.31994907,59737.38972014,59755.03909051,105.045774
2025-01-02T21:46:00,59755.03909051,59816.81884962,59708.94412172,59770.71179093,82.273067
2025-01-02T21:47:00,59770.71179093,59794.74376484,59697.55213726,59721.56435049,135.191827
2025-01-02T21:48:00,59721.56435049,59763.31159294,59680.19973519,59721.94671280,60.995299
2025-01-02T21:49:00,59721.94671280,59751.50632655,59637.02686111,59666.55906052,110.849185
2025-01-02T21:50:00,59666.55906052,59776.03621845,59610.61602264,59720.04303429,245.234526
2025-01-02T21:51:00,59720.04303429,59798.86440874,59685.76398309,59764.55980511,122.374737
2025-01-02T21:52:00,59764.55980511,59799.00934615,59735.49258603,59769.93951059,72.157280
2025-01-02T21:53:00,59769.93951059,59860.02555940,59709.06739525,59799.12372168,123.714626
2025-01-02T21:54:00,59799.12372168,59816.30801472,59766.33514189,59783.51494949,118.304811
2025-01-02T21:55:00,59783.51494949,59814.11005052,59764.32579876,59794.91723992,58.057570
2025-01-02T21:56:00,59794.91723992,59821.30747721,59775.93884849,59802.32673407,85.282152
2025-01-02T21:57:00,59802.32673407,59819.61292802,59770.62075122,59787.90277584,49.671768
2025-01-02T21:58:00,59787.90277584,59802.01268447,59736.13248361,59750.23350232,73.390705
2025-01-02T21:59:00,59750.23350232,59791.64279119,59717.21594004,59758.62059426,104.970313
2025-01-02T22:00:00,59758.62059426,59797.83301485,59703.76110320,59742.96324975,105.359104
2025-01-02T22:01:00,59742.96324975,59757.90447945,59730.97974588,59745.92038243,58.433999
2025-01-02T22:02:00,59745.92038243,59833.96262027,59712.40757104,59800.41923926,98.802775
2025-01-02T22:03:00,59800.41923926,59823.91762867,59747.69938265,59771.18628506,126.419971
2025-01-02T22:04:00,59771.18628506,59907.65711822,59692.53735469,59828.93220383,76.023159
2025-01-02T22:05:00,59828.93220383,59877.80568494,59464.33016958,59512.94552527,378.734145
2025-01-02T22:06:00,59512.94552527,59560.88220449,59469.94531015,59517.87842518,93.772314
2025-01-02T22:07:00,59517.87842518,59530.95832415,59484.48170328,59497.55713636,179.032199
2025-01-02T22:08:00,59497.55713636,59512.86981780,59447.89339718,59463.19723553,79.764010
2025-01-02T22:09:00,59463.19723553,59487.34767139,59435.19491928,59459.34379010,69.112738
2025-01-02T22:10:00,59459.34379010,59522.83722819,59425.19531831,59488.67191278,98.893294
2025-01-02T22:11:00,59488.67191278,59548.92837045,59448.27547255,59508.51845320,101.852979
2025-01-02T22:12:00,59508.51845320,59533.10069798,59441.85887528,59466.42373125,161.673928
2025-01-02T22:13:00,59466.42373125,59509.12682932,59443.20326659,59485.89876005,269.277919
2025-01-02T22:14:00,59485.89876005,59504.82840454,59475.13708403,59494.06525112,24.320040
2025-01-02T22:15:00,59494.06525112,59549.75696591,59476.04939412,59531.72970345,94.133313
2025-01-02T22:16:00,59531.72970345,59583.78660551,59487.19280986,59539.24409025,100.497006
2025-01-02T22:17:00,59539.24409025,59565.69149252,59494.33265527,59520.77185215,131.809699
2025-01-02T22:18:00,59520.77185215,59548.31249746,59499.92297689,59527.46127904,70.561052
2025-01-02T22:19:00,59527.46127904,59546.94507264,59516.02339175,59535.50563966,94.839658
2025-01-02T22:20:00,59535.50563966,59602.96762307,59480.83111834,59548.28136913,71.577456
2025-01-02T22:21:00,59548.28136913,59563.80802122,59504.78277080,59520.30212756,90.414390
2025-01-02T22:22:00,59520.30212756,59532.51374555,59510.24738652,59522.45864021,90.449888
2025-01-02T22:23:00,59522.45864021,59584.63016906,59491.59820371,59553.75350720,59.788488
2025-01-02T22:24:00,59553.75350720,59576.58126904,59540.71717332,59563.54279228,69.754357
2025-01-02T22:25:00,59563.54279228,59632.07839838,59540.86223215,59609.38038425,214.731492
2025-01-02T22:26:00,59609.38038425,59650.90895049,59575.22674064,59616.75108378,67.854381
2025-01-02T22:27:00,59616.75108378,59684.44414391,59577.35507534,59645.02944852,135.703352
2025-01-02T22:28:00,59645.02944852,59654.40297492,59610.49517195,59619.86474358,255.211741
2025-01-02T22:29:00,59619.86474358,59638.33946870,59583.44200893,59601.91117068,78.144039
2025-01-02T22:30:00,59601.91117068,59618.45697717,59575.18220958,59591.72518838,55.671680
2025-01-02T22:31:00,59591.72518838,59706.38368170,59542.80780874,59657.41238105,73.453948
2025-01-02T22:32:00,59657.41238105,59669.01316887,59606.17095015,59617.76402807,80.375480
2025-01-02T22:33:00,59617.76402807,59661.51257669,59575.79634008,59619.54363595,80.276512
2025-01-02T22:34:00,59619.54363595,59667.55796670,59555.20526260,59603.20643626,52.907582
2025-01-02T22:35:00,59603.20643626,59634.23041866,59561.69962991,59592.71815307,46.955879
2025-01-02T22:36:00,59592.71815307,59649.46923666,59575.52424600,59632.26391970,118.629443
2025-01-02T22:37:00,59632.26391970,59711.15049008,59599.36106870,59678.22228097,107.020042
2025-01-02T22:38:00,59678.22228097,59729.45518477,59657.61709156,59708.83942413,57.002053
2025-01-02T22:39:00,59708.83942413,59744.16484142,59626.95252409,59662.25037800,63.958264
2025-01-02T22:40:00,59662.25037800,59713.25632694,59644.41668958,59695.41272594,30.518631
2025-01-02T22:41:00,59695.41272594,59732.43409627,59658.10030642,59695.12149614,90.449175
2025-01-02T22:42:00,59695.12149614,59715.81446652,59648.64685782,59669.33088803,41.748159
2025-01-02T22:43:00,59669.33088803,59688.74020016,59651.22366664,59670.63258376,47.614600
2025-01-02T22:44:00,59670.63258376,59720.42355881,59652.49438628,59702.27574270,127.832757
2025-01-02T22:45:00,59702.27574270,59738.02708668,59610.27199705,59645.98963538,163.247603
2025-01-02T22:46:00,59645.98963538,59672.14265621,59603.29797937,59629.44374531,161.342235
2025-01-02T22:47:00,59629.44374531,59650.76356871,59618.66360701,59639.98152532,114.105164
2025-01-02T22:48:00,59639.98152532,59651.45594955,59586.80639215,59598.27279183,201.127065
2025-01-02T22:49:00,59598.27279183,59621.75692859,59582.75505932,59606.23712239,74.321147
2025-01-02T22:50:00,59606.23712239,59652.58151787,59544.99444318,59591.32724610,84.971581
2025-01-02T22:51:00,59591.32724610,59632.65397608,59544.46881922,59585.79171029,133.071574
2025-01-02T22:52:00,59585.79171029,59613.77311973,59552.95185157,59580.93097842,127.198486
2025-01-02T22:53:00,59580.93097842,59637.51147820,59558.56776039,59615.13542181,88.731821
2025-01-02T22:54:00,59615.13542181,59666.74498395,59529.75455089,59581.33485145,55.925943
2025-01-02T22:55:00,59581.33485145,59615.62887523,59533.86988227,59568.15632072,79.818692
2025-01-02T22:56:00,59568.15632072,59603.75792188,59540.23302649,59575.83103004,99.173662
2025-01-02T22:57:00,59575.83103004,59585.62853041,59526.53141286,59536.32241587,192.659638
2025-01-02T22:58:00,59536.32241587,59560.77828584,59491.87595715,59516.32361216,66.764419
2025-01-02T22:59:00,59516.32361216,59540.26556649,59501.04558462,59524.98531546,44.164111
2025-01-02T23:00:00,59524.98531546,59535.09069030,59470.47446597,59480.57230094,103.399596
2025-01-02T23:01:00,59480.57230094,59532.45136182,59440.64610326,59492.51714619,101.020009
2025-01-02T23:02:00,59492.51714619,59533.64775418,59455.00571546,59496.13404291,142.681345
2025-01-02T23:03:00,59496.13404291,59518.07120024,59449.38461053,59471.31261581,102.295276
2025-01-02T23:04:00,59471.31261581,59518.44447560,59381.56729346,59428.66535468,119.431445
2025-01-02T23:05:00,59428.66535468,59477.35503968,59408.84080121,59457.52086043,93.574697
2025-01-02T23:06:00,59457.52086043,59471.63931536,59422.75240015,59436.86595048,76.742806
2025-01-02T23:07:00,59436.86595048,59496.17505632,59413.95604944,59473.25113063,114.125570
2025-01-02T23:08:00,59473.25113063,59482.37050858,59460.33826041,59469.45705660,51.859167
2025-01-02T23:09:00,59469.45705660,59496.15340489,59432.05852640,59458.75006823,69.354384
2025-01-02T23:10:00,59458.75006823,59507.12741824,59447.32343197,59495.69368225,113.596965
2025-01-02T23:11:00,59495.69368225,59527.15690358,59470.77927663,59502.23975673,48.966975
2025-01-02T23:12:00,59502.23975673,59511.58338815,59489.12428685,59498.46732589,52.836745
2025-01-02T23:13:00,59498.46732589,59534.01910405,59413.80896468,59449.33138291,181.670610
2025-01-02T23:14:00,59449.33138291,59519.59860852,59428.55633088,59498.80626708,68.832230
2025-01-02T23:15:00,59498.80626708,59524.12219728,59427.76895469,59453.06542278,132.803382
2025-01-02T23:16:00,59453.06542278,59493.36742197,59417.75707029,59458.05610558,65.101006
2025-01-02T23:17:00,59458.05610558,59560.97926033,59412.49811542,59515.37734944,122.992936
2025-01-02T23:18:00,59515.37734944,59543.43274269,59448.97776450,59477.01507387,46.772798
2025-01-02T23:19:00,59477.01507387,59487.02189596,59466.10126999,59476.10793946,91.218226
2025-01-02T23:20:00,59476.10793946,59513.07627039,59431.40639237,59468.36991361,53.813309
2025-01-02T23:21:00,59468.36991361,59511.42709009,59435.41317166,59478.46475367,55.334277
2025-01-02T23:22:00,59478.46475367,59518.39764418,59412.05029345,59451.96539271,130.583404
2025-01-02T23:23:00,59451.96539271,59492.06989102,59395.27487882,59435.36818116,82.566157
2025-01-02T23:24:00,59435.36818116,59492.93966127,59350.19631523,59407.74103457,65.421876
2025-01-02T23:25:00,59407.74103457,59426.27410390,59369.49612847,59388.02304649,47.827067
2025-01-02T23:26:00,59388.02304649,59416.67174694,59309.85800792,59338.48281022,150.070662
2025-01-02T23:27:00,59338.48281022,59356.28534678,59286.97130174,59304.76372201,110.105909
2025-01-02T23:28:00,59304.76372201,59324.76699752,59256.27879389,59276.27245940,123.331151
2025-01-02T23:29:00,59276.27245940,59351.43022135,59172.01934220,59247.14016665,191.259290
2025-01-02T23:30:00,59247.14016665,59267.23322046,59193.67566588,59213.75739827,91.199354
2025-01-02T23:31:00,59213.75739827,59306.44021243,59150.33406671,59242.98557483,161.667822
2025-01-02T23:32:00,59242.98557483,59263.20131863,59181.92933714,59202.13114001,45.996070
2025-01-02T23:33:00,59202.13114001,59284.51847367,59126.30072846,59208.67967428,73.512397
2025-01-02T23:34:00,59208.67967428,59226.35965868,59166.41534660,59184.08798781,64.933526
2025-01-02T23:35:00,59184.08798781,59202.32485732,59150.24114320,59168.47320120,110.627626
2025-01-02T23:36:00,59168.47320120,59189.44348740,59140.74729909,59161.71519014,82.268078
2025-01-02T23:37:00,59161.71519014,59173.16426086,59151.24499316,59162.69389067,45.372295
2025-01-02T23:38:00,59162.69389067,59192.49951091,59143.69008830,59173.49223997,110.539229
2025-01-02T23:39:00,59173.49223997,59222.23012069,59158.01524525,59206.74442877,81.636761
2025-01-02T23:40:00,59206.74442877,59224.52777760,59181.10446630,59198.88545462,46.946831
2025-01-02T23:41:00,59198.88545462,59220.24729362,59188.81887878,59210.17879739,29.856871
2025-01-02T23:42:00,59210.17879739,59282.45215955,58919.07935427,58991.08528564,256.973049
2025-01-02T23:43:00,58991.08528564,59006.12597381,58953.12819297,58968.16303676,145.772651
2025-01-02T23:44:00,58968.16303676,59023.59337776,58862.67868539,58918.06193113,177.074183
2025-01-02T23:45:00,58918.06193113,58989.05327804,58878.28671992,58949.25700724,201.657553
2025-01-02T23:46:00,58949.25700724,58964.74735521,58914.52120066,58930.00649010,60.759388
2025-01-02T23:47:00,58930.00649010,58981.12755174,58875.53396002,58926.65211178,56.301133
2025-01-02T23:48:00,58926.65211178,58975.06593079,58858.00428866,58906.40146985,89.049366
2025-01-02T23:49:00,58906.40146985,58953.94430072,58820.63899827,58868.15095749,75.991911
2025-01-02T23:50:00,58868.15095749,58912.15588014,58797.68206948,58841.66719507,75.629308
2025-01-02T23:51:00,58841.66719507,58943.15077876,58763.56844453,58865.02103138,50.893036
2025-01-02T23:52:00,58865.02103138,58902.20791181,58816.92718740,58854.10717321,86.567262
2025-01-02T23:53:00,58854.10717321,58892.82653804,58807.96199120,58846.67646746,49.975045
2025-01-02T23:54:00,58846.67646746,58866.01397272,58806.76038761,58826.09112835,120.920326
2025-01-02T23:55:00,58826.09112835,58855.53273229,58803.61103335,58833.04997800,127.391853
2025-01-02T23:56:00,58833.04997800,58885.85667269,58753.57492973,58806.35766624,107.373362
2025-01-02T23:57:00,58806.35766624,58882.50765209,58778.95371963,58855.08100025,155.533454
2025-01-02T23:58:00,58855.08100025,58880.51906770,58822.02991632,58847.46469188,54.674092
2025-01-02T23:59:00,58847.46469188,58883.49200723,58820.74721083,58856.77030132,63.421613
2025-01-03T00:00:00,58856.77030132,58949.73770585,58834.94551296,58927.88654675,147.197846
2025-01-03T00:01:00,58927.88654675,59018.61747259,58896.90001942,58987.59954588,121.712043
2025-01-03T00:02:00,58987.59954588,59038.77222814,58967.59963933,59018.76175596,75.448971
2025-01-03T00:03:00,59018.76175596,59049.09547656,58973.68162549,59004.00776302,38.328926
2025-01-03T00:04:00,59004.00776302,59089.43991954,58946.79907876,59032.20389708,87.634737
2025-01-03T00:05:00,59032.20389708,59055.02507135,58955.30943467,58978.10969674,158.166296
2025-01-03T00:06:00,58978.10969674,59053.42817545,58946.96474202,59022.25990604,120.983378
2025-01-03T00:07:00,59022.25990604,59046.16562638,58918.13986431,58942.01308237,92.482259
2025-01-03T00:08:00,58942.01308237,58974.61067690,58875.33321649,58907.91195155,162.254840
2025-01-03T00:09:00,58907.91195155,58987.41297677,58795.98691793,58875.44412517,252.192851
2025-01-03T00:10:00,58875.44412517,58963.67230107,58836.31436073,58924.50992654,86.749093
2025-01-03T00:11:00,58924.50992654,59005.13472155,58867.73471113,58948.33654860,207.649289
2025-01-03T00:12:00,58948.33654860,58972.77491496,58918.95659569,58943.39291255,42.476538
2025-01-03T00:13:00,58943.39291255,58985.50249287,58906.52383944,58948.63014387,26.994106
2025-01-03T00:14:00,58948.63014387,58977.02747023,58929.48061574,58957.87493892,78.081060
2025-01-03T00:15:00,58957.87493892,58990.64802838,58941.72013490,58974.48867210,62.354638
2025-01-03T00:16:00,58974.48867210,59076.51389538,58921.91276473,59023.89394310,117.761756
2025-01-03T00:17:00,59023.89394310,59044.97087852,59008.80728474,59029.88268943,53.684689
2025-01-03T00:18:00,59029.88268943,59050.57886222,59020.90380426,59041.59819504,73.642305
2025-01-03T00:19:00,59041.59819504,59059.91728297,59030.94721447,59049.26491934,129.623756
2025-01-03T00:20:00,59049.26491934,59119.76974567,59021.50007357,59091.98481309,55.189641
2025-01-03T00:21:00,59091.98481309,59124.89859337,59067.78098887,59100.69120304,58.704863
2025-01-03T00:22:00,59100.69120304,59174.78854724,59029.54898435,59103.64277561,174.201973
2025-01-03T00:23:00,59103.64277561,59157.34803112,59040.57644498,59094.27318671,78.610051
2025-01-03T00:24:00,59094.27318671,59127.60757932,59047.74270217,59081.06964681,50.734670
2025-01-03T00:25:00,59081.06964681,59093.48424984,59070.92739958,59083.34161259,138.866426
2025-01-03T00:26:00,59083.34161259,59549.45978843,59016.62053558,59482.28819280,404.089169
2025-01-03T00:27:00,59482.28819280,59545.76971872,59468.46562954,59531.93561834,104.068168
2025-01-03T00:28:00,59531.93561834,59591.10117333,59519.91041899,59579.06645375,91.898737
2025-01-03T00:29:00,59579.06645375,59668.03343228,59543.12578138,59632.06079143,84.881579
2025-01-03T00:30:00,59632.06079143,59686.20052815,59592.47679511,59646.60687607,248.006686
2025-01-03T00:31:00,59646.60687607,59680.10401382,59565.77953657,59599.25007906,111.025785
2025-01-03T00:32:00,59599.25007906,59660.03199303,59546.45535084,59607.23019580,77.828758
2025-01-03T00:33:00,59607.23019580,59666.95441152,59573.19868922,59632.90824459,100.277068
2025-01-03T00:34:00,59632.90824459,59670.48574612,59550.37448241,59587.92363703,114.672252
2025-01-03T00:35:00,59587.92363703,59601.53808332,59528.15817741,59541.76207686,115.952742
2025-01-03T00:36:00,59541.76207686,59586.05814323,59461.32421073,59505.59336941,90.904966
2025-01-03T00:37:00,59505.59336941,59566.41372446,59468.42619045,59529.23178095,120.737415
2025-01-03T00:38:00,59529.23178095,59595.21414112,59490.27833200,59556.24301715,124.446470
2025-01-03T00:39:00,59556.24301715,59661.92968685,59540.64416751,59646.30724777,239.424252
2025-01-03T00:40:00,59646.30724777,59671.27079896,59629.52852823,59654.48977764,61.500125
2025-01-03T00:41:00,59654.48977764,59706.33482453,59637.81733181,59689.65255128,159.126373
2025-01-03T00:42:00,59689.65255128,59733.24785350,59663.89778066,59707.48538840,105.320938
2025-01-03T00:43:00,59707.48538840,59760.56951740,59625.43847417,59678.49683031,60.039888
2025-01-03T00:44:00,59678.49683031,59721.55102466,59570.38127020,59613.38849307,93.452536
2025-01-03T00:45:00,59613.38849307,59658.33710504,59596.15590082,59641.09650317,74.346338
2025-01-03T00:46:00,59641.09650317,59742.81299183,59592.85155163,59694.52482098,146.016124
2025-01-03T00:47:00,59694.52482098,59780.88321641,59649.52604538,59735.85328669,75.992506
2025-01-03T00:48:00,59735.85328669,59779.31209635,59707.06375402,59750.51549727,43.565633
2025-01-03T00:49:00,59750.51549727,59764.34233569,59735.14035492,59748.96683496,38.837658
2025-01-03T00:50:00,59748.96683496,59846.11498850,59714.58351700,59811.69557247,233.443953
2025-01-03T00:51:00,59811.69557247,59838.76636876,59788.91246308,59815.98162675,68.551345
2025-01-03T00:52:00,59815.98162675,59875.70039709,59778.20412013,59837.90904195,192.598756
2025-01-03T00:53:00,59837.90904195,59861.44900615,59828.57230731,59852.11005566,36.116379
2025-01-03T00:54:00,59852.11005566,59880.19936254,59819.00977220,59847.09672626,64.283667
2025-01-03T00:55:00,59847.09672626,59948.68331540,59814.00745650,59915.55619462,105.704016
2025-01-03T00:56:00,59915.55619462,59962.02316495,59897.69312354,59944.15156853,43.919801
2025-01-03T00:57:00,59944.15156853,60003.59810181,59929.43266511,59988.86821850,139.078482
2025-01-03T00:58:00,59988.86821850,60013.15039506,59969.89652758,59994.17702521,91.111076
2025-01-03T00:59:00,59994.17702521,60069.97861229,59942.34782499,60018.12872011,94.081744
2025-01-03T01:00:00,60018.12872011,60041.59831660,60007.05210633,60030.51941606,124.871642
2025-01-03T01:01:00,60030.51941606,60114.31922274,59916.81957847,60000.57758776,94.714544
2025-01-03T01:02:00,60000.57758776,60018.47359493,59955.49999470,59973.38789217,120.133593
2025-01-03T01:03:00,59973.38789217,59994.58772532,59918.41655134,59939.60444248,147.033128
2025-01-03T01:04:00,59939.60444248,59955.94105621,59908.36887248,59924.70142438,62.263565
2025-01-03T01:05:00,59924.70142438,60002.16419108,59903.88522759,59981.32832366,69.142143
2025-01-03T01:06:00,59981.32832366,60056.00869854,59926.98550173,60001.64746756,54.231246
2025-01-03T01:07:00,60001.64746756,60047.06912149,59985.72865552,60031.14248424,103.695711
2025-01-03T01:08:00,60031.14248424,60082.39433227,59995.02890740,60046.27165402,109.646958
2025-01-03T01:09:00,60046.27165402,60063.47898477,59961.71290898,59978.90093346,177.446873
2025-01-03T01:10:00,59978.90093346,59992.93204721,59931.83033301,59945.85371589,99.679145
2025-01-03T01:11:00,59945.85371589,59962.28826377,59909.89119155,59926.32038424,84.558748
2025-01-03T01:12:00,59926.32038424,59968.21436043,59912.67860895,59954.56615520,179.702167
2025-01-03T01:13:00,59954.56615520,59971.57021062,59922.65448144,59939.65430762,63.456955
2025-01-03T01:14:00,59939.65430762,59955.91955321,59898.47262995,59914.73111236,66.894016
2025-01-03T01:15:00,59914.73111236,59943.78837651,59866.86462958,59895.91276727,63.209532
2025-01-03T01:16:00,59895.91276727,59956.47696870,59855.36182637,59915.91248753,48.792552
2025-01-03T01:17:00,59915.91248753,59974.13643886,59887.75672632,59945.96655461,159.252196
2025-01-03T01:18:00,59945.96655461,59987.52297914,59848.51388029,59890.03152891,67.013951
2025-01-03T01:19:00,59890.03152891,59959.48835693,59798.67778306,59868.10918688,112.538241
2025-01-03T01:20:00,59868.10918688,59931.60555480,59810.78800418,59874.27846527,85.324553
2025-01-03T01:21:00,59874.27846527,59884.63683898,59864.44513634,59874.80342384,40.697398
2025-01-03T01:22:00,59874.80342384,59926.90060158,59799.91007922,59851.98740470,55.291427
2025-01-03T01:23:00,59851.98740470,59943.77589629,59788.45831623,59880.21684406,62.659479
2025-01-03T01:24:00,59880.21684406,59905.64774189,59850.79510219,59876.22430440,85.312548
2025-01-03T01:25:00,59876.22430440,59912.41284190,59809.58814253,59845.75826669,91.498252
2025-01-03T01:26:00,59845.75826669,59903.44948889,59770.05723606,59827.73108007,145.711196
2025-01-03T01:27:00,59827.73108007,59870.65251802,59773.43831981,59816.35159392,94.543435
2025-01-03T01:28:00,59816.35159392,59859.73792679,59805.77442272,59849.15495506,135.925871
2025-01-03T01:29:00,59849.15495506,59889.05542283,59839.71769988,59879.61336485,156.396431
2025-01-03T01:30:00,59879.61336485,59890.25710971,59818.02724123,59828.66192935,53.729200
2025-01-03T01:31:00,59828.66192935,59878.94684179,59727.99609748,59778.23863004,197.646102
2025-01-03T01:32:00,59778.23863004,59823.99391018,59680.63127874,59726.34684001,71.853099
2025-01-03T01:33:00,59726.34684001,59761.98481244,59691.98118928,59727.61843005,44.238572
2025-01-03T01:34:00,59727.61843005,59750.90365701,59714.71136580,59737.99435053,86.224043
2025-01-03T01:35:00,59737.99435053,59767.78229629,59687.79584561,59717.57360870,40.057909
2025-01-03T01:36:00,59717.57360870,59755.83388285,59671.64425847,59709.89961600,89.731765
2025-01-03T01:37:00,59709.89961600,59721.58308917,59672.56490330,59684.24335630,119.932120
2025-01-03T01:38:00,59684.24335630,59726.80336562,59631.19324755,59673.74577119,67.162183
2025-01-03T01:39:00,59673.74577119,59721.37220947,59664.26208620,59711.88246358,138.608597
2025-01-03T01:40:00,59711.88246358,59737.08905784,59675.82976213,59701.03177591,53.414568
2025-01-03T01:41:00,59701.03177591,59766.18835445,59633.62405240,59698.77817140,35.590758
2025-01-03T01:42:00,59698.77817140,59720.98440246,59681.28844197,59703.49329166,25.288305
2025-01-03T01:43:00,59703.49329166,59779.32760016,59676.31374650,59752.12591537,91.354002
2025-01-03T01:44:00,59752.12591537,59763.28136039,59738.81250055,59749.96754261,98.951427
2025-01-03T01:45:00,59749.96754261,59760.21544982,59715.26163900,59725.50535063,79.603798
2025-01-03T01:46:00,59725.50535063,59829.34526478,59671.11545189,59774.91037464,202.216227
2025-01-03T01:47:00,59774.91037464,59874.20510962,59678.53005907,59777.82010244,136.481506
2025-01-03T01:48:00,59777.82010244,59868.37369863,59728.03698998,59818.55666067,123.035238
2025-01-03T01:49:00,59818.55666067,59834.89816343,59784.55935112,59800.89602926,130.663510
2025-01-03T01:50:00,59800.89602926,59857.73434297,59711.70819920,59768.51573676,135.088871
2025-01-03T01:51:00,59768.51573676,59800.72348446,59709.03114568,59741.22418666,86.201364
2025-01-03T01:52:00,59741.22418666,59953.41384632,59726.80169284,59938.94361985,103.451806
2025-01-03T01:53:00,59938.94361985,59969.92359894,59929.29651103,59960.27305718,41.466327
2025-01-03T01:54:00,59960.27305718,59993.59927054,59889.25603716,59922.56129013,194.066341
2025-01-03T01:55:00,59922.56129013,59986.30685020,59889.33343013,59953.06207710,51.309390
2025-01-03T01:56:00,59953.06207710,59982.02549943,59937.07033974,59966.03030296,70.393104
2025-01-03T01:57:00,59966.03030296,60004.03186608,59907.41956899,59945.40806342,168.169691
2025-01-03T01:58:00,59945.40806342,59970.39182665,59834.27971213,59859.22755745,182.009177
2025-01-03T01:59:00,59859.22755745,59872.55639281,59794.50115935,59807.81854747,104.918496
